1	0.95210373	0
0	0.003095224	1
1	0.45921242	1
1	0.9899332	1
0	0.4257892	1
1	0.9895131	1
1	0.9684797	1
1	0.96314746	0
0	0.002927054	0
0	0.006523769	1
0	0.006511836	1
1	0.9641622	1
1	0.9921135	0
1	0.87829006	1
1	0.88917935	0
0	0.106191866	0
1	0.7603624	1
1	0.6008401	0
1	0.9556935	0
1	0.8678862	0
1	0.45794255	0
0	0.006087433	0
0	0.6801569	0
0	0.3050159	0
0	0.001897925	1
0	0.015159469	1
0	0.003208968	0
1	0.7366003	0
0	0.41686696	1
0	0.020153407	1
0	0.012540042	1
1	0.9810158	0
0	0.01819326	1
1	0.7619277	1
1	0.5937726	1
0	0.021286726	1
0	0.0468718	0
0	0.04129268	1
0	0.09617342	0
1	0.49999726	1
1	0.87017417	1
0	0.52542174	0
1	0.97086066	0
0	0.0038513	1
1	0.88837564	1
0	0.11074568	0
0	0.007926557	0
0	0.122046135	1
0	0.000611246	0
0	0.19124393	1
0	0.024079632	0
1	0.98668903	1
1	0.984901	1
1	0.9780652	1
1	0.9890192	1
1	0.8706719	1
1	0.84829056	1
0	0.000522342	1
0	0.037979275	0
0	0.1955931	0
0	0.001823036	0
0	0.000749102	0
0	0.0837237	0
1	0.9102419	1
0	0.59576404	1
1	0.94649166	0
0	0.002717026	1
0	0.031211989	1
1	0.3731599	1
1	0.9386502	0
1	0.6463522	1
1	0.95246536	0
1	0.9033057	0
1	0.99427867	0
0	0.007938362	1
0	0.75493604	0
1	0.81950414	1
0	0.002331377	1
0	0.014886688	0
0	0.003052617	1
1	0.78835565	1
0	0.003773873	0
0	0.002881191	0
1	0.9426178	1
0	0.002592868	0
0	0.9837843	0
0	0.014823305	1
1	0.96201885	1
0	0.29392025	1
1	0.9098303	1
1	0.925358	1
0	0.003823873	1
0	0.002869008	1
0	0.6131708	1
1	0.76169676	1
1	0.98440117	1
0	0.002007634	0
0	0.38265544	1
0	0.5810488	1
0	0.20244943	1
1	0.8329374	1
1	0.67082447	1
0	0.008421949	0
0	0.66529673	0
1	0.6426538	0
0	0.059486564	1
0	0.17550161	1
1	0.9537743	0
1	0.8230886	1
1	0.74212354	0
0	0.2149181	0
0	0.07946817	0
1	0.9572425	0
1	0.4848147	1
1	0.93801886	1
1	0.9856242	1
1	0.80454886	0
0	0.49574393	0
0	0.23427483	0
1	0.98289067	0
1	0.912951	1
0	0.03756847	0
0	0.015038624	0
1	0.82745117	1
1	0.8505218	1
0	0.09826835	0
0	0.006849309	0
1	0.70504475	1
1	0.9617795	1
0	0.036393132	1
1	0.7313617	1
0	0.018750137	1
1	0.8811905	0
0	0.010416947	1
1	0.5862716	1
0	0.14627182	1
1	0.98585725	1
0	0.003126645	0
0	0.060403123	1
0	0.003405395	0
0	0.7921755	1
1	0.67651933	0
0	0.052248128	1
1	0.45472082	0
0	0.22536604	1
1	0.063502975	0
1	0.3351407	0
0	0.12139059	1
1	0.5802097	1
1	0.7329809	0
0	0.006953242	1
1	0.5050972	0
0	0.004708869	1
0	0.08194545	1
0	0.004497189	1
1	0.68053305	0
0	0.019307783	0
0	0.00800569	1
1	0.4695859	0
1	0.5229806	0
0	0.003462168	1
0	0.07018333	0
0	0.07070372	1
0	0.67534274	1
1	0.76306385	0
1	0.90946317	0
1	0.4536853	1
0	0.002914175	0
0	0.59108156	0
0	0.18503568	1
1	0.95416504	1
1	0.1248015	1
0	0.005843641	1
1	0.94453937	0
0	0.010411079	1
0	0.020688199	0
1	0.97250754	1
1	0.93400955	0
0	0.013785929	0
0	0.003590212	1
1	0.975664	0
0	0.40597463	1
1	0.9474323	0
0	0.001490428	1
1	0.8439273	0
0	0.531486	1
1	0.4989363	1
0	0.6911139	0
1	0.73595554	0
0	0.32647932	1
1	0.88323784	1
0	0.033605654	1
1	0.99353033	1
0	0.012276027	0
1	0.72096366	0
1	0.9784734	0
0	0.0086211	0
0	0.008034522	1
1	0.73540175	0
0	0.22291431	0
1	0.9897628	1
1	0.9780222	1
0	0.005023886	0
0	0.00245642	1
1	0.744017	1
0	0.050212134	0
0	0.005020643	0
0	0.46518415	0
0	0.008073573	1
0	0.002365192	0
1	0.97002697	0
1	0.90460855	1
0	0.5489643	0
1	0.64571863	0
0	0.19490477	1
0	0.25557947	0
0	0.004065662	1
0	0.002256902	1
1	0.66257995	0
1	0.6893645	1
1	0.8430255	1
1	0.60459936	0
1	0.94061166	1
0	0.54803807	1
0	0.3128245	0
0	0.005014858	1
0	0.057331815	0
0	0.094192855	0
1	0.8928273	1
0	0.009626858	0
1	0.9843168	0
1	0.48694527	1
1	0.2072661	1
1	0.28343007	0
0	0.3049049	0
1	0.9266308	0
1	0.5858019	1
0	0.074156284	0
1	0.99117494	0
1	0.9942849	0
0	0.9816451	1
1	0.8136112	0
0	0.17409118	1
0	0.014570449	1
1	0.9486771	1
1	0.92413926	0
1	0.84158367	1
0	0.43045256	0
0	0.4015807	1
1	0.9341268	1
0	0.021933267	1
1	0.88284826	0
0	0.03942549	0
0	0.6279015	0
1	0.95920223	0
0	0.13143913	1
1	0.97991	1
0	0.007361187	1
0	0.012105191	1
1	0.5681609	0
0	0.06830424	1
0	0.002065706	1
0	0.010363745	0
0	0.19405624	0
1	0.86152023	1
0	0.012089031	0
0	0.051363874	1
0	0.006330749	0
0	0.059601746	0
0	0.066507764	1
0	0.009848424	0
0	0.029478986	0
1	0.7900352	0
1	0.14827813	0
1	0.96389073	0
0	0.003212904	1
0	0.017704394	1
1	0.9393939	0
1	0.77456295	0
1	0.65570825	1
1	0.8376283	1
1	0.9207258	0
1	0.46005964	0
0	0.19270903	1
0	0.005878875	0
0	0.10073586	0
1	0.78200483	1
0	0.003741858	1
0	0.009371173	0
1	0.8853365	0
0	0.003370541	0
0	0.005116787	0
0	0.010665233	1
1	0.7372851	0
1	0.9700145	0
1	0.84260243	0
0	0.15417531	0
0	0.0005784	1
0	0.07008409	0
1	0.08319725	0
0	0.6224382	0
0	0.041301817	0
0	0.51315784	1
0	0.028754037	0
0	0.001193077	1
1	0.7190991	0
0	0.013723733	1
0	0.000590922	0
0	0.002775594	0
1	0.96874666	0
0	0.7069153	1
0	0.16639915	1
0	0.9855225	0
0	0.002598805	0
0	0.006620097	1
0	0.007254775	0
1	0.3868644	1
1	0.9915319	0
1	0.829864	1
1	0.9596645	1
1	0.9755249	0
1	0.98670435	0
0	0.008560402	1
1	0.9521077	0
1	0.94722444	0
0	0.021001086	0
0	0.003799541	0
1	0.9792259	0
0	0.009205077	0
0	0.003732304	1
0	0.008102705	0
1	0.99256235	1
1	0.83743334	0
0	0.23615173	0
1	0.7237203	0
0	0.005666653	0
1	0.78231996	0
0	0.037740625	1
0	0.049972635	1
0	0.13260132	0
0	0.058445644	1
1	0.4368367	1
1	0.9980782	0
1	0.94348764	0
0	0.022357577	1
0	0.001786354	0
1	0.56666386	0
0	0.6558397	1
0	0.002321977	0
1	0.803663	1
0	0.014871506	1
0	0.90698117	0
1	0.8220782	0
0	0.00844296	1
1	0.74125075	1
0	0.002234948	1
0	0.002449958	1
1	0.98687416	0
0	0.004448118	0
0	0.003488279	1
1	0.70234853	0
0	0.95310676	0
1	0.8930579	0
0	0.06347489	1
1	0.65637416	1
1	0.9877829	0
1	0.6292888	0
0	0.051420696	1
0	0.87958175	0
0	0.007379729	0
0	0.002479738	0
1	0.9186937	0
1	0.06604416	0
0	0.006728842	0
0	0.13348143	1
0	0.0144915	1
0	0.003326194	1
1	0.9306141	1
0	0.005432098	0
0	0.004533815	1
0	0.5019712	0
1	0.9764935	0
0	0.37591916	0
0	0.012866528	0
1	0.9575394	0
0	0.028763637	0
0	0.04458636	0
0	0.17290665	0
0	0.012209519	1
0	0.024919838	0
0	0.08064125	1
0	0.00510006	0
1	0.7499569	0
0	0.16504295	1
1	0.20377654	0
1	0.5730087	1
0	0.018826537	0
0	0.001246539	0
1	0.84413743	1
0	0.000720665	0
0	0.018141992	0
0	0.43942803	1
1	0.75984854	1
1	0.8947922	1
0	0.39561424	1
0	0.003664149	1
1	0.68212676	1
1	0.99213445	0
1	0.57309043	0
0	0.26565018	1
1	0.7455868	0
0	0.19040504	0
0	0.26060998	0
1	0.893928	1
0	0.22719622	0
1	0.8537608	1
1	0.96520907	1
1	0.78705215	0
0	0.003510406	0
0	0.04142171	1
0	0.375334	0
1	0.992288	0
1	0.6181315	1
0	0.5824895	1
1	0.98180676	1
0	0.6481382	0
1	0.9517927	0
0	0.03442619	1
1	0.99010277	0
0	0.013073011	1
0	0.55242306	1
1	0.38384536	0
0	0.11264444	1
0	0.018701289	1
1	0.9800946	0
1	0.9787597	0
1	0.7475088	1
1	0.9030348	1
0	0.004092193	0
1	0.9171523	1
0	0.040220138	0
0	0.08225031	0
0	0.021720722	1
0	0.003856717	1
0	0.12883875	1
0	0.3188744	1
0	0.006886056	1
1	0.65257937	0
0	0.037370075	1
0	0.14116327	1
0	0.22473614	0
1	0.64080894	0
0	0.000786055	1
0	0.06786491	0
1	0.908526	1
0	0.006954183	0
1	0.8720806	1
0	0.005196524	1
0	0.06765925	1
1	0.99089956	0
0	0.6141667	1
0	0.00095387	1
0	0.044882424	1
1	0.9932173	1
0	0.06856811	1
0	0.000573133	1
1	0.135239	0
0	0.55629313	1
0	0.32476687	0
1	0.95026815	0
0	0.06533816	1
0	0.54455173	0
0	0.026055673	0
0	0.006309295	1
0	0.028674854	0
1	0.3000693	0
1	0.7467703	0
1	0.9535937	1
0	0.001403671	1
1	0.97768414	0
0	0.13732249	0
1	0.6720528	0
0	0.004505238	1
1	0.9909864	1
0	0.084712	0
0	0.001050172	1
0	0.040645577	1
0	0.004888752	1
1	0.24147458	0
1	0.9220293	1
1	0.803573	1
0	0.66574603	0
0	0.007923441	0
0	0.0620348	0
1	0.9772799	0
0	0.000624379	0
0	0.001067078	1
1	0.95036846	0
0	0.26648244	1
0	0.01614101	1
0	0.001942936	1
0	0.37290272	0
1	0.9903335	0
0	0.001144609	1
1	0.6312996	0
1	0.94891703	0
0	0.015790414	1
0	0.000962191	0
0	0.002252059	1
0	0.023915084	1
1	0.51253563	1
1	0.9737916	0
0	0.066863894	0
1	0.9984397	0
0	0.00399136	1
1	0.9154253	0
0	0.055050492	0
0	0.41129357	1
0	0.002620957	1
0	0.019061217	0
1	0.41786933	0
1	0.90997565	1
0	0.17284344	1
0	0.008273589	0
1	0.10791818	0
0	0.18971252	0
1	0.6454365	0
1	0.98721564	1
0	0.02322426	1
1	0.91614413	1
0	0.001736225	1
1	0.9757927	0
1	0.9148842	0
1	0.70097774	1
1	0.7800611	1
0	0.28061074	1
0	0.008942489	0
0	0.002127587	1
0	0.033815514	1
0	0.8408881	1
0	0.013807857	1
1	0.9513643	1
0	0.004197302	1
1	0.7552856	1
0	0.004748164	0
1	0.80817264	1
1	0.92957467	1
0	0.1415351	0
1	0.9921489	0
0	0.41715178	1
1	0.8681829	1
0	0.122341014	0
0	0.31491387	0
1	0.790385	0
0	0.10969941	1
1	0.76798517	0
1	0.7658557	0
0	0.037108764	0
0	0.005943872	1
1	0.6471951	0
0	0.001406873	1
1	0.7909664	0
1	0.83433396	0
1	0.74683976	1
0	0.001475768	1
0	0.001652802	1
0	0.5854933	1
0	0.02660785	0
0	0.009410807	0
0	0.5205107	1
1	0.8692104	1
0	0.003721958	0
1	0.9721308	1
1	0.37072316	1
0	0.001942552	1
0	0.18486369	1
0	0.003759539	1
0	0.00061149	0
0	0.005848974	1
1	0.937359	1
1	0.73467714	1
0	0.62805986	0
0	0.002263451	0
1	0.8772671	0
0	0.003520945	1
1	0.80173224	1
1	0.83187866	0
0	0.6493073	0
0	0.10826972	1
0	0.001614116	1
0	0.010266577	1
0	0.004440502	0
1	0.86363834	0
1	0.9112405	0
0	0.27489573	1
1	0.73610955	1
0	0.5680998	1
1	0.9695007	1
0	0.050742436	0
1	0.72524554	0
0	0.60279775	1
1	0.5313832	0
0	0.022943744	1
0	0.004708297	1
0	0.08781235	0
0	0.17548166	1
0	0.5082305	1
1	0.50346506	1
0	0.02563447	1
0	0.73642135	0
0	0.032887377	0
1	0.5357031	0
0	0.00836658	0
1	0.8953621	1
1	0.97034305	0
0	0.000904835	1
1	0.9831003	1
1	0.80662984	1
0	0.5271065	1
1	0.5479626	1
0	0.36520705	1
0	0.002433561	1
0	0.009052531	1
0	0.000911295	0
0	0.3239346	1
0	0.091176055	1
1	0.9737741	0
0	0.025659723	1
0	0.024735259	1
0	0.00561175	0
0	0.14831467	1
0	0.00226882	1
0	0.007045951	0
0	0.05730241	1
0	0.10880149	0
1	0.97130394	0
1	0.7766329	0
1	0.922051	1
0	0.08087994	1
0	0.013681857	1
1	0.91077614	0
0	0.335506	1
1	0.83329463	0
0	0.008597775	1
0	0.040796828	0
1	0.6607267	1
0	0.004416696	0
0	0.0031335	0
0	0.013661847	0
0	0.019404164	0
1	0.9186845	1
0	0.100232944	1
1	0.90018016	1
1	0.8732799	1
0	0.14678428	1
1	0.962869	1
0	0.03748518	1
1	0.9817661	0
0	0.003301801	0
1	0.65594494	1
0	0.37328035	1
1	0.8839094	1
1	0.8567859	0
0	0.072224244	1
0	0.50161564	0
0	0.005706686	1
0	0.15132222	1
1	0.88678235	0
0	0.002059419	1
1	0.23906814	0
0	0.006640801	0
1	0.5655964	0
0	0.21022788	1
0	0.5799885	0
0	0.03748111	0
1	0.5261022	0
1	0.738985	0
1	0.73208237	0
0	0.000568106	1
1	0.993328	1
0	0.04948403	0
0	0.00421902	1
1	0.9906844	1
1	0.6760725	1
0	0.27282658	1
1	0.96901244	1
0	0.03007695	0
0	0.0774789	0
0	0.003408907	1
1	0.68323684	1
1	0.44766417	0
0	0.39493534	1
0	0.07932522	1
1	0.9850515	1
1	0.9149239	0
1	0.9946126	0
1	0.40580916	1
1	0.9046235	0
1	0.95532864	0
0	0.3586963	1
0	0.27197143	1
0	0.17171754	1
0	0.001142654	0
1	0.97624457	0
0	0.00717729	0
0	0.000669721	1
0	0.01129974	1
0	0.007515036	1
0	0.2392361	0
0	0.003276752	0
0	0.043068048	1
0	0.31733912	1
0	0.006070145	0
0	0.3776553	0
0	0.020437926	1
0	0.025578942	1
0	0.00920162	0
0	0.004266992	1
1	0.90971947	1
0	0.67814887	1
0	0.033362743	1
1	0.78145945	1
0	0.52413714	1
0	0.00145555	1
0	0.008613756	1
0	0.002453458	0
0	0.014546943	0
0	0.001366643	1
0	0.037593693	0
0	0.013319814	1
1	0.55876297	0
0	0.4623562	1
0	0.002005372	0
0	0.024457868	1
0	0.002921266	0
1	0.90414697	1
1	0.72395116	1
0	0.64224523	1
0	0.002437007	1
0	0.3895229	1
1	0.7407541	1
0	0.014168702	1
0	0.015504107	0
0	0.007188528	1
0	0.3996351	0
0	0.005551675	1
0	0.499946	1
1	0.67839915	0
1	0.78154737	0
0	0.003546289	0
0	0.013216372	0
0	0.5663144	0
1	0.6981398	1
0	0.001575265	1
0	0.022128819	0
1	0.91886944	0
0	0.009161304	1
1	0.996855	1
1	0.8421798	0
1	0.7268982	1
1	0.60104233	0
0	0.34604618	0
1	0.55686164	0
0	0.006779094	1
0	0.07578245	0
0	0.006135492	1
1	0.21552874	0
1	0.83365023	0
0	0.4328456	1
0	0.000586866	1
0	0.45471343	1
0	0.010075385	0
1	0.84775144	1
0	0.46657962	1
0	0.001792862	0
0	0.022384765	1
0	0.085240096	0
0	0.6887117	0
0	0.000548998	0
0	0.00633302	0
0	0.005214926	1
1	0.6807774	1
1	0.9295447	0
0	0.002138636	0
0	0.003400223	0
0	0.001659449	1
1	0.052043	0
1	0.7051802	0
0	0.005768261	1
0	0.000537565	1
1	0.83916736	0
0	0.05163386	0
1	0.9882675	1
1	0.29415488	1
0	0.001724943	0
0	0.5335239	1
0	0.014269796	1
1	0.7049486	0
0	0.004807551	0
1	0.81992793	0
1	0.11978213	0
1	0.9679566	1
1	0.96388274	1
1	0.9601398	1
0	0.005837193	0
0	0.62155116	1
0	0.005060942	1
0	0.004046528	0
1	0.96710145	0
0	0.008548755	1
1	0.49296743	0
1	0.9514387	0
0	0.28771386	1
1	0.8484737	1
0	0.2758806	1
0	0.05868664	1
0	0.000999354	1
1	0.9910086	0
0	0.066147976	1
1	0.4028427	0
0	0.002318122	0
1	0.8905002	1
0	0.00829743	0
0	0.006554027	0
1	0.8576439	0
0	0.02182883	1
0	0.001876495	1
0	0.14299136	1
0	0.00292325	0
1	0.3058012	0
1	0.7862308	1
1	0.47537565	0
0	0.002331122	0
0	0.60924995	1
1	0.993772	0
1	0.73029727	1
1	0.9880328	0
1	0.99721235	0
1	0.9368901	1
1	0.78634876	1
1	0.7367109	0
0	0.22091593	1
1	0.91200405	0
0	0.020882607	0
0	0.632059	1
0	0.021746492	0
0	0.493003	1
0	0.098265335	1
0	0.0307909	1
0	0.48758662	0
1	0.77049726	1
0	0.02927821	1
1	0.94427055	1
1	0.9103841	1
0	0.059052076	0
0	0.02722354	1
0	0.14341961	1
0	0.007977214	0
1	0.8878595	0
1	0.7381292	1
0	0.004232299	0
1	0.9627286	0
0	0.12936012	1
0	0.004807206	1
1	0.878221	0
1	0.9423901	1
0	0.001383168	0
0	0.005301963	0
1	0.9862753	0
0	0.47311452	1
0	0.013655949	1
1	0.9546058	1
1	0.9911383	0
0	0.02605922	0
1	0.98341596	0
0	0.009674241	0
1	0.7419371	0
0	0.2179625	1
0	0.32560927	0
0	0.002361259	0
1	0.98174334	0
1	0.9376954	0
1	0.94862765	1
0	0.22770266	1
0	0.010514308	1
0	0.33802587	1
1	0.84782475	1
0	0.011396946	0
0	0.000800824	1
1	0.9569447	1
0	0.008124908	0
0	0.12990724	0
0	0.3988589	1
1	0.5031575	0
0	0.049048543	1
0	0.119618714	1
1	0.9295031	1
0	0.028821409	1
1	0.9960139	1
1	0.9961739	1
0	0.33528715	1
1	0.114052214	0
1	0.8421888	1
1	0.5205093	0
0	0.009206782	0
1	0.73406005	0
1	0.8487104	1
0	0.003201695	0
1	0.89789283	0
1	0.57565933	0
0	0.14717288	0
1	0.6916069	0
0	0.03853157	0
0	0.005389481	0
1	0.5874828	1
0	0.005444927	1
1	0.834422	1
1	0.80596876	1
0	0.27455315	0
1	0.5101481	0
0	0.65765834	0
1	0.88045233	1
0	0.10159445	1
0	0.006924593	1
0	0.56699646	0
0	0.001332217	0
0	0.019473804	1
1	0.98863345	1
1	0.88880056	1
0	0.008264306	1
1	0.2887162	0
0	0.013154043	1
0	0.051648516	1
1	0.9916809	1
0	0.04166025	0
0	0.023314161	0
0	0.019885272	1
0	0.15384771	0
0	0.034613557	1
1	0.7917553	1
1	0.7329861	0
0	0.5309641	0
1	0.9814104	1
0	0.15030311	1
0	0.62580323	0
0	0.004340364	0
1	0.9109974	0
0	0.18731277	1
0	0.05083391	0
1	0.5605757	0
0	0.33493072	1
0	0.24095275	1
1	0.9434361	0
1	0.7500214	1
0	0.011124278	1
1	0.84477705	0
1	0.57782364	0
1	0.6328549	0
0	0.021173498	1
1	0.9826713	1
1	0.35215008	0
0	0.003833308	1
1	0.72280556	0
0	0.003404383	1
0	0.123499274	1
0	0.01470901	0
1	0.8938645	1
1	0.8636288	1
1	0.26269034	0
0	0.005971063	0
0	0.013929108	0
0	0.036654636	0
1	0.92889035	0
0	0.17605662	1
0	0.005336846	0
1	0.7724729	1
1	0.9747468	0
1	0.86484224	0
0	0.64113826	0
0	0.0174962	0
1	0.5128757	1
1	0.14772551	0
0	0.002907271	1
0	0.668519	0
0	0.003477492	1
1	0.9920099	0
0	0.017365124	0
1	0.96114564	1
0	0.21420997	0
1	0.9730521	0
0	0.007716113	1
0	0.0754743	0
0	0.9513399	0
0	0.05957855	1
0	0.12529245	0
0	0.011362893	0
1	0.9407531	0
0	0.020119272	1
0	0.017254716	0
0	0.002237602	1
0	0.004090789	1
0	0.000877714	1
0	0.018164081	0
1	0.79963124	0
1	0.64393747	1
0	0.035729025	0
0	0.006018653	1
1	0.6894104	0
0	0.08969704	0
0	0.003746971	0
0	0.19993848	0
0	0.005913729	1
0	0.032809548	1
0	0.29862007	0
1	0.91904306	0
0	0.6913939	0
1	0.96200097	1
1	0.99315006	0
0	0.007749995	1
0	0.014416003	0
1	0.91084546	1
1	0.6437992	0
1	0.9401648	0
1	0.88745624	1
1	0.8388964	0
0	0.002653664	1
0	0.006068833	1
0	0.048862852	0
0	0.14068411	0
0	0.0024484	1
1	0.8348835	1
0	0.016537543	1
0	0.113898896	1
0	0.002125782	0
0	0.028216058	1
0	0.015344283	1
0	0.006978521	0
0	0.35710865	0
0	0.010422247	0
1	0.89557695	0
0	0.66523784	1
1	0.6536471	1
1	0.98972195	1
0	0.031126002	0
0	0.10677522	0
0	0.7049186	1
0	0.001392414	0
0	0.03307403	0
0	0.002538202	1
1	0.97631526	1
0	0.006368201	1
1	0.79143846	0
1	0.43524617	1
0	0.34024036	1
1	0.83008933	0
0	0.002523604	1
1	0.7821826	0
1	0.5193352	0
0	0.029529147	1
0	0.025745407	1
0	0.07294466	0
1	0.99552155	0
1	0.9933129	0
1	0.56257206	0
0	0.00745782	1
0	0.011622297	1
1	0.9071222	0
0	0.3863375	1
1	0.7573702	0
0	0.024369221	0
0	0.01481344	1
0	0.005402722	1
1	0.8625928	1
0	0.026837824	1
0	0.6949822	0
0	0.054658465	0
0	0.0186557	1
1	0.3909684	0
1	0.9954904	0
0	0.006091944	1
1	0.9539022	1
1	0.9164814	0
0	0.26712438	1
1	0.3763073	1
1	0.47499686	1
0	0.001725431	0
0	0.021997452	1
1	0.8975115	0
0	0.37320036	1
1	0.6736698	0
0	0.013097988	0
1	0.72946817	0
1	0.20548269	0
0	0.7812307	0
0	0.08413211	0
1	0.832358	0
0	0.26188087	0
1	0.7278797	0
0	0.001730999	0
1	0.71166456	0
0	0.72248083	1
1	0.93793434	1
0	0.001800804	0
1	0.9309215	1
0	0.35737076	0
1	0.9285605	1
1	0.95376194	0
1	0.99346244	1
0	0.1184401	0
0	0.72660637	0
0	0.015753485	0
0	0.42253783	0
1	0.13268337	0
0	0.009645775	0
1	0.4416701	1
0	0.038387384	1
1	0.94222325	1
1	0.56834096	0
1	0.97891	0
1	0.98646855	0
0	0.16666144	1
1	0.92293715	1
0	0.015128439	1
0	0.001108233	1
1	0.40843818	1
1	0.9347706	0
1	0.9892033	1
1	0.5992858	1
1	0.98365176	0
0	0.05712942	0
0	0.4935168	1
0	0.029431492	0
0	0.79956734	1
0	0.041002084	1
0	0.033503823	0
0	0.08053975	1
0	0.004515533	1
0	0.27568784	1
1	0.5185788	1
0	0.004374754	0
1	0.93910635	0
0	0.005371641	0
1	0.9794653	1
0	0.012444613	0
0	0.002434184	0
1	0.98913443	1
1	0.9147941	0
0	0.02452131	0
0	0.012201953	1
1	0.9422603	1
0	0.009588618	0
1	0.8482913	1
0	0.008225717	1
1	0.83057886	0
0	0.00348149	0
0	0.029873446	1
1	0.9872256	1
0	0.004847001	0
0	0.11474165	0
1	0.80373514	1
0	0.004432349	0
0	0.023495948	0
0	0.0016879	1
0	0.013265583	1
0	0.006140714	1
1	0.99788195	0
0	0.38443384	1
1	0.59683096	0
1	0.9007992	1
0	0.6940979	0
0	0.3546429	1
1	0.7982621	0
1	0.9939725	1
1	0.8294872	0
1	0.98987377	0
0	0.006374624	1
1	0.8836701	1
0	0.039781205	0
0	0.001291552	0
0	0.009148872	0
0	0.003788889	0
0	0.00085674	0
0	0.44669783	1
1	0.12000278	0
0	0.022923362	1
0	0.003052015	1
1	0.58774287	1
0	0.008150457	0
0	0.05304423	1
1	0.4377571	0
0	0.015355194	1
1	0.7247086	1
0	0.003430921	1
0	0.003300445	1
0	0.000791752	0
0	0.060365535	1
1	0.99064624	1
0	0.005209803	1
1	0.8956638	0
1	0.54822505	1
0	0.14986525	1
0	0.084506534	0
0	0.20994106	0
0	0.16527914	1
0	0.01103461	1
0	0.17918284	1
0	0.021678768	1
1	0.6393147	1
0	0.003858465	1
0	0.41451198	0
0	0.00098948	1
0	0.015986307	1
0	0.007551132	0
1	0.73762554	0
1	0.90334773	0
1	0.9504429	1
0	0.0594316	0
0	0.001129507	0
1	0.83265734	0
0	0.15851787	0
0	0.08836574	0
1	0.98111826	0
1	0.994392	1
1	0.8393431	0
1	0.8786518	1
0	0.00821367	0
0	0.006960123	0
0	0.09763896	1
0	0.6095064	0
0	0.009584068	0
1	0.7073292	0
0	0.12639645	0
0	0.05930637	0
0	0.0214659	1
0	0.5390431	0
0	0.03293393	0
0	0.15772182	0
0	0.79150635	1
0	0.11635205	1
0	0.06687958	0
1	0.8828469	1
1	0.98621076	1
1	0.44065076	0
0	0.017153824	0
0	0.020641655	1
0	0.12973815	0
0	0.003630832	1
0	0.2845905	1
1	0.545607	0
1	0.98610073	0
1	0.97842306	0
0	0.009222318	1
0	0.027354058	0
1	0.9089917	1
1	0.9779318	1
1	0.5472646	1
0	0.006608706	1
0	0.12163759	0
0	0.023443546	0
0	0.005218536	0
0	0.002162974	1
0	0.003266375	1
0	0.30771744	1
1	0.16856278	1
0	0.031020742	0
1	0.9274428	0
0	0.004312491	1
0	0.009879062	0
0	0.007607907	0
0	0.28272957	0
1	0.7298464	1
1	0.4844939	0
0	0.004604298	0
0	0.002406413	0
0	0.64921266	1
0	0.04688876	0
1	0.68034273	0
1	0.80150276	1
0	0.002707801	1
0	0.00412193	0
0	0.2827474	1
0	0.043400183	0
0	0.48968858	1
0	0.000581865	0
0	0.007540411	1
0	0.008013939	0
0	0.06419198	0
1	0.8475214	1
1	0.85017663	0
0	0.7069144	0
0	0.00179687	1
0	0.014614063	1
1	0.488606	0
1	0.9927509	1
0	0.073172025	1
0	0.57936126	1
0	0.00787689	0
0	0.7426045	1
1	0.70107406	0
0	0.45740926	0
0	0.80876327	0
1	0.7352724	1
0	0.001880419	1
0	0.00344225	1
0	0.006818098	1
1	0.86273	0
1	0.8200104	1
1	0.99227977	0
0	0.001157984	1
1	0.3558494	1
1	0.69086885	0
0	0.12532023	0
1	0.9885029	0
1	0.41329905	1
0	0.18507156	0
1	0.62725145	1
1	0.9899428	0
0	0.004943912	0
0	0.07716375	1
1	0.6342165	1
1	0.99533314	0
0	0.002787237	1
0	0.009635427	1
1	0.9898552	1
0	0.003104631	0
0	0.003627604	0
0	0.12441109	1
0	0.006395135	0
1	0.83816594	1
1	0.98185813	1
0	0.14107105	1
0	0.001240489	1
1	0.18233596	1
0	0.32727307	1
0	0.80381864	0
0	0.02708192	1
0	0.031140752	1
0	0.002004414	1
0	0.014545548	0
1	0.86953276	0
0	0.000780883	0
1	0.32720888	1
1	0.6215687	1
0	0.003434487	1
0	0.09577594	0
0	0.016670464	1
0	0.001427364	1
0	0.2992007	1
0	0.006506797	0
1	0.6513158	0
0	0.45043278	0
1	0.6246411	0
0	0.04949466	0
0	0.029699126	1
0	0.01947558	1
0	0.011298834	0
0	0.002922085	1
1	0.6559322	0
0	0.8097522	1
0	0.1834469	0
0	0.041790463	1
0	0.028741581	1
1	0.971747	1
0	0.001854279	0
1	0.87779164	1
0	0.002549599	1
0	0.042491857	1
0	0.019287948	1
0	0.1413577	0
0	0.031235352	1
0	0.2886402	1
1	0.78029126	0
0	0.012390896	0
0	0.09006036	1
0	0.00077534	0
0	0.4306496	0
1	0.8799413	1
0	0.004573764	1
1	0.5645033	0
1	0.9852727	0
1	0.43092984	1
0	0.096535504	1
1	0.9609745	1
0	0.16164754	0
0	0.27677348	0
1	0.8472678	1
1	0.520794	0
0	0.058519065	0
1	0.882533	0
1	0.4499491	0
1	0.33752275	1
0	0.48474	1
0	0.009572668	0
1	0.6137254	1
1	0.9979153	1
1	0.8353951	1
0	0.07665779	0
1	0.97955894	1
0	0.004679159	1
0	0.01632862	1
0	0.008578374	1
0	0.006399108	0
0	0.000611206	0
0	0.018381981	1
0	0.115555495	0
0	0.01079302	0
0	0.002510284	1
0	0.8576942	0
0	0.010304011	0
1	0.9726415	1
0	0.8194352	1
1	0.992694	1
0	0.007522804	0
0	0.03736303	0
0	0.003932427	1
0	0.8554706	0
0	0.11021255	0
1	0.9236166	0
0	0.001256586	1
1	0.9934769	1
0	0.3884516	0
1	0.48912543	0
1	0.038146324	0
0	0.004141946	1
1	0.9739853	0
0	0.06471752	0
0	0.003365648	0
0	0.32965365	1
0	0.124207266	0
0	0.026269097	0
0	0.007263837	0
1	0.9512938	0
1	0.5674074	0
0	0.018972144	1
0	0.4161326	0
1	0.73065525	1
0	0.11212746	1
1	0.8833976	0
1	0.5982036	1
0	0.019907035	0
0	0.038026623	1
0	0.012168382	1
1	0.93638384	0
0	0.061024163	1
1	0.5063799	1
0	0.00561957	0
0	0.050871693	1
0	0.67017484	1
0	0.95665663	0
1	0.99226683	1
0	0.006708393	1
0	0.001563267	0
1	0.9580072	1
0	0.08592747	0
1	0.9657782	0
0	0.371424	1
0	0.003940669	0
0	0.6215983	1
0	0.056082167	0
0	0.010060548	1
0	0.007930739	0
0	0.4522786	1
1	0.23896328	1
0	0.006805646	1
1	0.6281888	1
1	0.8850064	0
0	0.15968885	1
0	0.038871184	1
0	0.004506018	1
0	0.013941485	0
0	0.3172308	0
1	0.8750379	1
0	0.00093353	0
0	0.006562378	0
1	0.9405453	1
1	0.28388068	0
0	0.03557832	1
0	0.004440046	1
1	0.4689216	0
1	0.073336184	0
0	0.43959263	1
1	0.84990746	0
1	0.9956382	0
1	0.87111163	0
0	0.004932321	0
0	0.4039875	1
0	0.002556761	0
1	0.92980474	0
0	0.019526422	1
1	0.67024094	0
1	0.9727352	0
1	0.75757235	0
0	0.002332782	1
1	0.87802076	1
0	0.010863999	0
1	0.9724087	1
1	0.86805665	0
0	0.31500143	0
1	0.72414964	0
1	0.9958301	1
0	0.7447858	1
1	0.95760727	1
0	0.042211976	0
0	0.07380775	0
0	0.023839107	1
1	0.971922	0
1	0.8150131	1
1	0.68857753	0
0	0.020270381	0
0	0.034381755	0
1	0.72813493	1
1	0.74032426	0
1	0.90673345	0
0	0.001286042	0
0	0.051187336	1
0	0.015344377	0
0	0.049617123	0
0	0.12869667	0
1	0.6051097	1
0	0.80337495	1
0	0.1803685	1
0	0.12599336	1
0	0.11360358	0
1	0.74698997	0
0	0.3327423	1
0	0.009496019	1
0	0.058581375	1
1	0.99579287	0
0	0.021090422	1
0	0.21173614	1
1	0.7758754	0
0	0.033462264	0
0	0.008813051	1
1	0.9944173	0
0	0.020124665	0
0	0.008681339	1
0	0.025683627	1
0	0.031677403	1
1	0.9184129	1
1	0.971949	0
1	0.50938797	0
1	0.9539498	1
1	0.8494008	1
1	0.9963374	1
1	0.45978528	1
1	0.67455804	0
0	0.004693179	1
0	0.04520208	1
1	0.9717718	1
1	0.94114244	0
1	0.62424755	1
0	0.21780604	1
1	0.65930986	0
0	0.08113805	1
1	0.7346798	0
0	0.5134022	0
0	0.004126405	0
0	0.5840251	1
0	0.36413208	1
1	0.95692766	1
0	0.17757718	0
0	0.007913118	1
0	0.07207895	0
0	0.001463259	0
0	0.007322539	1
0	0.109210454	1
1	0.46768084	1
0	0.005814177	0
0	0.002785476	0
0	0.03952471	0
0	0.010316627	0
0	0.10394235	0
0	0.03545964	1
0	0.574725	1
0	0.17520003	0
0	0.109609775	1
0	0.002071896	1
0	0.010677083	0
0	0.002512567	0
0	0.007757644	0
1	0.55937225	0
0	0.000733546	0
0	0.06513293	1
1	0.37137726	1
0	0.000681178	0
0	0.4397169	0
0	0.004363484	1
1	0.94158095	1
0	0.1744225	1
1	0.6470903	1
0	0.03563968	1
1	0.9346967	1
0	0.008136376	0
0	0.008493455	0
0	0.006914976	0
1	0.83329403	1
0	0.003726011	1
0	0.67607856	0
0	0.028453488	0
1	0.97687656	0
0	0.078580596	1
1	0.980075	1
1	0.6455997	0
1	0.963403	0
0	0.01992226	0
1	0.38440415	0
0	0.011617242	1
0	0.005275575	0
1	0.18711458	0
0	0.005320057	1
1	0.879189	1
0	0.14407285	0
0	0.002010847	1
1	0.91535133	0
0	0.06678238	0
0	0.33113045	0
0	0.003059294	1
0	0.03829484	1
0	0.004384074	1
0	0.43527666	1
0	0.519145	1
0	0.778991	1
0	0.007016661	1
0	0.012885521	0
0	0.002347269	1
0	0.58273196	1
0	0.06339042	0
1	0.5901302	1
0	0.6805004	1
1	0.82321364	0
0	0.011447058	0
0	0.571876	1
0	0.19213016	0
1	0.4908332	0
1	0.40680954	1
0	0.010825539	1
0	0.005133025	0
1	0.9805787	1
1	0.7407234	0
1	0.9755951	1
0	0.007254881	0
0	0.039518747	1
1	0.6871184	0
0	0.002316099	1
1	0.89745396	1
0	0.37039015	0
0	0.005661564	1
1	0.89871544	1
0	0.85235244	0
0	0.00098842	1
0	0.017115895	0
0	0.001742377	1
0	0.5824783	1
1	0.97748727	1
0	0.0009748	0
1	0.25377584	1
0	0.001146702	1
1	0.9158145	0
1	0.8911725	1
1	0.98959386	0
0	0.6951535	0
0	0.007481671	0
0	0.11441453	0
0	0.003308769	0
1	0.62875986	1
1	0.6821046	0
1	0.65477365	1
0	0.006658919	1
0	0.052217215	0
0	0.006631512	0
0	0.004247171	1
1	0.9952868	0
0	0.42720658	0
1	0.84347826	1
0	0.012125047	1
0	0.09833312	1
0	0.005506296	1
0	0.091393426	1
1	0.9756197	1
0	0.023694852	0
0	0.33703586	0
0	0.4588355	0
0	0.009400109	1
1	0.95431334	0
1	0.78451496	1
0	0.39763236	0
0	0.001046054	1
0	0.003787997	1
1	0.6854658	1
0	0.001476663	1
0	0.022940783	1
1	0.9609054	1
1	0.9798043	1
0	0.3242904	0
0	0.033280812	0
0	0.094533235	1
0	0.029764349	1
0	0.001728336	0
0	0.55035424	1
0	0.5856505	1
0	0.15534346	0
0	0.34596288	0
0	0.052366786	1
0	0.54382545	0
1	0.58111525	0
0	0.004670455	0
1	0.89409417	0
0	0.001633281	1
0	0.06655518	1
0	0.026151137	0
0	0.000610153	1
1	0.9986267	0
1	0.9901362	0
0	0.04108049	1
0	0.14254361	0
0	0.002561743	1
0	0.004754414	1
1	0.8528075	1
0	0.004028858	0
1	0.44269234	0
0	0.23213977	0
1	0.9471137	1
1	0.7711604	1
1	0.72512877	1
0	0.060951225	1
0	0.037580326	0
0	0.023689944	1
1	0.8120983	1
0	0.0231785	1
0	0.022266448	0
1	0.24508326	1
1	0.8473925	0
0	0.18526097	1
1	0.9894672	1
0	0.003264152	0
1	0.9802828	1
1	0.88413936	0
1	0.9523915	0
1	0.36913344	0
0	0.18861006	1
1	0.7163765	0
1	0.7953578	0
1	0.7455817	1
1	0.81477845	1
0	0.001455634	1
0	0.001608721	0
0	0.001924119	0
0	0.003917379	1
1	0.98145825	1
1	0.40839356	0
0	0.20765653	0
0	0.018726932	0
0	0.09005976	0
0	0.000587961	1
0	0.31975538	0
1	0.73266816	0
0	0.002632287	0
0	0.004937301	1
0	0.27033573	1
1	0.9075488	1
1	0.94654316	1
0	0.032284018	1
0	0.40269515	1
1	0.59942883	0
0	0.03198542	1
0	0.009436874	0
1	0.86663854	0
0	0.05373321	0
0	0.02934549	1
0	0.6297388	1
1	0.7005779	1
1	0.60270053	1
1	0.52793366	1
0	0.006436785	0
1	0.8862051	1
1	0.8784677	0
1	0.91906893	1
0	0.005008675	0
0	0.001005328	1
0	0.5982424	0
0	0.1468098	0
1	0.77742684	1
1	0.95663536	1
0	0.007029323	1
1	0.9067023	1
0	0.002351909	1
1	0.6424057	0
0	0.15491435	1
1	0.6248003	1
0	0.007844009	0
0	0.57990086	1
0	0.06000979	1
0	0.002309729	0
1	0.8193448	0
1	0.87699354	1
0	0.001527379	1
1	0.42251617	0
1	0.984169	0
0	0.12185893	0
0	0.017931707	1
1	0.89687365	1
0	0.54737043	0
0	0.01554175	0
0	0.001730718	0
0	0.006820986	1
0	0.045358237	1
1	0.52783847	1
1	0.9438578	1
0	0.002868964	1
0	0.04694083	1
1	0.9868838	0
0	0.018466495	0
1	0.73165643	0
1	0.7632925	1
0	0.031675093	0
1	0.9687167	0
0	0.08576385	1
0	0.20788446	1
1	0.9489236	1
1	0.94066715	0
0	0.007417036	0
0	0.005091718	0
0	0.058802254	0
0	0.001256881	1
0	0.011259627	0
0	0.02568285	1
0	0.06384567	0
1	0.9470851	1
1	0.8013796	0
1	0.7371464	1
1	0.73443127	1
0	0.03896251	1
0	0.16006687	1
0	0.037878104	1
1	0.42201087	0
1	0.95971525	0
0	0.01653037	0
1	0.7052448	0
0	0.006553952	0
1	0.8538044	0
0	0.010739199	0
0	0.07436927	0
1	0.9069093	0
0	0.003338249	0
0	0.0783207	0
1	0.7101638	0
0	0.44760373	1
1	0.90721846	1
0	0.044331364	1
1	0.8259672	0
1	0.12123128	0
0	0.12936151	1
1	0.5834229	1
1	0.9698145	0
0	0.10501601	0
0	0.010915848	0
1	0.37680414	1
0	0.2157723	0
0	0.008699464	0
1	0.98534065	0
1	0.9971945	0
1	0.37421417	0
0	0.13012949	1
0	0.37884283	1
1	0.990908	1
0	0.11789371	1
0	0.04019948	1
1	0.9966474	0
0	0.1283625	0
0	0.003718416	0
0	0.000880905	1
0	0.000498967	1
0	0.41855216	0
0	0.23587932	1
0	0.40044	1
0	0.001066069	1
0	0.03392606	0
0	0.00069276	0
1	0.9459388	1
0	0.2087113	1
1	0.9757533	0
0	0.002427788	1
0	0.16669086	1
1	0.7246769	1
0	0.011492819	1
0	0.002524107	0
1	0.9819043	0
1	0.66182554	0
1	0.6149558	0
0	0.005958139	1
0	0.003130659	1
0	0.27253875	0
0	0.16885954	1
0	0.053022403	1
0	0.03176754	1
1	0.81146467	1
0	0.11094516	0
1	0.52441484	0
1	0.6755913	0
0	0.6167242	0
1	0.9929362	0
0	0.01122247	1
1	0.7401833	0
0	0.65459514	1
0	0.06781997	1
0	0.2539205	1
1	0.992434	1
0	0.9803355	0
0	0.01717212	1
0	0.017992826	0
0	0.72381496	1
0	0.16284284	0
1	0.99346125	1
0	0.04154042	1
0	0.033802133	0
1	0.9801758	0
0	0.008578179	1
1	0.7031354	0
0	0.000817006	0
1	0.75041986	1
0	0.003495638	0
0	0.29219717	1
1	0.7862058	1
1	0.22465229	0
0	0.008430606	1
1	0.6324247	0
0	0.01122338	1
1	0.5492576	1
0	0.4581392	1
0	0.002436842	1
0	0.00860274	0
0	0.8492416	0
0	0.00406442	1
1	0.7744126	0
0	0.01840229	0
0	0.008978417	1
0	0.001007324	0
1	0.60501385	1
1	0.97369844	0
0	0.03625046	1
0	0.001507479	1
1	0.8474688	0
1	0.9042471	1
0	0.12735452	1
0	0.56235415	0
0	0.015281866	0
1	0.98858553	0
0	0.04642682	1
1	0.9757414	0
0	0.003493214	1
0	0.005746439	1
0	0.035303164	1
0	0.008239971	0
1	0.97351134	1
1	0.6421544	0
0	0.007808416	1
1	0.8856862	0
0	0.14675075	0
1	0.09511201	1
0	0.012717181	1
1	0.8182804	0
0	0.14931954	0
0	0.000878195	0
0	0.06883123	1
1	0.5256838	1
1	0.9581696	1
1	0.9718683	1
0	0.002393124	0
0	0.001006831	1
1	0.9355448	1
0	0.002970072	0
1	0.9720923	0
0	0.71268874	1
0	0.025367932	0
0	0.371847	0
0	0.009946129	1
0	0.106099695	1
0	0.06304461	1
0	0.3584202	0
1	0.86881566	0
1	0.9116571	1
1	0.9008296	1
0	0.34426382	0
0	0.013203517	1
0	0.021934388	1
1	0.8597349	1
0	0.001467634	0
1	0.20929845	0
1	0.9015215	0
0	0.003577063	0
1	0.64041406	0
0	0.047578864	0
0	0.012867769	1
1	0.9786794	1
0	0.2511327	1
0	0.03874942	1
1	0.6436772	1
1	0.7148596	0
0	0.032362573	1
1	0.98424965	1
1	0.32403615	0
0	0.015566794	0
1	0.86854076	1
1	0.6868966	0
0	0.009362402	0
0	0.001038683	1
0	0.035094537	0
0	0.7094652	1
1	0.824319	1
0	0.05555323	1
1	0.29731482	0
1	0.88934743	1
0	0.023563985	1
0	0.009784454	1
1	0.22353098	0
0	0.001836552	1
0	0.000658869	0
1	0.42286867	0
1	0.9422886	1
1	0.7544962	0
0	0.0262098	0
1	0.9749511	1
0	0.06416833	1
0	0.65876466	0
0	0.00101163	1
1	0.9766352	0
0	0.004086115	0
1	0.85620433	0
1	0.9683851	0
0	0.001062598	1
0	0.4441265	0
0	0.349518	1
1	0.23586567	0
0	0.021829925	1
0	0.07408964	0
1	0.9728042	1
1	0.7855973	1
0	0.076498404	1
1	0.24346715	1
0	0.002713373	0
1	0.97552574	0
0	0.66737497	0
1	0.89335746	1
0	0.42052236	1
0	0.00516779	1
0	0.19923167	1
0	0.09727167	0
0	0.002589069	0
1	0.5972737	1
0	0.2018617	0
0	0.008084991	1
1	0.98555404	1
1	0.48990884	0
0	0.23346062	0
1	0.9806105	1
0	0.06598382	1
1	0.7244331	1
0	0.004793732	0
0	0.033869967	1
1	0.9610713	0
1	0.50707	1
1	0.22901446	1
0	0.075652555	1
0	0.009972515	1
0	0.1572735	0
0	0.22652088	0
1	0.32789502	0
0	0.6030563	0
1	0.7002855	0
1	0.95906657	0
1	0.98971784	0
0	0.7290078	0
0	0.025683014	1
0	0.003445709	1
0	0.002269604	1
0	0.07417709	0
0	0.09557802	1
0	0.028738247	0
0	0.028197326	1
0	0.1912966	0
1	0.9927407	0
1	0.8395333	1
0	0.002357539	1
1	0.9889608	0
1	0.9695052	1
1	0.6890375	0
0	0.07150128	1
1	0.40015706	0
0	0.012212019	0
0	0.9482982	0
1	0.9804865	1
1	0.9835933	1
0	0.025624989	1
0	0.009285815	1
0	0.0350688	1
1	0.98459923	1
0	0.03179439	1
0	0.08470788	0
0	0.09207178	1
0	0.004171538	0
0	0.43688318	1
0	0.007246023	0
0	0.23406346	0
0	0.5125745	0
0	0.12234442	0
0	0.31348604	1
0	0.017974742	0
0	0.003459313	1
0	0.023447525	0
0	0.10387803	1
1	0.90079397	1
0	0.53782135	1
1	0.900402	1
1	0.014926347	0
0	0.24432865	0
0	0.18897776	1
1	0.96760935	0
1	0.85682553	1
0	0.5198584	1
0	0.32581788	0
1	0.5527228	1
0	0.3039605	0
0	0.22620532	0
1	0.9917779	1
0	0.006038443	1
1	0.8400318	0
1	0.8290251	0
1	0.9869283	0
1	0.80903536	1
0	0.059850924	0
1	0.6595565	0
1	0.97908944	1
0	0.01653378	1
0	0.16162705	0
0	0.7694082	0
1	0.6268004	0
1	0.8094108	1
0	0.001919218	1
0	0.34638536	1
0	0.01009485	1
0	0.006281625	1
0	0.01923304	0
1	0.958523	0
0	0.2591067	1
0	0.003349368	1
0	0.01270696	0
0	0.06391071	0
1	0.78850615	0
0	0.53606	1
0	0.004254229	0
0	0.057061095	0
1	0.68472826	0
1	0.91256106	1
0	0.012777929	1
0	0.48300764	0
0	0.28616628	1
0	0.7591723	0
1	0.078560635	0
1	0.98944455	0
1	0.4132567	1
0	0.05812367	0
0	0.019669568	1
0	0.030504981	1
0	0.32147005	0
1	0.99237293	1
0	0.005019523	1
0	0.03301802	0
1	0.605271	1
0	0.022232646	0
0	0.000972445	0
1	0.9961422	1
0	0.001793971	1
0	0.000581975	0
0	0.002410225	1
0	0.18044268	0
1	0.8430911	1
0	0.006577556	0
0	0.001784115	0
0	0.00270581	1
1	0.94668585	0
0	0.49206638	0
1	0.7824619	1
0	0.012378251	0
0	0.038972087	0
1	0.5718138	0
1	0.9863229	1
0	0.8321437	0
1	0.70857924	0
0	0.003191746	1
0	0.54305434	1
0	0.024926417	0
1	0.84716207	0
1	0.9500912	1
1	0.8338766	1
0	0.001165241	1
0	0.05553257	1
1	0.86705977	0
1	0.7239186	0
0	0.77723956	0
0	0.039422832	1
0	0.009840332	1
0	0.08982298	1
0	0.7944358	0
1	0.84943086	1
1	0.18611959	0
1	0.7981121	0
0	0.1347092	1
1	0.4270013	0
0	0.17903003	1
0	0.5829208	1
0	0.17227767	1
1	0.99437743	0
0	0.004260909	1
1	0.49657255	1
0	0.008469656	0
0	0.000902811	1
0	0.041893616	1
0	0.50873727	1
1	0.9858906	0
1	0.8433802	1
1	0.6619308	0
0	0.002006176	1
1	0.9617334	1
1	0.8779077	1
0	0.006587572	0
1	0.8134294	1
0	0.04132249	1
1	0.53319466	0
1	0.99257624	1
1	0.98379576	1
0	0.15790875	0
1	0.98811555	1
1	0.99605453	0
1	0.924369	0
1	0.92175215	1
0	0.010655125	0
0	0.2121025	0
0	0.26321828	0
1	0.99106807	1
1	0.98701197	0
1	0.9888343	1
0	0.21671304	0
1	0.9975006	0
1	0.657299	0
0	0.0311182	0
0	0.037551302	1
1	0.96887904	1
0	0.001823589	1
0	0.002245154	0
0	0.009909879	1
0	0.537891	0
0	0.32991472	0
1	0.7544013	0
1	0.8933718	1
0	0.48045903	0
0	0.003565113	1
1	0.91459155	1
0	0.008023637	1
0	0.007235284	0
1	0.5902532	0
0	0.016973898	0
0	0.97885555	0
0	0.02183737	0
1	0.9251813	1
0	0.18264608	1
1	0.6319384	0
0	0.006691875	0
1	0.503572	0
0	0.060770653	0
0	0.96732515	0
0	0.104762726	0
0	0.003198577	0
0	0.04064121	0
0	0.36093906	1
1	0.52794796	0
1	0.8408459	0
1	0.9314925	0
0	0.093659155	0
0	0.003726719	1
1	0.9811824	1
0	0.025043374	1
0	0.009723364	0
1	0.9909595	0
0	0.26721078	1
0	0.044389058	1
1	0.7446308	0
1	0.99707353	0
0	0.00297201	1
1	0.88918936	1
1	0.62738216	0
0	0.021556392	0
0	0.005548986	1
1	0.90584767	0
1	0.7714524	0
0	0.002928305	0
1	0.99347174	1
0	0.14180475	0
0	0.004781853	1
1	0.0816514	0
0	0.005036059	1
1	0.9474059	0
1	0.9102158	0
1	0.9012225	1
1	0.6985611	0
0	0.39371085	0
0	0.23175381	1
1	0.896071	0
0	0.22681648	1
0	0.005584817	0
0	0.002718511	0
1	0.4118442	1
1	0.6464969	1
1	0.99444133	1
0	0.045364812	1
0	0.8682133	0
1	0.47741884	0
0	0.24186964	1
0	0.036533732	0
1	0.7975659	0
0	0.003034898	0
1	0.96002245	1
0	0.001841644	1
0	0.48709863	0
0	0.000767931	0
1	0.45566317	0
0	0.35767826	1
1	0.93153286	1
0	0.045098852	1
0	0.11565078	1
1	0.10441401	0
0	0.004153991	1
0	0.14492254	0
0	0.003314657	1
0	0.009518264	1
1	0.64011616	0
0	0.009313246	1
1	0.5777559	0
0	0.80040157	1
1	0.9136465	0
1	0.6867063	1
0	0.11507628	1
1	0.9738922	1
1	0.99832445	1
0	0.2227583	1
0	0.29052624	1
0	0.06644703	0
1	0.97847956	1
0	0.7036765	0
1	0.9372118	0
1	0.990467	0
1	0.95557034	0
0	0.000918945	1
1	0.4253304	0
0	0.010673301	0
1	0.83444875	0
0	0.10494394	0
0	0.012785131	0
0	0.61238974	1
1	0.7223659	0
0	0.45250064	1
0	0.005882117	1
0	0.08433312	0
1	0.32662418	1
0	0.00737255	0
1	0.9655545	1
0	0.5500104	0
0	0.30905786	1
0	0.007441061	1
0	0.004863882	0
0	0.48364195	1
1	0.8464129	1
1	0.011759193	0
1	0.8762831	0
0	0.6249163	1
0	0.86217463	0
0	0.075504705	0
1	0.9722889	1
0	0.006825752	0
1	0.8957369	1
0	0.008003464	0
0	0.065217696	1
1	0.81967163	0
0	0.005542595	0
1	0.76968324	0
0	0.07251502	0
0	0.001739268	0
0	0.039225187	0
1	0.8134875	0
0	0.12774868	1
0	0.9010234	0
0	0.004172192	0
1	0.90469414	1
1	0.9738009	0
1	0.15501176	0
0	0.59241694	0
1	0.89840734	0
0	0.007637864	0
1	0.8976637	0
0	0.1876833	0
1	0.9238724	0
0	0.023928868	1
1	0.92588073	0
0	0.61580926	1
0	0.006998299	1
0	0.09983466	0
1	0.9052978	1
1	0.99470466	0
0	0.6380208	1
0	0.003696829	1
0	0.050093416	0
1	0.9816682	0
0	0.008412429	0
1	0.98981386	1
0	0.021289375	1
0	0.002777335	0
0	0.04556821	1
0	0.6521566	0
1	0.5407161	0
0	0.16010706	0
0	0.049177557	1
1	0.9417203	1
0	0.013785183	0
1	0.98509306	1
0	0.005593963	0
1	0.9847816	0
0	0.23205017	0
1	0.9970579	1
1	0.9928663	0
0	0.0152729	1
0	0.01249453	0
1	0.6044853	0
0	0.9789555	0
0	0.04785748	1
0	0.111766145	0
1	0.98814464	0
1	0.8446456	1
1	0.9850793	1
0	0.17759645	1
1	0.98741305	0
0	0.025888003	0
1	0.37463853	0
1	0.953072	1
0	0.004792024	1
1	0.7391565	1
0	0.019254288	0
0	0.045831844	1
1	0.9405853	0
0	0.008287341	0
0	0.011705807	1
1	0.98448807	0
1	0.25984293	0
0	0.020992799	1
0	0.030306429	0
0	0.001053621	0
0	0.01231663	0
1	0.9470404	1
0	0.070888415	0
1	0.71111137	1
0	0.15129332	1
0	0.003316696	0
0	0.08335209	0
0	0.06552672	0
1	0.38881648	1
0	0.002725957	1
0	0.031763814	0
1	0.9090868	0
0	0.002464542	1
0	0.008160613	0
1	0.46861178	1
1	0.87816566	1
0	0.04968721	1
1	0.9884742	1
1	0.7242116	0
0	0.31959912	0
0	0.011990285	1
0	0.8133425	1
1	0.015949981	0
0	0.27919242	1
1	0.8952193	0
0	0.053922847	0
1	0.6690808	0
0	0.1306782	1
0	0.001427899	1
0	0.000917497	1
1	0.9661736	0
0	0.008250748	1
0	0.103955135	1
1	0.73800105	1
1	0.7660596	0
1	0.49348283	0
0	0.61411154	0
0	0.015220978	1
1	0.9517804	1
1	0.96442175	0
0	0.006630586	0
1	0.7955915	0
0	0.009720325	0
0	0.39494097	1
0	0.011151278	0
1	0.9899704	0
0	0.004580852	0
0	0.007406424	0
0	0.05582568	1
0	0.007172307	1
1	0.9363156	1
0	0.031139998	1
0	0.001668834	1
0	0.053074226	1
1	0.92483944	0
1	0.98147213	0
1	0.66189665	0
0	0.014796088	0
0	0.6486048	0
0	0.13846615	0
0	0.001277206	1
0	0.019206371	0
1	0.59702224	1
0	0.04383069	0
0	0.17211528	1
0	0.006907049	0
1	0.87996197	1
0	0.5650653	1
1	0.6621151	0
1	0.8769434	0
1	0.9941685	1
0	0.00260585	0
1	0.8293289	0
1	0.97715294	1
1	0.9870129	0
0	0.12424213	1
0	0.118454225	0
1	0.7137623	0
1	0.94236374	1
0	0.07487542	0
1	0.99719715	1
0	0.30365974	1
1	0.9760468	1
1	0.9865307	0
0	0.10124446	1
0	0.000980131	0
1	0.8602712	0
0	0.009801497	0
1	0.005343504	0
0	0.004749852	1
1	0.99479586	1
1	0.8565983	0
1	0.99175525	1
1	0.95590997	1
0	0.1203965	1
1	0.7666396	0
0	0.88644713	0
0	0.015403017	0
0	0.009321587	1
0	0.003280056	1
1	0.9124483	0
0	0.004292779	0
0	0.000630627	0
0	0.089532875	1
1	0.8279401	1
1	0.7835527	1
1	0.99759704	0
0	0.74223495	1
1	0.5980302	0
0	0.09885142	1
1	0.42030197	1
1	0.83885854	1
0	0.17979656	0
0	0.00268614	0
0	0.005968046	0
0	0.5426207	0
0	0.004833913	1
1	0.78685933	0
1	0.9818278	0
1	0.84119934	1
1	0.9601943	1
0	0.014223683	0
0	0.1419485	0
0	0.003257316	1
1	0.43894723	0
1	0.9283904	1
0	0.6304783	1
0	0.011391641	0
0	0.006570042	1
0	0.09370611	1
0	0.058389623	0
0	0.22755812	0
0	0.003085176	1
0	0.005907259	0
0	0.00232522	0
1	0.5218934	0
0	0.013314024	0
0	0.008261778	1
0	0.013223823	1
1	0.7679652	0
0	0.016548961	1
1	0.8352559	0
0	0.009945096	0
1	0.6079735	1
1	0.46441153	1
0	0.023222534	1
0	0.6414113	1
0	0.01072202	1
0	0.013374841	1
0	0.020819966	1
0	0.16545682	0
1	0.8948309	1
0	0.14562908	0
0	0.35552904	0
0	0.03898186	0
0	0.5562969	0
0	0.002165141	1
0	0.11354285	0
1	0.7639295	0
0	0.44286	0
1	0.11111426	0
1	0.7946262	0
0	0.043918688	1
1	0.96317345	1
0	0.002628724	1
0	0.6771303	0
0	0.024737498	0
0	0.23927243	0
0	0.0546682	1
0	0.08573165	0
0	0.26997268	0
0	0.15144691	0
0	0.00606525	1
1	0.88947034	1
0	0.007516861	1
1	0.94510424	0
1	0.6052273	0
0	0.015641939	0
0	0.002488423	0
1	0.29432973	0
0	0.009469866	1
1	0.97260475	0
1	0.5602123	0
0	0.53065526	1
0	0.000969718	1
0	0.023515431	1
0	0.003658134	0
1	0.7712976	0
0	0.50583035	0
1	0.81170624	0
0	0.005926081	0
0	0.001906	0
0	0.18697183	0
1	0.95739055	0
0	0.053765137	1
1	0.94686675	0
0	0.3902052	1
1	0.9949066	0
0	0.4157187	0
0	0.029047268	0
1	0.9982116	0
1	0.93074423	0
0	0.33310905	0
0	0.026848989	1
0	0.21104959	0
0	0.004692772	1
0	0.048518285	1
0	0.3782678	0
0	0.016394172	1
0	0.00169671	1
1	0.91065395	1
0	0.006167227	0
0	0.017924545	0
1	0.9644983	0
1	0.5957423	0
0	0.80300665	1
1	0.77176195	0
1	0.90595484	0
1	0.9955249	1
0	0.70760876	1
0	0.006610951	1
0	0.33260015	0
1	0.529958	0
0	0.004929911	0
1	0.91877586	0
0	0.004313424	0
0	0.004064162	0
0	0.38000312	0
1	0.96997267	0
1	0.9034352	0
0	0.012177964	0
1	0.9906008	1
1	0.4264362	0
0	0.06198772	0
0	0.4484667	1
1	0.73681825	1
0	0.017134361	1
0	0.6130418	0
1	0.7414917	1
1	0.99245435	0
1	0.6919518	0
0	0.013878793	0
0	0.000771386	0
0	0.002024225	0
1	0.9333802	0
0	0.050180785	0
1	0.9961222	1
1	0.8278072	1
1	0.54993796	0
1	0.9796647	0
0	0.047633752	1
1	0.6567151	0
0	0.004871442	1
1	0.9707671	0
0	0.41017994	0
0	0.08778094	1
0	0.005555739	0
0	0.095580585	0
1	0.7610252	0
0	0.06663302	1
0	0.004963776	1
0	0.012887741	1
1	0.06787669	0
1	0.95469	0
0	0.027470946	0
1	0.9054907	1
1	0.5704039	0
0	0.008805626	1
1	0.7997013	1
0	0.033339392	1
0	0.003848663	1
1	0.9547127	0
1	0.7665484	0
1	0.90227836	0
1	0.6718141	0
0	0.001994528	0
0	0.000978589	1
0	0.015114081	0
0	0.003044111	0
0	0.010980188	0
1	0.54914874	0
1	0.2997058	1
0	0.010716382	0
1	0.9861914	0
0	0.001814528	1
0	0.17926456	1
0	0.012635642	1
1	0.9711231	1
0	0.16944033	0
1	0.8319344	0
1	0.92047167	0
1	0.9510773	1
0	0.010340394	1
1	0.99662495	0
0	0.039254624	0
0	0.092410974	1
1	0.99187744	1
1	0.55178493	1
0	0.008845465	0
1	0.014386122	1
0	0.001253672	1
1	0.99107563	1
1	0.9401864	0
0	0.013918024	0
0	0.005160162	1
0	0.009016738	0
0	0.58647037	1
0	0.12340462	0
1	0.9635331	1
0	0.013331519	1
1	0.979661	0
0	0.003977631	0
1	0.7403328	1
0	0.05164884	1
0	0.02927556	1
0	0.05605948	0
1	0.9901412	0
0	0.061147574	0
1	0.9919172	1
1	0.99816304	1
1	0.95885134	0
0	0.4593932	0
1	0.7068087	0
0	0.59790224	0
1	0.9980603	1
0	0.37232786	0
1	0.99530506	1
1	0.7206514	0
0	0.015693694	1
0	0.000839533	0
0	0.009458463	1
1	0.96053207	1
0	0.006733951	1
0	0.17259501	0
0	0.39881486	1
0	0.002490405	1
0	0.07796382	0
1	0.5968191	1
0	0.003322357	0
0	0.41662824	0
0	0.003193643	0
1	0.92134696	0
1	0.91147727	1
0	0.83750916	0
1	0.95492214	1
1	0.98248035	1
0	0.008743619	0
1	0.99330115	0
0	0.15620396	0
1	0.98444253	0
0	0.003766723	0
0	0.056668647	0
0	0.004347163	0
1	0.7484479	1
0	0.08249729	1
0	0.018266942	0
0	0.001914219	0
0	0.001406818	0
1	0.29578882	1
0	0.004161926	1
0	0.008608888	1
1	0.67156583	0
1	0.7961961	1
0	0.16225603	1
0	0.18563034	0
0	0.24145527	1
1	0.4937511	0
1	0.9833635	1
0	0.001580916	0
1	0.47291106	1
1	0.5153155	0
1	0.97224224	0
1	0.9968374	0
0	0.013588623	0
1	0.8839627	1
1	0.8504149	0
0	0.023246164	0
1	0.06399969	0
1	0.43433514	0
0	0.002820624	1
0	0.18403776	1
1	0.6683835	1
1	0.66153646	1
0	0.13106835	1
0	0.15137874	0
0	0.58708346	1
1	0.29672134	0
0	0.12865484	0
1	0.9425262	1
1	0.27400157	1
1	0.6686668	0
0	0.1769437	0
1	0.7103774	0
0	0.002218846	0
0	0.002003529	1
1	0.8018756	0
0	0.59078985	0
0	0.10769343	1
0	0.54837555	0
0	0.088192634	0
1	0.54726726	0
0	0.008586363	0
1	0.5879696	0
1	0.5176971	1
1	0.94041723	0
0	0.002742545	0
0	0.0994163	1
1	0.93359214	1
1	0.9947615	1
0	0.006797567	0
1	0.8826544	0
1	0.9630598	1
1	0.90345204	0
1	0.6569497	1
1	0.8261086	0
0	0.5533708	0
0	0.026575623	1
0	0.40520263	0
0	0.037916962	0
0	0.019759735	1
0	0.045618903	1
0	0.002990984	1
1	0.7934487	1
1	0.8579487	0
0	0.015373194	0
0	0.002663592	1
1	0.9941777	0
0	0.02749666	0
0	0.022222025	0
1	0.986876	1
0	0.049340922	1
0	0.002779459	0
0	0.006026083	0
0	0.0671424	0
1	0.7494922	0
0	0.10060257	1
0	0.20914356	0
1	0.99510217	1
0	0.061091486	0
0	0.04081591	1
0	0.22395545	1
1	0.9975546	1
0	0.016824977	1
0	0.89864695	0
1	0.560796	0
1	0.99446446	0
0	0.64700323	0
1	0.6865901	1
1	0.7274314	1
1	0.5477055	1
0	0.84743726	0
0	0.1251107	0
0	0.000773152	0
0	0.004244371	1
1	0.9869435	1
0	0.008298581	0
0	0.42027977	1
0	0.002457508	1
0	0.01331962	0
1	0.6494011	0
1	0.99486816	0
0	0.04407512	1
1	0.76158506	0
0	0.004972972	0
1	0.4577823	0
1	0.67381966	0
1	0.3298137	1
0	0.005343517	1
1	0.9407842	1
1	0.8996052	1
0	0.007136864	0
1	0.859358	1
0	0.167412	0
0	0.003448228	0
0	0.009618483	1
0	0.12771076	0
0	0.00906775	1
0	0.00571082	1
1	0.9726465	0
0	0.029246718	1
1	0.99587315	1
0	0.002517072	0
1	0.7643668	0
1	0.76187867	1
1	0.7036579	1
0	0.036042046	1
0	0.000675411	0
1	0.9790406	1
1	0.17538466	0
0	0.7164646	0
0	0.004524193	1
0	0.16617124	1
0	0.009222829	1
0	0.117566705	1
0	0.003985799	1
0	0.028642884	1
0	0.13906358	0
1	0.9794266	1
1	0.77390325	0
1	0.9763089	1
0	0.005728864	0
1	0.7408021	0
1	0.9095185	1
1	0.6091913	1
1	0.7565694	0
1	0.9719492	0
1	0.9964116	0
0	0.008191679	1
0	0.3957166	1
1	0.9763724	0
0	0.5488533	0
1	0.11167008	0
0	0.019656988	1
0	0.5398614	1
0	0.52651775	0
0	0.004503328	0
1	0.9853017	1
0	0.015973821	1
0	0.07894095	1
0	0.003234673	0
0	0.015842758	0
1	0.7887942	1
0	0.033666566	1
1	0.85742164	1
0	0.007940848	0
1	0.77266246	1
0	0.027206233	1
0	0.3189245	1
1	0.8716057	1
0	0.04782061	1
1	0.8360485	1
1	0.95593685	0
1	0.9888657	0
0	0.004012941	0
1	0.7903975	1
1	0.5023804	1
0	0.01144435	1
0	0.003519476	1
0	0.007283696	1
1	0.6260969	1
1	0.66567594	1
1	0.96836543	1
0	0.36570573	0
0	0.5539001	1
1	0.8951993	0
0	0.002611168	1
1	0.9658143	1
0	0.18603654	1
1	0.954934	1
0	0.000978911	0
0	0.001815115	0
0	0.013961322	0
0	0.018889608	0
1	0.67112476	1
1	0.09381266	0
0	0.66265357	0
0	0.000746398	0
1	0.21815002	0
1	0.8698665	0
1	0.4594044	0
0	0.002493162	1
0	0.7999437	0
1	0.60903245	1
1	0.9960737	0
1	0.90298873	0
0	0.002884383	1
0	0.028887168	1
1	0.6515816	1
0	0.002459093	0
1	0.78551453	1
0	0.009374205	1
0	0.012631888	0
1	0.9745053	0
0	0.46409705	1
0	0.14114599	0
0	0.010856249	0
1	0.7366279	0
1	0.9483441	1
0	0.111591525	0
0	0.056198675	0
0	0.00498606	1
0	0.016570674	0
1	0.97524476	0
0	0.004664633	0
0	0.12124789	1
0	0.098011665	0
0	0.016897518	0
0	0.16419578	1
1	0.91519254	0
0	0.02779445	0
0	0.00519846	0
0	0.8270587	0
0	0.033419672	1
0	0.001764766	1
0	0.022488074	0
0	0.003257817	1
0	0.004453003	0
0	0.002567397	1
0	0.44444427	1
0	0.000941474	1
0	0.004021481	0
1	0.7634123	0
1	0.84201616	1
0	0.00535124	0
1	0.9810909	0
0	0.001791548	1
0	0.20040742	1
0	0.9073528	0
0	0.001499681	1
0	0.002469318	0
0	0.012212263	0
1	0.80875254	0
0	0.002390066	1
1	0.92645323	1
0	0.009729418	0
0	0.20956574	0
0	0.023022003	0
0	0.002159751	1
0	0.01920506	1
0	0.001116304	0
0	0.5449135	1
1	0.7623262	0
0	0.00756264	1
0	0.002135228	1
0	0.109793454	0
1	0.7903868	0
0	0.07647251	0
1	0.8485923	0
1	0.9374918	0
0	0.1094529	1
1	0.8625625	0
0	0.011182544	0
0	0.10841082	0
0	0.041560464	1
1	0.87622654	0
1	0.9649416	1
1	0.5553393	1
1	0.98345655	1
1	0.9909923	1
1	0.56461376	0
0	0.038638506	0
1	0.9979226	1
1	0.6198113	1
1	0.91125786	0
0	0.016061503	0
1	0.16067013	1
1	0.79913545	1
1	0.9922082	1
0	0.06656328	1
0	0.0952261	0
0	0.002266261	0
1	0.94490033	0
0	0.5905243	1
0	0.06295667	1
0	0.009757021	1
0	0.005932565	0
0	0.6604849	1
1	0.667043	1
0	0.21052521	0
0	0.3782926	0
1	0.37184894	0
0	0.07369424	0
0	0.002070741	0
0	0.48551404	0
0	0.03164585	0
0	0.00363409	1
1	0.862754	1
0	0.7288024	0
1	0.469931	1
1	0.10217027	0
1	0.9059233	0
0	0.5832761	0
1	0.08525534	0
1	0.74877065	0
0	0.006483599	1
1	0.9330301	0
0	0.001828858	0
1	0.83737147	1
1	0.2470313	1
0	0.47511637	1
0	0.002605516	1
0	0.14621636	0
0	0.6511742	0
0	0.002519287	1
1	0.9193127	1
0	0.14191043	1
0	0.012922893	0
0	0.27996823	1
1	0.719502	1
0	0.005962784	1
0	0.002112031	0
1	0.23728816	0
1	0.9863003	1
0	0.14381972	1
1	0.6262322	1
1	0.81171846	0
0	0.009265072	0
1	0.79315764	0
1	0.48691067	1
0	0.001965252	0
1	0.7516414	0
1	0.3151301	0
1	0.002019229	0
0	0.041118685	0
1	0.8796291	1
1	0.7711676	1
1	0.5144251	0
0	0.009867116	0
0	0.6091697	1
0	0.001221365	1
0	0.00068626	1
1	0.9949679	0
0	0.009693172	1
1	0.7033947	1
0	0.46970505	1
1	0.71677256	0
1	0.9041709	1
0	0.86532867	1
0	0.84722954	0
0	0.00276776	1
1	0.6919057	0
1	0.6811776	1
1	0.9906819	1
0	0.92832094	1
0	0.002770234	1
0	0.42521313	0
0	0.65627766	1
0	0.387162	0
1	0.6257218	1
0	0.08264314	0
0	0.06923758	0
1	0.9341656	1
1	0.876763	1
0	0.38002852	0
1	0.9763684	1
0	0.012621027	1
0	0.001956889	0
0	0.1433567	1
0	0.004866198	0
0	0.7959251	0
1	0.9839881	1
0	0.011132218	0
1	0.98185086	0
1	0.5099182	0
0	0.0944971	0
0	0.11237179	1
0	0.036746025	0
0	0.001831296	1
0	0.006899544	1
1	0.6000354	1
1	0.9344015	0
0	0.021768749	1
0	0.07817962	0
0	0.3239821	1
1	0.15745772	0
1	0.98200077	1
0	0.000854364	1
0	0.563979	1
1	0.63278186	0
1	0.97934866	1
1	0.9754387	1
0	0.011644019	1
1	0.5728998	1
1	0.8195338	1
0	0.003345343	0
0	0.010472999	0
0	0.46887413	1
0	0.008394084	1
0	0.003449081	0
0	0.06814313	0
1	0.9967263	0
1	0.8361497	1
0	0.04190965	0
1	0.8472825	0
0	0.001352886	0
0	0.10705575	0
1	0.93791366	0
1	0.9776293	1
0	0.001943984	1
0	0.17164557	0
1	0.88212943	1
0	0.26551563	0
0	0.2669402	1
1	0.77894735	0
0	0.000868896	1
1	0.54970115	0
0	0.6371003	0
0	0.012823665	0
0	0.001269946	0
1	0.7111414	1
0	0.047621932	0
1	0.74707663	0
0	0.002598672	1
0	0.024013361	1
0	0.018834244	1
0	0.21432832	0
0	0.006342972	0
0	0.004302694	0
0	0.022836411	0
1	0.9688289	1
0	0.006582047	1
1	0.76530063	0
0	0.3324172	0
0	0.20684312	1
0	0.016813362	1
1	0.8790193	1
1	0.49167588	1
0	0.048193235	1
0	0.074591696	1
1	0.7631359	0
0	0.04077677	0
0	0.2524149	1
1	0.48238546	0
0	0.001526859	0
1	0.71465844	1
0	0.14339204	1
1	0.96106625	0
1	0.62145025	0
1	0.9788386	1
0	0.07049691	0
0	0.047308877	0
1	0.97629637	1
1	0.6248825	0
0	0.024748694	1
1	0.9397014	1
0	0.014292578	0
1	0.9775848	0
1	0.6171711	1
1	0.8979259	1
1	0.4222665	0
0	0.104365215	0
1	0.8261589	0
1	0.9582786	0
0	0.37823474	0
0	0.06805722	1
0	0.003266406	0
0	0.005072851	1
0	0.96697414	0
0	0.022491068	0
1	0.8271137	0
0	0.019070638	0
1	0.9659612	1
0	0.005380917	1
1	0.874571	0
0	0.002134939	1
1	0.9862432	0
1	0.21622932	1
1	0.9458312	0
0	0.002696871	1
0	0.27217805	1
0	0.003556015	1
0	0.006135522	1
0	0.5960082	1
1	0.4870769	1
1	0.9972857	1
0	0.022257013	1
1	0.70489746	1
0	0.004998707	0
0	0.07709196	1
1	0.5975423	0
0	0.003895152	0
1	0.9386227	1
0	0.001785584	0
0	0.2310618	0
0	0.02789936	1
0	0.82906705	0
0	0.43851942	1
1	0.9386579	1
1	0.8794498	0
1	0.9796643	1
0	0.008267391	1
1	0.96078664	1
0	0.10980119	0
0	0.022922026	1
0	0.22542377	1
1	0.970182	1
1	0.47679135	0
1	0.6212339	1
0	0.005952973	1
1	0.9970252	1
0	0.000507508	0
0	0.36706004	0
0	0.024674706	0
0	0.41224107	1
1	0.9916707	0
0	0.28071913	1
0	0.001214241	1
0	0.78701377	0
1	0.72100896	1
1	0.61601657	1
1	0.88313043	0
0	0.017108835	0
1	0.977372	0
0	0.005283053	1
0	0.018703157	0
0	0.3174598	0
0	0.11276804	1
1	0.7836926	1
0	0.5574173	1
0	0.022653949	0
0	0.005202362	1
0	0.003458467	1
0	0.003197943	1
0	0.40911716	0
1	0.7574064	0
0	0.50162196	1
1	0.9888508	1
1	0.6215462	1
1	0.5210249	0
0	0.005992145	1
0	0.05500523	0
1	0.9498637	0
0	0.002971829	0
1	0.68036073	0
0	0.001987272	0
0	0.002496392	0
0	0.00158278	0
0	0.012102513	1
1	0.10821539	1
0	0.033883404	0
0	0.42196304	0
1	0.6526801	0
1	0.4436204	1
1	0.8884504	1
1	0.93807036	1
1	0.99461305	1
0	0.782326	0
1	0.8169409	0
0	0.08122122	1
0	0.42890215	1
1	0.9687591	0
1	0.99838626	0
0	0.007800996	0
1	0.32691363	1
0	0.07630716	1
0	0.049511053	1
1	0.96405953	0
0	0.003190196	0
0	0.004042443	1
0	0.004343572	1
0	0.00620138	1
0	0.001632087	1
0	0.000591755	1
0	0.07838943	0
1	0.90103084	1
0	0.22941753	0
0	0.028650194	0
1	0.9686235	1
1	0.9460006	1
1	0.72080576	0
0	0.054507222	0
1	0.9865031	1
1	0.7997929	0
1	0.7652728	0
1	0.9905248	0
1	0.4142662	0
0	0.00985094	0
0	0.008948817	0
1	0.39141765	0
0	0.05700432	1
0	0.063016176	1
0	0.002157964	0
0	0.31562307	1
1	0.37531158	0
1	0.9400806	1
0	0.014564624	1
1	0.83335227	0
0	0.23497404	1
1	0.9611138	0
1	0.9347293	1
1	0.7122515	0
1	0.722885	0
0	0.001782179	1
1	0.7307269	1
1	0.71371645	0
1	0.5940655	0
0	0.2953573	0
0	0.4903569	1
1	0.13168451	0
1	0.99389595	0
0	0.003342653	0
0	0.6093399	1
0	0.00963646	0
0	0.13361707	0
1	0.9491611	0
0	0.376371	1
1	0.99189645	1
1	0.5991891	0
0	0.65587705	0
1	0.8868974	1
0	0.003367401	1
0	0.001273833	1
1	0.7233745	1
0	0.004004797	0
0	0.18323794	1
0	0.27066237	1
0	0.024148911	1
1	0.9713433	0
1	0.54047143	1
0	0.010294489	0
1	0.73849636	0
1	0.3203915	1
0	0.4952135	1
0	0.004378751	1
1	0.9782833	1
1	0.7638651	1
0	0.007356185	1
1	0.9845483	1
1	0.9895846	1
0	0.7903173	0
1	0.93069404	1
1	0.41565928	1
0	0.006584311	0
1	0.7203486	0
1	0.8987233	0
1	0.99524325	0
0	0.00403315	0
0	0.2529491	1
0	0.003098626	0
0	0.51278687	1
1	0.9386394	0
0	0.086193256	1
1	0.7323542	0
1	0.5243578	1
1	0.96689934	1
0	0.031553123	1
1	0.7457322	0
1	0.86662126	1
1	0.9487631	1
1	0.53399694	0
0	0.01825203	1
1	0.9347229	1
1	0.8499704	0
0	0.006484893	1
1	0.7528979	1
1	0.6827006	0
0	0.007380731	0
0	0.043239165	0
0	0.00101206	0
0	0.08823755	0
1	0.83164406	1
0	0.045490585	0
0	0.014507049	0
0	0.008817983	1
0	0.27422932	0
0	0.019311653	1
0	0.002126895	0
1	0.99038225	0
1	0.9221023	0
0	0.001142981	0
0	0.002638302	0
1	0.9446369	0
0	0.4468087	1
0	0.006651751	0
1	0.9765894	0
0	0.003927337	0
1	0.902857	0
0	0.27631158	1
0	0.013495762	0
1	0.49272457	0
1	0.49388668	0
0	0.034286328	1
0	0.07044321	1
0	0.009348989	0
0	0.8100428	0
1	0.79975617	0
0	0.33154306	0
0	0.003944983	1
0	0.031150347	1
1	0.83166283	0
1	0.9398467	1
1	0.6665285	1
1	0.7446742	0
0	0.3125153	0
0	0.002054928	1
0	0.3727616	1
0	0.26343763	1
1	0.8765053	1
1	0.8002173	1
1	0.93025976	0
0	0.039571606	0
0	0.016825294	1
1	0.9862701	1
0	0.003457676	0
0	0.11260875	0
0	0.007675515	1
1	0.7836573	0
1	0.6847742	1
0	0.010521066	1
0	0.3268841	0
1	0.9858591	0
1	0.90794575	0
1	0.8869772	0
0	0.021762418	0
0	0.004505956	0
1	0.8476135	0
0	0.06371053	1
0	0.008464864	0
0	0.003952442	1
1	0.9770461	0
0	0.01170414	1
0	0.03649509	1
1	0.53328115	1
1	0.9890233	0
1	0.9558844	1
1	0.83422405	1
1	0.97290945	1
0	0.017197683	0
1	0.922596	1
1	0.72734773	1
0	0.5392114	1
0	0.002436924	0
1	0.9097157	1
0	0.006900243	1
1	0.80634433	1
0	0.004291897	1
1	0.49649367	1
1	0.984271	1
1	0.9795629	0
0	0.013770636	1
1	0.9785579	1
0	0.000750537	0
0	0.001641638	1
1	0.92089593	1
0	0.3027941	1
1	0.8529148	1
0	0.0741866	1
0	0.006692866	0
1	0.88545644	0
0	0.09680612	1
0	0.004405389	1
1	0.7268042	1
0	0.007684338	0
0	0.15679742	0
1	0.41123682	1
0	0.11244286	1
1	0.72640276	0
0	0.07882128	0
0	0.006848865	1
0	0.10714946	1
1	0.9827068	1
1	0.79828715	1
1	0.9922086	1
0	0.001800484	0
0	0.27409673	1
1	0.5846664	1
1	0.75862205	0
0	0.016374629	1
0	0.001373603	1
0	0.032156147	1
1	0.23241068	0
1	0.99709046	1
0	0.53379804	0
0	0.026229585	1
1	0.38241717	0
1	0.98290503	1
1	0.6082071	0
1	0.87746835	0
1	0.94921404	1
0	0.5186378	0
0	0.003597626	1
0	0.38262418	1
0	0.00727353	0
0	0.16799857	1
0	0.009876027	1
0	0.14053378	0
0	0.029385876	1
0	0.00166138	0
1	0.786109	1
0	0.04611218	1
0	0.48442772	1
0	0.037588526	0
1	0.9045497	0
1	0.8914327	1
0	0.008171631	0
0	0.54552424	1
0	0.47043756	1
0	0.059289616	1
0	0.55328786	0
1	0.7896353	0
0	0.009145156	0
1	0.98047584	0
0	0.003201191	1
1	0.8378408	1
0	0.001281548	1
0	0.77829367	1
0	0.013278941	1
0	0.03282551	1
0	0.2563197	1
1	0.8297466	0
0	0.056772653	0
1	0.409895	1
1	0.99376726	0
1	0.8796539	1
1	0.74337673	0
0	0.79513884	0
1	0.89822876	0
1	0.70470077	0
1	0.28465727	0
0	0.23135762	0
0	0.005045101	1
0	0.043142706	0
1	0.90993	0
0	0.006556934	0
1	0.96844685	1
0	0.032816414	1
1	0.9702945	0
1	0.9276344	0
1	0.68627393	0
0	0.00465032	0
0	0.006229299	0
1	0.95570284	1
0	0.034167144	1
1	0.8395309	0
0	0.033147924	0
1	0.90494126	1
1	0.30597174	1
1	0.99276143	1
0	0.006252742	0
0	0.09459487	0
1	0.88026977	0
0	0.051622268	1
0	0.055369344	1
1	0.7050193	1
1	0.8762667	0
0	0.47214767	1
1	0.45719832	0
1	0.8230672	1
0	0.002025171	0
0	0.020507175	1
1	0.9805729	0
0	0.004126564	0
0	0.010074481	0
0	0.49919853	0
1	0.41388822	1
0	0.39221117	1
1	0.68951213	0
1	0.98935705	1
0	0.67865074	0
0	0.015569192	1
0	0.043437593	1
1	0.9895974	1
1	0.9921732	0
1	0.78119415	0
0	0.08442668	1
0	0.42779917	1
1	0.9930877	0
1	0.98121786	1
1	0.90375286	1
0	0.013194915	0
1	0.91553086	1
0	0.7005212	0
1	0.88020426	1
0	0.51026374	1
0	0.00742118	1
0	0.001460487	1
0	0.016988559	1
0	0.004278487	0
0	0.020102212	1
0	0.003418663	0
0	0.008913848	1
0	0.06743931	0
1	0.98368406	0
1	0.44833118	1
1	0.19991896	1
0	0.002412524	0
0	0.014074878	0
1	0.24522024	0
1	0.99006104	1
0	0.003637428	1
0	0.004039014	0
1	0.94240534	0
0	0.00220433	0
0	0.044505212	0
1	0.98202056	0
1	0.9186072	1
0	0.53436255	0
0	0.6231375	1
0	0.000917242	0
0	0.005622787	0
0	0.004513123	1
1	0.5649793	0
1	0.64415896	1
1	0.7634812	1
0	0.48158613	0
0	0.068325125	0
0	0.7366404	0
0	0.16993897	0
0	0.43969008	0
0	0.020739598	0
1	0.52953607	1
0	0.012377692	1
0	0.11257456	1
1	0.22002131	0
1	0.903741	1
0	0.099014774	1
1	0.92680925	1
0	0.61371356	0
0	0.001747534	0
0	0.025402984	0
0	0.006500798	1
0	0.002041872	1
0	0.1047266	1
0	0.1338278	1
0	0.005039531	1
1	0.78936195	1
0	0.015060422	0
0	0.34969914	0
0	0.30047202	1
0	0.67652446	0
0	0.000490752	1
0	0.013363922	0
0	0.04557753	0
1	0.9939307	1
1	0.58864015	0
1	0.71138537	0
1	0.7416021	0
0	0.06390175	0
0	0.005282065	1
1	0.9661225	0
0	0.010327796	0
0	0.11704127	1
0	0.033851247	0
1	0.33096585	0
0	0.37479636	1
0	0.011138839	1
0	0.006002765	0
0	0.008166639	1
1	0.9793778	0
1	0.982177	0
1	0.99202865	1
0	0.015312745	0
0	0.724663	0
0	0.002584369	1
1	0.94300526	1
0	0.000880223	0
0	0.003981568	0
0	0.53613657	1
0	0.012099435	0
0	0.37101102	0
1	0.90324736	1
1	0.00129426	0
0	0.66270024	1
1	0.76339585	0
1	0.7758428	0
0	0.8217367	1
0	0.001051643	1
1	0.982356	0
0	0.11862528	0
1	0.7664501	0
0	0.43715766	1
0	0.006974095	0
0	0.009775066	0
0	0.042535473	1
0	0.006723798	0
0	0.016778825	0
1	0.5452343	1
1	0.98136145	1
0	0.005187335	1
1	0.9955154	0
0	0.5550578	0
1	0.7125085	0
0	0.055290014	1
0	0.4087481	1
1	0.5484103	0
0	0.030473491	0
0	0.005337767	1
0	0.023967925	0
0	0.24958816	1
1	0.4839334	1
1	0.95393157	0
0	0.009055376	1
0	0.1042872	1
1	0.45346147	0
1	0.89604115	0
0	0.017541084	0
0	0.042321723	1
0	0.06488686	1
0	0.019664558	1
0	0.8533862	1
0	0.002821264	1
0	0.005571309	0
0	0.0226236	0
0	0.002475495	1
1	0.9656196	1
1	0.7726698	0
0	0.3173009	0
0	0.002291288	1
1	0.9980647	0
0	0.048684135	1
0	0.054923043	1
1	0.6697785	0
0	0.032775007	1
1	0.5226279	0
0	0.08319	1
1	0.9524784	1
0	0.005538171	1
1	0.29263577	0
0	0.006605376	1
1	0.99573827	1
1	0.98393285	0
0	0.39270768	0
0	0.017093536	0
0	0.00273868	1
0	0.001242171	0
0	0.004115996	1
0	0.06973524	0
0	0.020126183	0
0	0.002077973	1
1	0.88433444	0
0	0.00295482	1
0	0.035237573	0
1	0.96355295	1
0	0.09039045	1
1	0.65121984	1
0	0.018671053	0
0	0.016539877	1
0	0.059479944	0
0	0.056842193	0
1	0.99318004	1
0	0.038622126	1
0	0.00617497	1
0	0.7980861	1
1	0.7041986	0
0	0.23604497	0
0	0.071709536	1
0	0.7980766	0
1	0.7130125	1
0	0.004028895	0
0	0.000874981	1
0	0.013279096	1
0	0.5903562	0
0	0.003149765	1
0	0.004819056	1
1	0.7949985	0
0	0.10687288	0
1	0.29324755	0
1	0.87457675	1
1	0.981326	0
1	0.97959566	0
1	0.62478095	0
1	0.9750904	0
1	0.5927599	0
0	0.008547805	0
0	0.41748458	0
1	0.86247975	1
0	0.18014365	1
0	0.08545074	1
0	0.004539914	1
0	0.036663774	0
1	0.9975479	1
0	0.41535032	0
0	0.015637584	1
0	0.44073296	0
1	0.96325386	1
0	0.00147747	0
0	0.000875057	0
0	0.47291842	1
0	0.004406135	0
0	0.03551912	0
0	0.007527377	1
1	0.49157447	1
0	0.031914838	1
1	0.84953076	0
1	0.8143504	0
0	0.025547117	0
1	0.99413824	0
1	0.48749152	0
0	0.036635555	1
0	0.006833334	0
1	0.66346675	0
0	0.15021266	1
1	0.9505701	1
0	0.006143394	1
1	0.4313381	1
1	0.9600089	0
0	0.005330865	1
0	0.3939963	1
1	0.9625189	1
1	0.7648536	1
1	0.9977229	0
1	0.800076	1
0	0.002500079	0
0	0.46358073	0
0	0.02000887	1
0	0.024624659	0
0	0.004402414	0
0	0.007327463	1
0	0.12037757	1
0	0.001672485	0
0	0.011757968	0
1	0.9833093	0
1	0.9722701	1
0	0.93401843	0
1	0.53093344	1
0	0.013024928	0
0	0.15611209	0
0	0.13286719	1
0	0.03215869	1
0	0.57359457	1
0	0.022255873	1
1	0.84177905	0
1	0.994214	0
1	0.9677952	0
1	0.9781214	0
1	0.95764476	1
0	0.00422411	0
1	0.82919407	0
0	0.002768741	1
0	0.014970406	1
0	0.030766638	0
1	0.98865974	1
0	0.08997316	0
0	0.0908822	1
1	0.27154785	0
0	0.002510644	1
0	0.33480152	0
0	0.13319726	1
0	0.00405006	0
0	0.010365911	1
0	0.002604615	0
0	0.00161128	0
0	0.6291789	0
1	0.6878408	1
1	0.9926475	1
1	0.6739048	1
0	0.01335484	0
0	0.01642431	0
1	0.85369635	0
1	0.82646745	1
1	0.39758968	1
0	0.16276942	1
0	0.4723459	1
1	0.7927845	0
1	0.98855096	1
0	0.001905776	1
1	0.6759303	1
1	0.52762425	1
0	0.582508	0
0	0.48839796	1
0	0.018221565	1
1	0.6898462	1
0	0.009459022	0
0	0.13768229	1
0	0.2671499	0
1	0.78625774	1
1	0.9862396	0
1	0.9415772	1
0	0.01740795	1
0	0.002616888	0
0	0.006890649	1
0	0.022423325	0
0	0.18567267	0
0	0.044408165	1
1	0.9476987	0
0	0.22960061	1
0	0.03853876	0
1	0.99652714	0
0	0.00094396	1
0	0.0491411	0
1	0.89786625	1
0	0.011506706	1
0	0.003726167	0
1	0.8722184	1
0	0.006742515	0
0	0.010520421	0
0	0.4248985	0
1	0.912372	1
0	0.060765617	1
1	0.9597392	1
1	0.7144328	0
0	0.005365723	1
1	0.9451422	1
0	0.38216755	0
1	0.9455259	0
0	0.059698638	0
1	0.48372158	0
1	0.904982	0
1	0.97542125	1
0	0.44526234	1
1	0.6760079	0
0	0.062043782	1
1	0.7632347	1
1	0.8445861	0
0	0.03933006	0
0	0.006384031	1
0	0.03588585	0
1	0.98996794	1
1	0.8910969	1
1	0.746647	1
0	0.038133413	1
1	0.92349434	0
0	0.39144835	0
1	0.99280304	1
1	0.7570674	0
0	0.413023	1
1	0.978824	0
0	0.000837011	0
1	0.8337617	0
0	0.20465842	0
1	0.8590835	0
1	0.92953056	1
0	0.08931183	1
0	0.5431036	0
1	0.7193362	1
0	0.03974705	1
0	0.077981636	1
1	0.8324453	1
1	0.8833634	1
0	0.14508115	1
0	0.13041091	0
1	0.5532793	0
1	0.8279443	0
1	0.42649886	1
0	0.3561504	1
1	0.99695766	1
1	0.75399584	1
1	0.21429612	0
0	0.004499501	0
0	0.002228127	0
0	0.002006073	1
0	0.001176634	1
1	0.8125654	1
0	0.003384071	1
0	0.016657587	1
1	0.9673058	1
0	0.002062117	0
0	0.25608617	1
0	0.368874	1
1	0.85442257	1
0	0.012270403	0
0	0.004727638	0
0	0.049651142	1
0	0.058271393	0
0	0.001415837	0
0	0.12606427	1
1	0.7972869	1
0	0.0926721	0
0	0.003909641	1
0	0.3349133	1
1	0.9885944	1
0	0.683286	1
0	0.02287567	1
0	0.003689486	1
1	0.48345914	1
0	0.006205916	1
1	0.99760157	0
0	0.060342994	0
0	0.001399752	1
1	0.8480703	1
1	0.97429216	0
0	0.012217901	0
0	0.002852625	0
1	0.9125945	1
1	0.98545396	1
1	0.8264633	1
0	0.34875014	1
1	0.98502076	1
1	0.7234336	1
0	0.004112217	1
1	0.9481262	1
1	0.54841447	1
0	0.002434495	1
0	0.3405566	0
0	0.007946278	0
1	0.97958666	1
0	0.000987082	1
0	0.18806899	1
0	0.020417878	1
1	0.9069801	0
1	0.965384	1
1	0.94015855	0
1	0.6768066	0
0	0.003866248	0
1	0.53495127	0
0	0.07154163	1
0	0.18774483	1
0	0.5743371	1
0	0.028830113	0
0	0.006489459	0
1	0.736302	1
0	0.002668936	0
0	0.019219471	1
0	0.28064752	1
0	0.28098416	0
1	0.73274523	0
1	0.7735101	1
0	0.16569339	0
1	0.9217387	1
0	0.1005499	0
0	0.051728215	0
1	0.86723644	1
0	0.06624601	1
1	0.91295654	1
0	0.48708257	0
0	0.019940773	0
1	0.38140452	0
0	0.46222055	0
1	0.9842444	0
1	0.6820696	1
0	0.051106166	1
1	0.35540396	0
1	0.38528243	0
1	0.8366139	0
0	0.63415325	0
0	0.3082827	1
1	0.972464	0
1	0.97589713	0
0	0.2738102	0
0	0.08891496	1
0	0.019963395	0
0	0.010159367	0
0	0.017133221	0
0	0.42926973	0
0	0.015043999	1
1	0.94907314	0
0	0.000552731	1
1	0.30343848	1
0	0.50609154	1
0	0.031880282	0
1	0.6153529	1
1	0.35158792	1
0	0.003432156	0
0	0.20409085	1
1	0.8527793	1
0	0.013318987	1
0	0.001979268	0
1	0.9914585	0
0	0.036082465	0
0	0.43217668	1
0	0.005918128	0
1	0.7954098	1
0	0.6097599	0
0	0.207839	1
0	0.001963552	0
0	0.046354726	1
1	0.6503668	0
0	0.091372766	1
1	0.8954189	1
1	0.66135037	1
1	0.79473567	0
0	0.003044423	1
1	0.9958807	1
0	0.006680572	0
0	0.023533465	0
1	0.5785123	1
1	0.9531105	1
0	0.003816385	0
1	0.9393156	0
1	0.86517686	0
0	0.049201686	1
1	0.05698247	0
0	0.026419343	0
0	0.7576158	0
0	0.073517956	1
0	0.11516435	1
1	0.8657014	1
1	0.9747857	1
0	0.16427846	1
0	0.001840833	1
1	0.85232127	1
1	0.8883712	0
1	0.6851348	0
0	0.001993656	1
1	0.88033867	1
0	0.44827995	1
0	0.001775331	0
0	0.022894464	0
0	0.08494847	1
0	0.3283161	0
0	0.24037077	0
1	0.9837235	1
0	0.9747654	0
1	0.9691985	1
0	0.00506447	1
0	0.001726459	0
0	0.007293288	1
0	0.004834643	0
1	0.79446375	0
0	0.70449877	0
1	0.30196002	0
1	0.8780876	1
0	0.117369875	0
1	0.98679125	1
1	0.5794904	0
1	0.95133644	1
0	0.36802238	0
1	0.7870463	0
1	0.99428856	1
1	0.92566603	1
1	0.38716024	0
1	0.99581075	1
0	0.005762931	1
0	0.114692025	0
1	0.9768917	1
0	0.4338879	0
0	0.13057443	1
1	0.48123443	0
0	0.003435091	1
1	0.86513835	0
1	0.86967087	1
0	0.33459684	0
1	0.99214196	0
0	0.002447187	0
1	0.857568	1
1	0.6968394	0
1	0.9669407	0
0	0.044423427	0
1	0.9098377	0
0	0.033977795	1
0	0.002117589	1
1	0.9628903	0
0	0.026659675	0
0	0.00346716	0
0	0.8999067	0
0	0.002931369	1
0	0.2975132	0
0	0.56454897	0
1	0.18959203	1
1	0.5251166	1
1	0.79671913	0
1	0.6044746	1
1	0.89948577	0
0	0.08701131	1
1	0.7822702	0
1	0.6423654	1
1	0.9649917	1
0	0.54554886	1
0	0.001665462	0
0	0.10233211	1
1	0.78757554	0
1	0.96667707	0
1	0.9931049	1
1	0.9778265	0
1	0.7511977	1
1	0.46642372	0
1	0.79277843	1
1	0.97389394	1
1	0.9554418	0
1	0.7029476	1
0	0.0034965	0
1	0.91371876	1
1	0.75642043	1
0	0.03918347	1
0	0.046538126	1
0	0.007971209	0
0	0.38119835	0
0	0.005389931	0
0	0.003579547	0
0	0.003091404	1
0	0.044136003	0
1	0.6006762	1
0	0.001607868	1
1	0.9237193	0
1	0.89029926	1
0	0.13574903	1
0	0.021013314	0
1	0.83295584	0
1	0.62142295	1
0	0.17311946	1
0	0.19128203	1
1	0.6493388	1
1	0.9743022	1
1	0.67555314	1
1	0.9851452	0
1	0.55060804	1
0	0.004209511	0
1	0.5924131	1
0	0.14841053	1
0	0.030355863	1
0	0.006118732	1
1	0.68542546	0
0	0.20088156	0
0	0.006988054	1
1	0.7205786	1
1	0.83112115	1
0	0.70761424	1
1	0.6035558	1
0	0.8544636	1
1	0.9722624	0
1	0.87612545	1
0	0.70741254	1
0	0.039688688	0
1	0.6490723	1
0	0.054577533	0
0	0.020812044	0
0	0.002016852	1
1	0.84471714	0
0	0.10741727	0
0	0.051405672	1
0	0.005285393	1
0	0.31919017	0
1	0.99880993	0
1	0.7267101	1
0	0.7687356	0
1	0.48015273	0
1	0.9960188	1
1	0.7661053	1
1	0.19031076	1
0	0.97697985	0
1	0.94191223	1
1	0.57556456	0
1	0.9973236	1
0	0.000932636	0
1	0.79234767	0
1	0.76489997	0
0	0.68943584	0
1	0.95363754	0
1	0.748937	1
1	0.8066713	0
1	0.91042185	0
1	0.9698658	0
1	0.6683565	1
1	0.5298934	1
1	0.9978263	1
0	0.68922824	1
0	0.06261308	0
1	0.94305336	0
0	0.00410532	0
0	0.2947981	1
0	0.59579945	0
1	0.8834006	1
0	0.019316657	1
0	0.007149407	1
0	0.50562096	1
1	0.9469121	0
1	0.9293564	1
0	0.032492004	1
0	0.7354624	0
0	0.001954082	1
0	0.015267622	0
0	0.16731316	1
0	0.4692161	0
1	0.16148132	0
0	0.002579297	1
0	0.003972553	1
1	0.73270416	1
0	0.032542482	1
0	0.55051374	0
0	0.019364756	0
1	0.9715735	1
0	0.447527	1
0	0.04614717	0
0	0.001913504	0
1	0.6605095	0
0	0.32951382	0
1	0.9796346	1
1	0.6927033	0
1	0.29581007	0
1	0.983705	0
0	0.39646387	1
0	0.019946393	0
0	0.018018482	1
0	0.12762907	1
0	0.022497116	0
0	0.002152516	1
0	0.004863899	1
1	0.6391248	1
0	0.002654483	1
0	0.012355753	1
0	0.002218811	0
0	0.006610203	0
0	0.001733478	1
0	0.20599258	1
1	0.91041577	0
0	0.13000202	1
0	0.13375859	0
1	0.878164	1
0	0.74497813	0
0	0.5972744	0
1	0.9891054	0
1	0.957469	0
0	0.006122549	0
0	0.010563564	1
0	0.24915813	0
0	0.030439401	0
0	0.30201477	1
1	0.101382665	0
0	0.26131785	0
0	0.010808304	0
1	0.98671365	0
0	0.024390226	0
0	0.03345318	1
1	0.8845795	1
0	0.004634751	0
0	0.111823104	1
0	0.005462719	0
1	0.36891982	1
0	0.006494389	1
0	0.001031012	0
1	0.46851116	1
0	0.000887629	0
0	0.010656739	0
0	0.002728808	0
0	0.003833696	1
0	0.1924671	0
0	0.008706301	1
0	0.108303055	1
0	0.006945236	0
0	0.003935557	1
1	0.9707572	0
0	0.68538123	0
0	0.64690936	1
0	0.003026759	1
1	0.92094177	1
1	0.97144055	0
1	0.9948571	0
1	0.054719467	0
0	0.03402215	0
0	0.15661442	1
0	0.09440731	0
0	0.001851041	1
0	0.033595156	1
0	0.000923573	0
0	0.013874049	0
0	0.004198807	0
1	0.57681257	0
0	0.003020843	0
0	0.009850014	1
1	0.94037366	0
0	0.05882666	1
1	0.975271	0
0	0.000840835	0
0	0.001449412	0
0	0.00225619	0
0	0.001676257	1
0	0.38221997	0
0	0.002366971	0
1	0.73417866	1
0	0.9631873	0
1	0.8676253	0
1	0.70830417	1
1	0.8253032	1
0	0.6135518	1
0	0.09045279	1
1	0.80389166	0
0	0.04328935	1
1	0.9591069	1
0	0.001318318	0
0	0.102883905	1
0	0.002993774	0
0	0.24213785	0
1	0.9952409	1
0	0.006797219	0
1	0.74942654	1
0	0.003016745	0
0	0.001515483	0
0	0.006069632	0
0	0.036289074	1
0	0.013721403	0
0	0.082985945	0
0	0.3294441	0
1	0.9490885	0
1	0.9751363	0
0	0.001106208	1
1	0.9257119	0
1	0.7253158	0
0	0.06711311	0
0	0.6311668	1
1	0.82687736	1
0	0.001212337	1
0	0.25161052	1
0	0.36632022	0
0	0.011219269	0
0	0.034341868	1
0	0.003311755	0
1	0.9926886	0
1	0.9860459	0
1	0.7641517	1
1	0.7771555	0
0	0.5948646	0
0	0.001024737	0
0	0.003718482	1
1	0.24036522	0
0	0.006806629	1
1	0.2425951	0
0	0.012555664	1
1	0.61573	1
1	0.6879147	0
0	0.007654968	0
0	0.017864041	0
0	0.097792596	1
0	0.002856446	0
1	0.9535909	0
0	0.001783476	0
0	0.074864924	1
1	0.9908137	0
0	0.003877503	1
0	0.39803955	1
1	0.9914834	1
0	0.06740333	1
0	0.002822783	1
0	0.6544957	1
1	0.9612246	1
0	0.3430017	1
0	0.001669392	1
0	0.7833423	1
1	0.8339679	0
0	0.002576628	1
1	0.60476726	0
0	0.005047974	0
0	0.003330351	0
0	0.009858008	1
0	0.5173309	0
1	0.688155	1
1	0.79122055	0
1	0.8434039	1
0	0.003828885	1
1	0.730054	1
0	0.664372	1
1	0.9635571	1
1	0.69436556	1
0	0.001204424	0
1	0.9591839	0
0	0.16332266	0
1	0.3583138	0
0	0.00581695	1
1	0.8345408	0
1	0.8688205	0
0	0.045070942	1
0	0.55463094	1
0	0.001775232	1
0	0.73385143	1
0	0.008605225	1
1	0.665747	1
0	0.76798767	0
0	0.855278	0
0	0.02180866	1
0	0.022179661	0
1	0.4456296	0
0	0.023145184	0
0	0.013167748	1
1	0.90025485	0
0	0.08324504	1
1	0.9807797	0
0	0.001224225	0
1	0.976388	1
1	0.2916603	1
0	0.04035335	1
0	0.001853216	1
1	0.1235142	0
0	0.001401777	0
0	0.002310884	1
0	0.07842045	0
0	0.011874748	0
1	0.8054626	1
1	0.5076729	0
0	0.2823794	1
0	0.585652	0
0	0.004433311	1
0	0.022167455	1
1	0.9925241	1
0	0.002131273	1
1	0.6864535	1
0	0.013988768	1
1	0.17189108	0
0	0.5603513	1
0	0.9821583	0
0	0.001722293	1
0	0.02276621	1
0	0.04700095	1
0	0.7264648	0
0	0.021675734	0
0	0.02899183	1
0	0.005732635	0
0	0.7909179	0
0	0.09340904	0
1	0.7430006	1
0	0.04897589	1
0	0.40214577	0
0	0.056071866	0
0	0.10530228	1
1	0.76538056	1
0	0.18456012	0
0	0.048214722	1
1	0.7404995	0
1	0.71627474	1
0	0.04851803	1
1	0.9300793	1
1	0.567839	0
1	0.3070319	0
1	0.6103672	1
0	0.5491887	0
0	0.9526646	0
1	0.86585	0
0	0.17085998	1
0	0.094388425	0
0	0.007806676	1
1	0.90669656	1
0	0.012657439	1
0	0.5504865	1
0	0.105190046	1
0	0.006897127	0
1	0.94802934	1
1	0.947407	1
1	0.9963881	1
0	0.63503695	0
1	0.66836905	1
0	0.002405219	0
0	0.12002539	1
0	0.008811555	1
0	0.000861916	1
1	0.61537415	1
0	0.050958905	0
0	0.16424963	0
0	0.010517915	1
0	0.002603772	1
0	0.038982812	1
0	0.00391506	1
0	0.001762093	1
1	0.82608336	0
1	0.9224166	0
0	0.014159641	0
1	0.9980323	0
0	0.20491856	1
1	0.80245507	1
1	0.65839267	0
1	0.94334185	0
1	0.9859228	1
0	0.016871745	1
1	0.9284359	1
1	0.7840855	1
0	0.7479431	0
0	0.031487744	0
1	0.7458475	0
0	0.031946894	1
1	0.9981688	1
0	0.020179354	1
0	0.004335963	1
0	0.004452707	1
1	0.90813684	1
0	0.004202539	0
0	0.77683824	1
0	0.027549215	1
0	0.4767207	0
0	0.038902577	1
0	0.6158608	1
1	0.7428072	0
0	0.001469878	1
0	0.41944233	0
0	0.001478629	0
1	0.541019	1
0	0.006342846	0
0	0.01176789	1
0	0.85390466	0
1	0.2352407	0
0	0.001238374	1
0	0.032747038	0
0	0.49368897	1
0	0.001380925	1
1	0.7499947	1
1	0.98874515	1
1	0.9956311	0
0	0.2776805	1
1	0.9816985	1
0	0.003928787	1
0	0.009372615	1
0	0.004995812	1
1	0.9003903	1
0	0.001290555	1
0	0.004213671	1
1	0.9381628	1
0	0.11928997	0
0	0.43640444	1
1	0.8612044	1
1	0.2064692	0
1	0.58312845	0
1	0.64150923	0
1	0.9291777	0
1	0.6683226	1
1	0.39221466	0
0	0.7470286	0
1	0.94930923	0
1	0.4939324	0
0	0.003874971	1
0	0.29367426	0
0	0.009890426	1
0	0.002722299	1
0	0.001506804	1
0	0.001911744	1
1	0.56397307	1
0	0.024524583	1
0	0.019211682	0
0	0.007453934	1
1	0.58193177	1
0	0.003001174	0
1	0.33999136	0
0	0.01930151	1
0	0.20765679	1
0	0.01989189	1
0	0.05435723	0
0	0.001932138	1
0	0.05919373	1
0	0.18779227	0
0	0.48256502	0
1	0.90632033	1
1	0.8445046	1
1	0.20586002	0
0	0.34671262	0
0	0.013573675	1
1	0.7731535	0
0	0.23722054	1
0	0.02230265	1
1	0.9668132	1
0	0.003395408	1
0	0.10185167	0
0	0.3030768	1
1	0.6393236	0
0	0.08925741	0
0	0.004747182	0
1	0.98920655	0
1	0.9903762	0
1	0.6878592	0
0	0.022115538	0
0	0.08082742	0
1	0.35597822	0
0	0.001568674	1
0	0.005395355	1
0	0.002643331	0
1	0.9966606	1
1	0.39387926	0
1	0.9235406	0
1	0.99330974	1
0	0.00858637	1
1	0.9895236	0
1	0.87491655	0
0	0.5130333	1
1	0.975007	1
1	0.99775887	1
1	0.8262132	1
0	0.009685769	1
0	0.38692132	0
1	0.74504966	1
0	0.534451	0
0	0.011554701	1
0	0.002618523	0
0	0.007851252	0
0	0.23323488	1
0	0.094802305	0
1	0.96056604	1
0	0.019089786	1
1	0.65151143	1
1	0.9802391	0
1	0.9942121	1
0	0.45279956	1
1	0.9971608	0
0	0.11254249	0
1	0.8504695	0
1	0.99542725	1
1	0.98091894	1
1	0.8948676	0
0	0.003201665	1
1	0.9919328	1
1	0.7228016	0
0	0.24824342	0
1	0.56182694	0
1	0.49914923	0
1	0.8145591	0
0	0.00667894	0
0	0.38167477	1
1	0.85230786	0
1	0.59147716	1
0	0.0844056	1
1	0.24520339	0
1	0.76080275	0
1	0.565797	0
0	0.08487915	1
1	0.58967143	1
0	0.15229663	0
0	0.0793191	0
1	0.8894786	0
0	0.17218743	0
1	0.9257006	0
1	0.80811065	0
0	0.031057052	1
0	0.000776699	0
1	0.9752254	1
0	0.000875837	1
0	0.03756764	0
1	0.97807807	1
0	0.35601956	0
1	0.582059	1
0	0.24274096	0
0	0.1437883	1
0	0.0904688	1
1	0.8613119	0
0	0.4705567	0
0	0.23294644	1
0	0.08833797	0
1	0.79530406	1
0	0.00273462	1
0	0.012721271	1
0	0.010948207	0
0	0.7021474	1
0	0.010729189	1
0	0.010813235	0
1	0.68952876	1
0	0.007504427	0
1	0.7986709	1
1	0.6775423	1
0	0.16287994	1
0	0.002496336	0
0	0.5584976	0
0	0.050593443	1
1	0.9914472	1
1	0.9938791	0
0	0.007865327	1
0	0.5920109	0
1	0.80634755	0
1	0.95083696	1
0	0.000793118	1
0	0.616435	1
0	0.42759964	0
1	0.8558046	0
0	0.21734479	0
1	0.2431683	0
1	0.89147425	1
1	0.9356855	0
0	0.013809658	0
0	0.004913951	1
0	0.37021065	1
0	0.006100546	1
1	0.973443	0
1	0.9408521	1
1	0.99015766	1
1	0.9293351	0
0	0.009718783	0
0	0.5707805	1
0	0.002492304	0
0	0.64636654	1
0	0.61862123	0
1	0.9543424	1
0	0.00865309	0
0	0.002238823	1
1	0.84834117	1
1	0.7417912	1
1	0.71976274	0
0	0.001897089	1
1	0.8529396	0
0	0.005762481	1
0	0.56474864	0
0	0.003238719	0
0	0.36275113	1
0	0.051724836	1
0	0.007455638	1
1	0.96368676	0
1	0.9219538	0
0	0.7899678	0
1	0.8241436	1
0	0.23117828	1
1	0.8270789	1
0	0.74340165	0
1	0.66960824	1
0	0.022027899	0
0	0.011577188	0
0	0.006934201	1
1	0.9469326	0
1	0.96401864	1
0	0.00675394	1
0	0.54396665	0
1	0.98579025	1
0	0.25256705	1
0	0.14107955	0
0	0.29872397	1
0	0.001500578	0
0	0.012419188	1
1	0.2456704	0
0	0.05073211	1
1	0.89932597	0
1	0.7159076	0
1	0.78551984	0
0	0.00372926	0
0	0.108821996	0
0	0.045748267	1
0	0.5439915	1
0	0.0688628	0
1	0.97969925	1
1	0.9244944	1
0	0.001409946	0
1	0.964357	0
1	0.9870388	0
1	0.3605989	1
1	0.25058532	1
0	0.0378153	1
1	0.3908282	0
0	0.17973265	0
1	0.56400996	0
0	0.010465954	1
0	0.006254144	1
0	0.009613128	1
0	0.898164	0
1	0.90088	0
0	0.60497606	0
1	0.6625591	1
1	0.75332695	0
0	0.013407449	0
0	0.001970951	0
1	0.6274927	1
0	0.001772268	0
0	0.022109473	0
1	0.8105633	1
0	0.003900315	1
1	0.9303857	0
1	0.9381656	1
0	0.09593668	1
0	0.80082804	0
1	0.98767173	0
0	0.03809319	0
1	0.96593374	1
0	0.07191389	0
0	0.2636843	1
0	0.08206514	0
1	0.98819274	1
0	0.059111245	0
1	0.9978389	1
0	0.57558113	1
0	0.4981412	0
1	0.9938356	0
0	0.039282262	0
1	0.9947797	0
1	0.8837014	1
1	0.87604177	1
1	0.93216234	1
1	0.15360828	0
0	0.042992618	1
1	0.72177106	0
0	0.005162013	0
0	0.027967742	0
0	0.43390727	1
1	0.029411402	0
0	0.001476597	1
1	0.94055545	1
0	0.009711241	1
1	0.36338013	0
0	0.085556686	1
1	0.7606518	1
0	0.30433375	0
0	0.7596664	1
1	0.7717349	1
1	0.81257117	0
0	0.085186735	0
0	0.010207927	1
0	0.18431064	0
1	0.9346658	0
1	0.7493932	0
1	0.7787367	0
0	0.6179371	1
0	0.7046477	0
0	0.00578412	1
0	0.001649715	1
1	0.993396	1
1	0.9267525	0
1	0.94996965	0
0	0.41091284	0
1	0.62568444	0
0	0.019931601	0
0	0.21982023	1
0	0.3380136	1
0	0.002543978	0
0	0.22934487	1
1	0.4182602	0
0	0.16898605	0
1	0.84182966	1
1	0.9939466	0
0	0.003946524	0
1	0.5950252	0
0	0.05522274	1
0	0.004369207	0
1	0.9503742	1
0	0.49207538	1
0	0.040221933	1
0	0.000627301	0
1	0.76416993	1
1	0.98325944	1
0	0.004229294	0
1	0.4656541	0
1	0.92456573	0
1	0.4195186	1
1	0.29117694	1
0	0.002344882	1
0	0.16760387	1
1	0.9750905	1
0	0.49706906	1
1	0.42799965	0
0	0.003230526	1
1	0.91629905	1
0	0.046226148	0
0	0.37052834	0
1	0.90517306	0
0	0.005134462	0
1	0.9895639	0
1	0.59291303	0
0	0.01642458	0
0	0.3181409	0
1	0.9933362	0
0	0.5012072	0
0	0.61182445	0
1	0.9103282	0
1	0.8431893	1
1	0.9658837	0
1	0.8346661	0
1	0.8318305	0
0	0.018803103	1
0	0.014130695	1
0	0.00116657	1
0	0.010010531	1
0	0.010991124	1
1	0.9428504	0
1	0.9115186	0
1	0.986741	0
0	0.09154178	0
1	0.89382327	1
1	0.6059984	1
0	0.058076967	0
1	0.62969637	0
0	0.0061991	1
0	0.013946934	1
0	0.17799172	1
1	0.8762992	0
1	0.9396052	1
0	0.02375332	0
0	0.03233688	0
1	0.7752276	1
0	0.001934205	0
0	0.009471741	1
1	0.97395545	1
0	0.14557417	0
1	0.6198766	0
0	0.003797635	1
0	0.18070562	1
1	0.9938691	1
0	0.034285042	0
1	0.9584119	1
1	0.60002816	0
0	0.001945969	0
0	0.004454379	0
0	0.007703097	0
1	0.89244705	0
0	0.009283815	1
0	0.016461303	0
1	0.8393673	1
1	0.5704252	1
1	0.97186804	1
1	0.9894881	1
0	0.20881289	1
0	0.005433562	1
1	0.92275006	0
1	0.9633626	0
0	0.028650003	0
0	0.028814998	1
0	0.015580883	1
0	0.00122374	1
0	0.025783371	1
0	0.010317917	0
0	0.014023973	1
1	0.99056554	1
0	0.41202387	0
0	0.008885008	0
1	0.9873919	0
0	0.003474354	1
0	0.002176996	0
0	0.002569421	0
1	0.6572014	1
0	0.031333808	1
1	0.7914492	0
0	0.036240254	1
1	0.4467297	1
0	0.003419303	1
0	0.0084195	0
0	0.004005118	1
0	0.33142513	1
0	0.004335687	1
1	0.99174774	1
0	0.002745436	0
1	0.7415286	0
1	0.9923366	0
0	0.00250607	1
0	0.23260976	0
0	0.047149096	0
0	0.010242775	0
0	0.002958906	1
1	0.9027789	1
1	0.9850633	1
0	0.07595357	0
0	0.09403268	1
0	0.28937557	1
0	0.002269077	1
0	0.6113259	0
0	0.00264629	1
1	0.95672166	0
1	0.9910061	1
0	0.11572029	1
0	0.13513942	1
0	0.44939026	0
1	0.96563405	0
0	0.07922469	1
0	0.63107	0
0	0.003416278	1
0	0.000704084	1
0	0.07291974	0
1	0.9669735	1
1	0.60441005	1
0	0.009730455	0
0	0.51591927	0
0	0.001297409	1
1	0.84648544	1
0	0.041521903	0
0	0.037361205	0
0	0.008549434	0
1	0.91902435	1
0	0.005202599	1
0	0.9951933	0
1	0.72438395	0
1	0.9286832	0
1	0.74800307	1
1	0.95107704	1
0	0.014994424	0
0	0.004787946	0
0	0.002916034	0
0	0.1311812	0
0	0.052724298	1
0	0.003179434	0
0	0.005044464	1
0	0.18182944	1
0	0.8255227	0
0	0.009410326	0
1	0.855562	1
1	0.99131364	1
0	0.12347277	0
1	0.73463196	0
1	0.9967186	0
1	0.9765098	1
0	0.17157823	1
0	0.006407004	1
0	0.000544927	0
0	0.39057934	0
1	0.73171186	1
0	0.8028527	0
0	0.00085914	0
1	0.8442449	0
0	0.02883436	0
0	0.14800775	1
0	0.006836454	1
0	0.034250397	1
1	0.95319283	1
0	0.002637864	0
0	0.5087554	1
0	0.40477023	0
0	0.3301126	1
0	0.031255756	0
0	0.016383665	1
0	0.003905092	1
1	0.9818341	1
1	0.9352324	1
0	0.004437619	1
1	0.107058495	1
1	0.1922898	0
1	0.06555288	0
1	0.69409126	0
0	0.007642955	0
1	0.97873896	1
0	0.027299404	1
0	0.79451734	0
1	0.95805633	1
0	0.001430801	0
0	0.026415871	0
0	0.000688049	1
0	0.016619349	0
0	0.50415665	1
1	0.41032344	0
0	0.67472035	1
1	0.98190844	0
1	0.9778504	1
0	0.041899342	0
1	0.98680204	1
1	0.8560168	1
1	0.8536233	1
1	0.9822134	1
0	0.012869126	0
0	0.000857903	0
0	0.1376359	0
0	0.021067472	1
0	0.1300401	0
0	0.5420631	0
0	0.100582115	1
1	0.9707063	1
0	0.6348651	0
0	0.005404624	0
0	0.8596088	1
1	0.5103678	1
1	0.97131956	1
1	0.98083234	0
0	0.071954176	0
0	0.003641889	1
0	0.002893318	0
0	0.002381605	1
0	0.02807477	1
1	0.93058485	1
0	0.39117	1
0	0.001997859	0
1	0.9775098	0
0	0.124848746	0
0	0.34565842	1
0	0.007668861	1
1	0.8494495	0
0	0.004336906	0
0	0.69209397	0
0	0.004514271	1
1	0.9767377	1
0	0.49205258	0
0	0.007343518	0
1	0.23340937	0
1	0.52636	1
1	0.9916728	1
0	0.280184	1
1	0.951667	1
1	0.97693515	0
0	0.003120419	1
0	0.02965995	0
0	0.11251046	0
0	0.0145463	0
1	0.9757574	1
1	0.7952966	0
0	0.37051305	0
0	0.006385651	0
1	0.79704934	1
1	0.9897166	0
1	0.89672744	0
0	0.05854356	1
1	0.9816959	0
0	0.34896362	1
0	0.002804867	1
0	0.007701508	1
0	0.009457015	0
1	0.8129585	1
0	0.41511035	0
0	0.6421835	0
0	0.022502838	1
0	0.005548051	0
1	0.9844006	0
0	0.00121069	0
1	0.9589028	1
1	0.9733805	1
0	0.09638082	0
1	0.80557823	1
0	0.63032424	1
1	0.80526894	1
1	0.9915917	1
0	0.08865315	0
0	0.006685159	1
1	0.94679123	1
1	0.9551419	0
0	0.006117671	1
0	0.04093067	0
0	0.099125884	0
1	0.6957655	0
1	0.12481581	0
0	0.000833409	0
0	0.1906787	0
0	0.00572837	0
1	0.81927097	0
0	0.00379014	1
1	0.93710315	1
0	0.005194067	0
1	0.93801564	1
0	0.32281542	1
0	0.02926819	1
0	0.78126574	1
0	0.015807165	0
1	0.9845626	1
0	0.12941787	1
0	0.25764534	1
0	0.000999065	0
0	0.006924141	0
0	0.045742	0
0	0.003948474	1
0	0.010815444	1
0	0.013520678	1
1	0.7478454	0
1	0.9814538	0
0	0.085037045	0
1	0.8162052	1
1	0.7785571	1
1	0.9918366	0
1	0.29207826	0
0	0.002116991	1
0	0.001072196	0
1	0.7064649	1
0	0.01953072	0
0	0.000874593	1
1	0.27600798	1
0	0.002462636	0
0	0.00335477	1
0	0.6831524	1
0	0.25511667	0
0	0.2136217	1
1	0.85736805	0
1	0.7275363	0
1	0.94433093	0
0	0.59034586	0
1	0.8150946	1
1	0.8639695	1
0	0.04573115	1
1	0.8098907	0
0	0.001508724	1
0	0.000975076	1
0	0.5470838	1
1	0.58343476	1
1	0.73779786	1
0	0.08799846	0
0	0.006287873	0
0	0.010333198	0
1	0.42298064	0
0	0.005260888	1
0	0.5882846	0
1	0.7211186	1
0	0.017874427	1
1	0.99886787	0
1	0.698196	0
1	0.5831329	0
0	0.004249707	1
0	0.004012879	0
0	0.001241568	0
0	0.14955719	1
0	0.02012119	1
0	0.009030038	0
1	0.482708	0
1	0.40309227	0
0	0.006265631	0
0	0.013640421	0
0	0.027788233	1
1	0.4470387	1
1	0.8603437	0
0	0.009769128	1
0	0.019341934	1
1	0.97687703	1
1	0.9991584	0
0	0.001108208	1
0	0.003153374	0
0	0.48922455	1
0	0.02840411	0
0	0.003049319	1
1	0.94541717	1
0	0.047986906	1
1	0.98684746	1
0	0.016166935	1
1	0.9762749	0
1	0.9696899	1
0	0.001643568	1
1	0.56137776	0
1	0.9782135	0
0	0.57077694	0
0	0.007785882	1
1	0.68412536	1
0	0.32771504	1
0	0.41241503	1
0	0.5944811	1
0	0.061493654	0
0	0.000797941	0
0	0.002753776	0
0	0.37435818	1
1	0.783042	0
1	0.46037394	1
0	0.003416527	0
1	0.7489826	1
1	0.4264925	0
0	0.004060329	1
1	0.89553803	1
1	0.9309311	0
0	0.000786987	0
0	0.004872846	1
0	0.001265248	1
1	0.9663187	0
0	0.001077399	1
1	0.7483884	1
0	0.006422675	1
1	0.37621936	0
1	0.9813874	1
0	0.48347443	0
0	0.66459066	0
0	0.38086873	1
0	0.44096938	1
0	0.37173894	1
1	0.980457	0
1	0.85789603	0
0	0.20609088	0
0	0.006031867	1
0	0.32018855	1
0	0.4445902	1
1	0.90675694	0
1	0.81783813	0
0	0.2334883	1
0	0.002792006	0
0	0.028106442	1
1	0.5642119	0
1	0.92898375	1
0	0.012709233	1
0	0.025155632	0
0	0.006491424	1
1	0.9386634	1
1	0.9917201	1
0	0.002274655	0
0	0.18423884	1
1	0.9954699	0
0	0.042139616	1
0	0.000965886	1
1	0.6846633	1
0	0.012419141	0
0	0.77525336	0
0	0.000903356	0
0	0.0193371	1
0	0.086936995	1
0	0.009974455	0
1	0.48071074	1
0	0.27468577	1
0	0.004142475	1
1	0.60322034	0
0	0.057561375	1
0	0.11793569	0
0	0.011414098	0
0	0.22840792	0
0	0.5603372	0
1	0.39512813	0
1	0.8984044	0
1	0.808191	0
1	0.99051875	0
0	0.25216508	1
1	0.59547746	0
0	0.38033018	0
0	0.5498207	0
1	0.9694577	0
1	0.7761995	1
1	0.9899781	0
0	0.009832075	0
0	0.008580446	0
0	0.001807982	0
0	0.016388152	1
0	0.003400296	1
0	0.005395982	1
0	0.04256881	1
1	0.57632846	1
0	0.001175053	1
1	0.7119082	0
1	0.98746234	1
1	0.8637504	1
1	0.430049	0
1	0.99815184	1
1	0.7008312	0
0	0.09432335	1
0	0.008489678	1
0	0.002345811	1
1	0.9704476	1
0	0.09993985	0
0	0.6228871	0
0	0.24944495	0
0	0.38453257	1
0	0.07121481	0
1	0.9801577	0
1	0.52634484	1
0	0.34919113	0
0	0.002700557	0
1	0.56992054	0
1	0.9976497	1
0	0.00970026	1
1	0.5774549	0
0	0.009068611	0
0	0.0263656	1
0	0.00321171	1
1	0.9990182	0
1	0.97833955	0
0	0.016935233	1
0	0.026781583	0
0	0.061329503	1
0	0.45762563	1
0	0.013423127	1
1	0.7755912	0
0	0.004450684	0
0	0.025305236	0
1	0.7056049	0
1	0.55467206	0
1	0.7453025	0
0	0.468796	0
1	0.8611091	0
0	0.04144166	0
1	0.79792273	0
0	0.002487833	0
1	0.80954623	0
0	0.007087765	0
1	0.49424613	1
0	0.5057863	0
1	0.74722195	0
0	0.09694281	1
0	0.47723675	0
0	0.017182972	1
1	0.9008399	0
0	0.5249524	1
0	0.008132317	0
0	0.029536378	0
0	0.18839264	0
1	0.912647	0
1	0.43986523	0
0	0.034219127	1
0	0.006976846	0
1	0.9426545	1
0	0.55438524	1
0	0.003204137	1
0	0.53415483	0
0	0.011262558	1
1	0.3630365	0
1	0.43466586	1
1	0.71383977	1
1	0.9552761	1
1	0.8539218	1
1	0.79883134	0
1	0.7864751	1
1	0.76825917	1
0	0.098111995	1
0	0.014740257	1
0	0.012874064	1
0	0.013409594	0
0	0.574276	0
0	0.017311765	0
0	0.10500006	0
0	0.32732257	0
0	0.003849919	1
0	0.2734989	1
0	0.019924201	1
1	0.24336524	0
1	0.7942563	0
0	0.020568443	0
0	0.010381879	1
0	0.15514705	1
1	0.9925619	1
1	0.78381586	0
1	0.9643079	0
1	0.18753985	0
1	0.98185503	0
0	0.036206003	0
0	0.027408618	1
1	0.75119877	0
0	0.003847632	0
0	0.35278732	1
1	0.97833705	1
0	0.07334808	0
1	0.5671551	0
0	0.000733166	0
1	0.27248105	1
0	0.44071832	1
0	0.005829198	0
0	0.00155596	0
1	0.98777163	1
0	0.019983485	1
1	0.81911576	1
1	0.35925642	0
0	0.000650875	0
0	0.7094438	1
0	0.74194634	0
0	0.6741751	1
1	0.6681349	1
0	0.038339242	0
0	0.012583273	0
0	0.6058618	1
1	0.037622936	0
1	0.98495215	1
1	0.555172	0
1	0.9188642	1
0	0.08589251	1
1	0.67952377	1
1	0.942708	1
0	0.6351533	0
0	0.003113613	0
0	0.009869338	0
0	0.035339374	1
1	0.78432775	1
0	0.002095757	1
0	0.003088718	1
0	0.083218604	1
1	0.81560767	1
0	0.02100615	0
0	0.69368285	1
0	0.004585916	0
1	0.93930435	1
1	0.9681999	1
0	0.2879013	1
1	0.8102842	0
0	0.006358447	1
0	0.16910939	1
1	0.6824624	0
0	0.004695276	1
0	0.053331424	0
0	0.037336066	1
0	0.08165081	0
0	0.016216202	1
1	0.853866	0
0	0.027555343	1
1	0.83476627	1
0	0.86912584	0
0	0.20421039	0
0	0.40540612	0
0	0.12316644	0
1	0.9807608	0
1	0.51043564	0
1	0.52040666	0
0	0.44652244	1
1	0.89252275	0
0	0.13421382	1
0	0.29576728	1
0	0.03774494	0
0	0.10286443	0
0	0.085727945	0
0	0.7619139	1
0	0.03920205	1
0	0.00580056	1
1	0.49879134	0
1	0.7708089	0
1	0.9788721	1
1	0.9618813	1
1	0.99703574	1
0	0.049112402	0
0	0.09339766	0
0	0.8355054	0
0	0.02828458	1
1	0.9929482	0
0	0.30134422	1
0	0.18175861	0
0	0.003313392	0
0	0.013752516	0
0	0.18077411	0
0	0.002634961	1
0	0.006010039	0
1	0.4769802	0
0	0.11751908	1
0	0.05147876	0
1	0.6001776	0
1	0.8423145	1
0	0.2684275	1
0	0.9662596	0
1	0.9897396	1
0	0.09940922	1
0	0.03667735	1
1	0.86727107	1
1	0.2156982	0
0	0.05460058	1
0	0.006052173	0
1	0.54232514	0
0	0.24385428	0
0	0.024015669	0
1	0.9530134	1
0	0.2711386	1
0	0.014054241	1
0	0.42979518	0
1	0.8224328	1
1	0.9420842	0
1	0.9259497	1
1	0.81816053	1
0	0.027058462	0
0	0.056904282	0
1	0.9981615	1
1	0.95583016	0
1	0.32150358	0
0	0.19368008	0
1	0.7523251	1
0	0.003369598	1
0	0.016279187	0
1	0.9981013	1
0	0.015877979	0
1	0.53854257	0
0	0.028765563	1
0	0.11770231	1
1	0.80029255	0
0	0.00852421	0
1	0.8516087	0
0	0.010087153	1
1	0.9933255	0
0	0.10398481	0
0	0.81501377	1
0	0.2206657	1
0	0.3748983	0
0	0.6684317	1
0	0.002877973	1
0	0.1634672	0
0	0.045954656	0
0	0.62533873	1
1	0.2789058	0
1	0.9675568	0
1	0.94971603	0
0	0.005010448	1
1	0.8100956	0
0	0.068860844	1
0	0.003801604	1
0	0.09871782	1
1	0.80259	1
0	0.04232395	0
1	0.9951031	0
0	0.07240996	1
0	0.006294321	0
1	0.95103705	1
0	0.005382259	0
1	0.9343305	1
0	0.005797882	1
1	0.5282581	1
0	0.077635616	1
1	0.7959677	1
0	0.13114987	0
1	0.7245923	1
1	0.5701229	0
0	0.012863736	1
0	0.09469436	0
1	0.99653083	1
0	0.41287836	1
0	0.3874356	1
1	0.9877966	0
0	0.030108761	1
1	0.9590781	0
1	0.99509335	1
1	0.63849914	1
1	0.81967413	0
0	0.111954756	0
0	0.8669308	0
0	0.105371304	1
1	0.98812383	0
0	0.003664542	1
0	0.26036352	0
0	0.006251468	0
0	0.009976032	1
0	0.005958586	0
1	0.86719036	1
1	0.97425133	1
0	0.09521817	1
0	0.002368796	1
0	0.000571773	0
0	0.002403323	1
0	0.015201137	1
1	0.95963156	1
0	0.076425456	0
0	0.003662059	1
1	0.7361296	1
0	0.026565693	0
0	0.002494495	1
1	0.95677793	1
1	0.9576965	1
1	0.6972836	1
1	0.77373457	0
1	0.94950736	0
1	0.84266156	0
1	0.98771256	0
0	0.36522087	1
0	0.023405738	0
1	0.9811343	1
0	0.002228589	1
0	0.019661216	0
0	0.006920544	0
0	0.27869064	0
0	0.005730209	0
0	0.007248068	1
1	0.5087122	1
0	0.052555084	0
0	0.172072	1
0	0.043708418	0
0	0.001955576	0
1	0.9879045	0
0	0.15265566	1
0	0.024959736	0
0	0.005545715	0
0	0.010935213	1
0	0.002573042	1
0	0.15178701	1
0	0.056325343	0
1	0.79115075	0
0	0.9180849	0
0	0.000946324	0
0	0.07769758	0
1	0.9982357	1
1	0.9082745	0
0	0.22233984	0
0	0.02310261	1
1	0.9047224	1
0	0.07241302	0
0	0.5688282	0
0	0.006691212	0
0	0.002248326	1
0	0.013722939	1
1	0.9867511	0
0	0.004037247	1
1	0.8399526	0
1	0.7444356	0
0	0.007171787	0
1	0.5516491	0
1	0.3449502	1
1	0.343908	1
0	0.13421118	1
1	0.85303307	1
0	0.002949365	1
0	0.1880552	0
0	0.64384425	0
1	0.99473023	0
1	0.87312955	0
1	0.997995	0
0	0.48826036	1
0	0.6735268	0
0	0.004167568	0
1	0.96145946	0
0	0.003294329	0
0	0.023666969	0
0	0.20686159	1
0	0.14094126	0
1	0.27679944	0
0	0.38970533	0
0	0.07107894	1
1	0.89426994	1
0	0.004623712	0
0	0.02252549	0
0	0.001347727	0
0	0.0093491	0
0	0.45915875	0
0	0.02286337	0
0	0.004920948	0
1	0.6513927	0
1	0.99442345	0
0	0.24775185	1
1	0.6574631	0
0	0.7572455	0
0	0.13271648	0
0	0.5477769	0
0	0.23679899	0
1	0.0833907	1
0	0.03706168	1
1	0.5846511	0
0	0.019852966	0
1	0.99163616	0
0	0.24406742	1
0	0.03465341	0
1	0.61612695	0
1	0.8632417	0
0	0.005285271	1
1	0.8133853	1
1	0.84894276	1
0	0.50608456	1
1	0.9929432	0
0	0.35003686	0
0	0.003007111	0
1	0.7692067	1
0	0.028261207	0
0	0.003396288	1
1	0.68631124	0
0	0.21227387	0
0	0.19409502	1
1	0.5023037	0
1	0.6100254	1
1	0.9957222	0
1	0.82893366	0
1	0.0768763	0
0	0.033286292	1
0	0.014668816	1
0	0.8722971	1
1	0.979817	1
1	0.77472144	0
1	0.97074765	1
0	0.004872418	1
0	0.005979942	1
0	0.05889383	0
1	0.93931997	1
0	0.061736118	0
1	0.70101947	1
0	0.055025082	0
0	0.003308308	1
0	0.001054453	0
0	0.08465471	1
0	0.015023418	1
0	0.00401995	1
0	0.056913774	1
0	0.054902792	1
0	0.45638826	1
1	0.75029165	0
1	0.9486933	1
1	0.6872765	1
0	0.006893874	0
0	0.07655564	1
0	0.01943368	1
0	0.67678225	0
0	0.053830676	1
0	0.004914095	1
0	0.024716476	1
0	0.010743582	0
0	0.011693715	1
0	0.001656711	1
1	0.96472234	0
1	0.5407765	0
0	0.026807772	1
0	0.01359641	0
0	0.058196116	1
1	0.85467607	0
0	0.000822761	1
0	0.010888581	1
1	0.9934395	1
0	0.36913168	1
0	0.018512689	0
0	0.039810568	1
1	0.99230665	1
0	0.3482028	0
0	0.6081968	0
0	0.8093892	0
0	0.004924648	0
0	0.042176373	1
1	0.9419987	0
1	0.70958143	0
0	0.01544213	1
0	0.003215304	0
0	0.39629105	1
1	0.63866156	0
0	0.018638836	0
0	0.80477357	1
0	0.016674137	1
1	0.107140735	0
1	0.810826	1
0	0.005343119	0
1	0.16893955	1
0	0.020409783	0
1	0.8770404	0
1	0.93497896	1
0	0.1778883	1
0	0.06566185	1
1	0.5209536	0
0	0.23518841	1
0	0.0733508	1
0	0.0427889	1
0	0.006045422	1
1	0.8172151	1
1	0.5605417	0
0	0.558093	0
0	0.14638655	0
0	0.005967582	0
0	0.057454765	0
1	0.72436535	0
0	0.33012304	0
0	0.103780866	1
0	0.07255609	1
1	0.9957633	1
0	0.001090015	1
0	0.13177527	1
0	0.001108669	1
0	0.12144951	1
1	0.8280066	1
0	0.004467847	1
0	0.002318056	1
1	0.99375737	1
0	0.023748247	0
1	0.47372672	1
1	0.001760928	0
0	0.59063673	0
1	0.8579658	1
0	0.008232655	1
1	0.93987435	0
1	0.63755584	0
0	0.001458343	1
0	0.003197432	0
1	0.9868593	1
0	0.25342953	0
1	0.8861569	0
1	0.48913416	0
0	0.001684793	0
0	0.003639004	0
0	0.000871435	1
1	0.98529774	1
1	0.994616	1
0	0.52930075	1
0	0.018981561	1
0	0.43703613	0
0	0.014944762	0
0	0.001236863	1
0	0.46338025	1
0	0.007801983	1
0	0.020089174	1
1	0.9570229	0
0	0.002095826	0
1	0.8445386	1
0	0.000672717	1
1	0.5049797	0
1	0.74723953	0
1	0.6720847	1
0	0.033088367	1
1	0.9578887	1
0	0.11565777	1
0	0.36730465	1
0	0.07380932	1
0	0.006229145	0
1	0.82080305	1
1	0.98111707	1
0	0.001215768	1
1	0.73206174	0
0	0.002280226	0
0	0.5218082	0
1	0.89786786	1
0	0.033788882	1
0	0.007407963	1
0	0.7826753	0
0	0.56396073	1
1	0.8161687	0
0	0.41196445	0
0	0.26606917	1
0	0.001046092	0
1	0.9844769	0
1	0.5366869	0
0	0.014366385	0
1	0.7002779	0
1	0.6522795	0
0	0.006575742	1
1	0.76782054	0
0	0.029714562	1
1	0.72654265	1
0	0.002678921	1
0	0.055083714	1
0	0.008799024	1
0	0.002837742	0
0	0.027123883	0
1	0.9918446	1
1	0.8848682	1
0	0.11840971	1
1	0.9916809	0
1	0.9772703	1
0	0.002910991	0
1	0.45575702	1
0	0.044571627	0
1	0.6995638	0
0	0.001824674	0
0	0.003980304	1
0	0.13351326	1
0	0.8334578	0
0	0.023652917	1
0	0.00496173	1
1	0.61891097	0
0	0.002382616	0
0	0.01859818	1
0	0.05039493	1
0	0.24733756	0
0	0.6923541	0
0	0.60484236	0
0	0.018751066	0
1	0.75230306	0
0	0.001877388	1
0	0.006502446	0
0	0.06286889	0
1	0.7334837	0
0	0.003003161	1
0	0.010808559	0
0	0.058575287	1
0	0.13734826	1
0	0.6776448	1
1	0.24480021	1
0	0.5495292	0
0	0.02483376	0
0	0.002474	0
0	0.008835049	0
0	0.041961096	1
0	0.65029806	1
0	0.012245444	1
0	0.006667162	1
0	0.003780692	1
1	0.37925598	0
0	0.45922843	0
0	0.010567023	0
1	0.9127076	1
1	0.77206975	1
1	0.92632794	0
1	0.9395375	1
0	0.33393827	0
1	0.97825545	0
1	0.9435324	1
0	0.006321082	1
0	0.0751081	0
1	0.28633764	0
0	0.002574479	1
0	0.04606039	0
1	0.74759644	0
0	0.007010912	1
1	0.7690686	1
0	0.028117321	1
0	0.004132928	1
0	0.004213551	1
1	0.9263089	0
1	0.8264587	1
0	0.9201363	0
0	0.005357848	1
0	0.05077802	1
1	0.98050505	0
0	0.5552379	0
0	0.40401763	1
0	0.56376517	0
0	0.05701224	0
0	0.00503555	1
1	0.94055134	1
0	0.024416376	0
1	0.96630806	1
0	0.02614327	1
0	0.033697296	0
0	0.023898095	1
1	0.99083763	1
0	0.009687004	1
0	0.000868295	0
1	0.69294167	0
0	0.004325766	1
0	0.003460445	0
0	0.16521308	1
1	0.9851462	0
0	0.003142848	0
1	0.6478315	1
1	0.7192394	1
0	0.049340937	1
0	0.10274522	1
1	0.95331126	1
0	0.40305865	0
1	0.9512901	1
1	0.9896346	1
1	0.87524784	0
0	0.0433747	0
0	0.003813037	1
0	0.038728792	0
1	0.2793105	0
0	0.027932959	1
1	0.9759892	1
1	0.9716832	1
1	0.95098895	0
0	0.001579912	0
0	0.032176685	1
0	0.008642923	1
0	0.63388	0
0	0.000820325	1
1	0.76690257	0
0	0.96767366	0
0	0.44924375	0
1	0.9245817	1
0	0.95328426	0
1	0.997867	1
1	0.9971234	1
0	0.011585293	0
1	0.79526097	1
0	0.10630048	0
0	0.123147935	0
0	0.2094532	1
0	0.08298036	0
0	0.7096889	0
1	0.69987124	0
0	0.004477247	0
0	0.019041559	1
0	0.00192992	0
0	0.009867814	1
0	0.043049086	1
0	0.001270549	1
0	0.03992778	0
1	0.7483824	1
0	0.5875612	0
0	0.019467723	0
0	0.20373331	0
1	0.8340369	1
0	0.6302901	0
0	0.025460467	0
0	0.024475008	0
1	0.47967422	1
1	0.6621494	1
1	0.9455232	0
0	0.012807105	1
0	0.19873744	1
0	0.002048795	1
1	0.62353045	1
1	0.9977939	0
0	0.08915813	0
0	0.01207759	0
0	0.17154606	1
0	0.09624526	1
0	0.005009562	0
0	0.3289845	0
0	0.012404002	0
1	0.92258763	0
0	0.001908073	1
1	0.52093685	0
0	0.06481566	0
1	0.86835843	0
1	0.0378454	0
1	0.9916196	1
0	0.047887288	0
0	0.15932927	0
1	0.43900415	0
0	0.011288947	0
0	0.008586021	1
0	0.005135068	0
0	0.011851249	1
0	0.008810884	0
0	0.035426524	1
1	0.9975325	0
0	0.25883928	1
0	0.002503821	0
0	0.13884592	0
1	0.4949006	0
0	0.008298306	1
0	0.09555295	0
1	0.9767081	0
1	0.96769667	0
0	0.7854706	0
1	0.99039745	1
0	0.00280096	1
1	0.99624383	0
0	0.001167158	0
0	0.007183555	1
0	0.009409887	1
0	0.01548289	1
1	0.90274113	1
0	0.014455418	0
1	0.9692453	0
1	0.6001552	0
1	0.9666489	0
0	0.018729163	0
0	0.029421002	1
1	0.6425464	1
1	0.59711653	1
0	0.004645871	1
0	0.15943056	0
0	0.002323079	0
1	0.9290965	0
0	0.04141587	1
1	0.94832706	1
0	0.023378368	0
0	0.00445817	0
0	0.03794224	1
1	0.96726495	0
0	0.006255756	1
0	0.003976628	0
0	0.002109454	1
1	0.7537313	0
1	0.92806315	0
1	0.942902	0
0	0.29004368	0
0	0.71471006	0
0	0.000938577	1
0	0.7358659	1
0	0.14289683	0
0	0.11344809	1
0	0.20509802	0
0	0.01329248	1
1	0.6786856	1
1	0.93110573	1
1	0.6781678	1
1	0.93655354	1
0	0.1029846	0
1	0.045815166	1
1	0.9196563	1
0	0.30293417	0
0	0.34598425	0
0	0.005475007	1
0	0.02459765	1
0	0.001394477	0
1	0.8837421	0
1	0.9844409	1
0	0.27571225	0
0	0.000595926	1
0	0.013984703	0
0	0.6545534	0
0	0.28146634	1
0	0.004584793	0
1	0.6106633	1
0	0.001130417	1
1	0.5616911	0
1	0.7498071	0
0	0.79356235	1
0	0.63074154	1
0	0.08053179	1
1	0.99626297	1
0	0.20791025	0
0	0.1483061	1
1	0.60423666	0
0	0.10627163	1
0	0.45737472	1
0	0.3730563	0
0	0.09850806	1
1	0.5150937	0
0	0.37896168	0
1	0.97683096	0
1	0.8152261	1
0	0.018474527	1
1	0.6401773	0
1	0.9471332	1
1	0.89258164	1
0	0.003663087	1
1	0.21778382	0
0	0.005080391	1
0	0.00178102	0
1	0.9820508	0
0	0.010086591	0
1	0.42814976	1
1	0.8974074	0
0	0.007004675	1
1	0.98404074	0
0	0.1808433	1
1	0.88106173	1
0	0.1351153	0
0	0.10166935	0
0	0.6803373	1
1	0.982995	0
1	0.9290921	0
1	0.7953438	1
0	0.005407403	0
1	0.2657787	0
0	0.005769361	0
0	0.003222282	0
1	0.6210011	1
0	0.5075479	0
0	0.35756582	0
1	0.95844275	1
1	0.96740806	1
0	0.025044072	0
1	0.22148268	0
0	0.0841413	0
0	0.62674737	1
1	0.75752187	0
0	0.043662738	1
0	0.009194019	0
0	0.004332169	0
1	0.99151117	1
0	0.001948326	0
1	0.9528912	0
0	0.001320942	0
1	0.9964509	1
0	0.022408193	0
0	0.26751587	1
1	0.94747025	0
0	0.055736896	0
1	0.88019514	1
1	0.9563387	1
0	0.010008051	1
1	0.9950658	1
1	0.38781238	0
0	0.036982607	1
1	0.8667007	1
0	0.031690534	1
1	0.68059367	1
0	0.06127842	1
0	0.005276148	0
1	0.93996686	1
0	0.013909571	0
0	0.6786723	1
1	0.56218046	1
0	0.007807259	0
1	0.75930244	1
0	0.013243444	1
0	0.10348587	1
0	0.000978291	0
0	0.7056678	0
0	0.001832701	0
0	0.016465982	0
0	0.8311011	1
0	0.023544958	1
0	0.027118813	1
0	0.0462843	1
1	0.97458285	0
0	0.008965283	0
1	0.98292947	1
1	0.7113633	1
1	0.531275	0
0	0.07971566	1
0	0.27303445	0
0	0.001650931	1
0	0.15068543	0
1	0.9924965	0
0	0.000868333	1
1	0.88549095	0
0	0.002410958	0
0	0.00178037	0
1	0.60038507	1
0	0.000714507	0
0	0.6260311	1
0	0.10671771	1
0	0.33052465	1
1	0.9964181	1
1	0.9868426	0
0	0.009490136	1
0	0.026379058	1
0	0.62946886	1
0	0.67207396	0
0	0.03240848	0
0	0.002074964	0
0	0.038136054	1
0	0.007795747	0
1	0.3307886	1
0	0.00141125	0
0	0.032743435	1
0	0.14410082	0
0	0.002800721	1
0	0.001077797	1
1	0.27125084	0
0	0.014999826	0
0	0.44340944	0
0	0.27393407	1
0	0.64889884	1
1	0.98985016	1
1	0.2894464	1
0	0.2545776	1
1	0.8994284	0
0	0.18186507	1
1	0.98974633	1
1	0.98629946	0
1	0.99090415	1
1	0.99731725	0
1	0.9710985	1
0	0.112199746	0
1	0.376652	1
0	0.05011187	0
0	0.011130077	0
0	0.21881007	0
0	0.02755227	1
0	0.002187295	1
0	0.001447539	0
1	0.9818594	1
0	0.02894981	0
0	0.764524	0
0	0.001005024	0
1	0.99787223	1
1	0.8557502	1
0	0.18366535	1
0	0.08323029	1
0	0.28446147	0
0	0.23362817	1
1	0.5207279	1
1	0.9351481	0
1	0.9844632	1
0	0.002708789	1
0	0.17213626	0
0	0.022226587	1
0	0.014311642	0
0	0.43109274	1
0	0.10597593	1
1	0.9970624	0
0	0.001417434	0
1	0.9566084	0
1	0.8703869	1
1	0.32422322	1
0	0.06297175	1
0	0.004622815	1
1	0.85575783	0
1	0.84529895	1
0	0.034037635	0
0	0.005577161	0
0	0.018971872	0
0	0.000946167	1
1	0.89178056	1
1	0.7129127	1
1	0.9238395	1
0	0.003514889	1
1	0.8244815	0
0	0.002130691	1
0	0.05586388	1
0	0.005997779	0
1	0.35249144	1
0	0.001376401	1
0	0.009107796	1
0	0.003237594	0
1	0.6320353	1
0	0.014046368	1
1	0.021809215	0
1	0.25550032	1
0	0.001179545	1
0	0.033699006	0
0	0.019590117	0
0	0.8262419	0
0	0.018908327	1
0	0.009223813	1
0	0.002763503	1
1	0.90232587	1
0	0.07332548	1
0	0.009876791	1
1	0.65550125	1
1	0.91363853	0
0	0.20930868	0
1	0.9749428	0
1	0.9694801	1
1	0.98819494	0
1	0.78265905	0
1	0.9863754	1
1	0.99506503	0
0	0.051236592	1
1	0.9946641	1
1	0.6078811	0
0	0.00254322	0
1	0.9821545	0
0	0.06367393	1
1	0.4598723	1
0	0.29560617	1
1	0.94054	1
0	0.43452764	1
0	0.26260194	0
1	0.24912056	0
1	0.8697652	0
0	0.37789103	1
1	0.97004783	0
0	0.074195236	1
1	0.96787775	0
0	0.007031911	0
1	0.9746797	1
0	0.41269785	0
1	0.52351505	0
0	0.003389013	1
1	0.96421766	1
0	0.004590908	1
0	0.000897498	1
1	0.7193152	1
0	0.029777434	1
0	0.001044519	0
0	0.004015925	0
0	0.000820525	1
0	0.010472307	0
1	0.9956577	0
1	0.8674556	1
1	0.9355336	0
1	0.64492106	1
1	0.87758034	0
0	0.002314342	0
0	0.001791198	0
1	0.7650153	0
1	0.21974798	0
1	0.94090825	0
0	0.002111644	0
1	0.3249317	0
0	0.19550367	1
0	0.006236898	0
1	0.8327973	1
0	0.12773901	1
0	0.002239013	0
0	0.7483332	0
1	0.42643103	0
0	0.29386738	1
1	0.63922673	1
0	0.003296297	0
0	0.0419833	0
1	0.65398496	1
1	0.83323234	0
1	0.58251363	1
0	0.001133783	1
0	0.00227183	0
1	0.89769673	0
0	0.014488587	0
1	0.22751082	0
1	0.9918126	0
0	0.000896548	1
0	0.17787884	0
0	0.04923274	1
1	0.6293025	0
1	0.9607454	1
0	0.8305793	0
0	0.008945447	0
1	0.6611083	0
0	0.014067556	1
1	0.95364493	1
0	0.001098088	1
0	0.000734242	0
0	0.018194014	0
0	0.96705854	0
0	0.001849802	1
0	0.42058402	1
1	0.8875294	0
0	0.000506412	1
0	0.003730551	1
0	0.06175419	1
0	0.017494135	0
1	0.8911851	1
1	0.68006057	1
0	0.006013481	1
0	0.002688438	0
0	0.045225196	0
1	0.83417696	1
1	0.33909166	1
0	0.002663736	1
0	0.002197201	1
0	0.050109446	0
1	0.9721329	1
0	0.00156355	0
1	0.7717982	1
1	0.6729791	1
1	0.98963845	1
0	0.4447074	1
0	0.06901884	0
0	0.2939535	1
0	0.4483031	0
0	0.001095664	0
0	0.004791882	1
0	0.093581855	1
0	0.89077026	1
1	0.98962504	1
0	0.010653425	1
0	0.005707947	1
0	0.047998942	1
0	0.42818227	1
0	0.08889304	1
0	0.39167094	1
0	0.03977179	0
0	0.10755458	0
1	0.972523	0
0	0.001260569	1
0	0.38711733	1
0	0.003917167	0
0	0.10706258	0
0	0.003111316	1
1	0.7003134	0
1	0.9582105	0
1	0.7298976	1
1	0.85726273	0
1	0.16140953	0
0	0.017948736	0
1	0.97009987	1
0	0.002982014	1
0	0.45427963	0
0	0.29657567	1
1	0.20184503	1
0	0.014112201	0
1	0.9335181	0
1	0.9680845	1
1	0.5606703	0
1	0.8282078	1
1	0.8313519	0
1	0.77861166	1
0	0.7069128	0
1	0.9884233	1
1	0.66813433	1
1	0.73453325	0
1	0.8454792	0
1	0.99671614	1
0	0.025387203	0
0	0.38099265	1
1	0.42450193	1
0	0.006890137	0
0	0.003688531	1
0	0.005290016	0
0	0.051471658	0
1	0.75916845	0
0	0.24933486	1
1	0.9734677	0
1	0.7020227	1
1	0.9694503	0
1	0.9686535	0
0	0.008781134	1
0	0.14350729	0
0	0.1416338	0
1	0.8507992	0
1	0.9718606	0
0	0.5897171	0
0	0.26133612	0
0	0.3064344	0
0	0.496084	0
1	0.6692532	1
0	0.07310548	0
0	0.44213137	1
1	0.7300549	0
0	0.002890051	1
0	0.7753388	0
0	0.0778996	1
1	0.92119765	0
0	0.0013802	0
0	0.035026696	1
1	0.7279743	1
0	0.007242111	0
0	0.000936933	0
1	0.82041144	0
1	0.63395673	0
1	0.9436535	1
0	0.001943408	1
0	0.6080726	0
1	0.9853489	1
1	0.9501494	1
1	0.9578874	1
1	0.99333763	1
0	0.001967281	1
0	0.001068602	1
0	0.19901988	0
0	0.00394655	0
0	0.16774434	0
0	0.009422123	0
0	0.002997531	1
1	0.8229511	1
0	0.12241986	0
0	0.2884657	0
1	0.9791478	0
0	0.006749655	1
1	0.9335399	1
0	0.47078478	0
1	0.80733985	0
0	0.32806915	1
0	0.077242166	1
0	0.001314984	0
0	0.060247503	0
0	0.058286533	1
0	0.71204716	1
1	0.72134554	0
1	0.9453426	0
1	0.9399651	0
1	0.99008477	0
1	0.9820446	1
1	0.72611535	1
1	0.96988386	0
1	0.8569104	1
0	0.01738683	0
1	0.99353194	0
1	0.8939569	0
0	0.8692143	0
0	0.043780327	1
0	0.010850869	1
0	0.046085067	1
0	0.007329457	0
0	0.002085127	0
0	0.16605988	0
0	0.24446118	0
1	0.3572856	0
0	0.035110205	1
0	0.003378544	0
0	0.00706136	0
0	0.005758343	1
1	0.7422962	0
1	0.87539643	1
1	0.9348831	0
1	0.95403606	1
0	0.10546826	1
0	0.000559643	0
0	0.006311087	0
0	0.09985859	1
1	0.21147771	0
0	0.26408964	1
1	0.9906942	1
0	0.049844764	0
1	0.97781235	0
1	0.98929554	0
1	0.46639892	0
0	0.003726254	0
0	0.3470094	1
0	0.001597982	0
1	0.68819314	0
0	0.6394109	1
0	0.001918989	1
1	0.33540517	0
0	0.003533715	1
0	0.019280165	0
1	0.6768409	1
1	0.9716148	0
1	0.617175	1
1	0.8742339	1
0	0.09627191	1
0	0.6353825	1
0	0.003639599	0
1	0.9011739	1
0	0.006076776	1
0	0.058001168	0
1	0.93243504	1
1	0.8535749	1
0	0.05980073	0
0	0.027349344	0
0	0.010028325	0
0	0.059560265	0
1	0.982726	0
0	0.021013016	1
0	0.014189285	1
1	0.97492653	0
1	0.93122715	0
1	0.9609272	1
0	0.03962149	1
0	0.6184907	0
1	0.9711982	0
0	0.039795764	1
1	0.7545982	1
0	0.04519964	1
1	0.99623775	0
0	0.66585183	1
0	0.001889844	1
0	0.005201533	1
0	0.000619457	0
0	0.036617227	0
1	0.71018004	1
0	0.053497188	0
1	0.8900773	1
1	0.49487638	1
0	0.002537065	0
0	0.004113954	0
1	0.947566	1
0	0.06906728	0
1	0.96040297	1
0	0.003333135	1
1	0.9187506	1
1	0.18947779	0
0	0.025548927	1
1	0.48036042	1
0	0.6387212	0
1	0.8594519	1
0	0.037430808	0
1	0.9948821	1
0	0.004581345	0
1	0.68961966	1
1	0.9174165	0
1	0.66886973	0
0	0.06699513	0
0	0.003358099	1
0	0.11888513	0
0	0.004842971	0
0	0.21126232	0
0	0.019049613	0
0	0.9081372	0
1	0.9911873	1
1	0.72356606	1
1	0.9337497	1
1	0.95074344	0
0	0.004985694	0
0	0.07627225	1
0	0.01675639	0
0	0.120625205	0
1	0.7395893	0
0	0.49250528	0
1	0.9854438	1
0	0.48829356	0
0	0.18036179	1
0	0.040357728	0
0	0.8166671	0
0	0.5404459	1
0	0.005537037	1
1	0.95861554	0
0	0.13358569	1
1	0.16534607	0
1	0.8996962	0
1	0.98134434	1
1	0.5263594	0
0	0.002464311	1
0	0.51452714	0
0	0.06207784	0
0	0.0029871	0
1	0.6703314	1
0	0.7678166	1
1	0.59143066	1
0	0.54727364	0
1	0.9950481	1
1	0.5453932	0
0	0.15475753	1
1	0.7451116	1
0	0.005413669	1
0	0.55354005	1
0	0.0130626	0
0	0.12577626	1
0	0.041991606	1
0	0.118735634	0
0	0.004020284	0
1	0.9160573	0
0	0.034972776	1
1	0.8878165	0
1	0.38104957	0
0	0.4373193	1
1	0.97699475	1
1	0.93918914	1
1	0.8892845	0
1	0.6107812	1
1	0.54633033	0
0	0.001883148	0
0	0.009410789	1
1	0.80017865	0
1	0.96892136	1
0	0.036962107	1
1	0.90429467	0
1	0.5261406	1
1	0.9393172	0
1	0.7620342	1
0	0.002212195	1
0	0.004884789	0
1	0.69917464	0
0	0.7861196	1
1	0.7657854	0
0	0.36381835	0
0	0.29568207	1
0	0.16272318	0
0	0.7842603	0
1	0.72999895	0
0	0.003607437	0
1	0.30695885	0
1	0.67494845	1
0	0.052339524	1
1	0.8423539	1
1	0.9514831	0
0	0.114093415	1
1	0.58780104	1
1	0.97924644	0
1	0.5778155	0
1	0.7244324	1
0	0.007849737	0
0	0.64226776	1
1	0.22333205	0
0	0.007022853	0
1	0.95989996	1
1	0.9843051	1
0	0.7774121	0
0	0.005763181	1
1	0.6931776	1
0	0.003287986	0
0	0.6645321	1
0	0.008643818	0
0	0.62320524	0
1	0.78467864	0
0	0.40420178	1
0	0.06364943	1
1	0.3957551	1
1	0.723872	0
0	0.44485596	0
1	0.7645381	0
0	0.001907105	0
1	0.85018724	0
0	0.8081287	0
0	0.45017463	1
0	0.4662321	1
0	0.3427529	0
0	0.1392932	0
0	0.025986338	1
0	0.58142686	1
0	0.006667582	1
0	0.008548339	0
0	0.1634572	0
1	0.82611597	1
1	0.9726819	0
1	0.62359387	0
0	0.002954	1
1	0.95193744	0
0	0.00078554	0
0	0.09933628	0
1	0.5562966	0
0	0.085148565	1
0	0.005927225	1
0	0.006015781	0
0	0.5237617	0
1	0.9875473	1
0	0.002633105	0
0	0.012415761	1
1	0.8268367	0
0	0.005418889	1
1	0.99596006	0
0	0.000492912	1
1	0.9297597	1
0	0.73047394	1
0	0.002560654	0
1	0.19780193	0
0	0.001207648	0
0	0.003495819	1
1	0.98064786	1
1	0.967261	1
0	0.3108533	0
0	0.012825592	0
0	0.011410661	1
0	0.003451473	0
0	0.30248535	1
1	0.9181491	1
0	0.60198355	1
0	0.6107897	1
1	0.81541216	0
1	0.731938	1
1	0.98978055	0
0	0.4441613	0
0	0.42287624	1
0	0.015988968	0
1	0.93568254	1
0	0.071292736	1
0	0.001812261	0
0	0.002139426	0
1	0.98180985	0
1	0.945465	0
1	0.9789352	0
1	0.85948485	1
0	0.004232871	1
1	0.3837591	0
0	0.11280727	1
0	0.002007122	0
0	0.12295642	1
1	0.15439893	0
0	0.016044527	1
0	0.053014994	0
1	0.72600913	0
0	0.008970439	1
0	0.002686084	1
1	0.7397772	1
1	0.84902036	0
1	0.6872167	1
0	0.003243687	0
0	0.005046587	0
1	0.91789186	1
1	0.33025306	0
0	0.001112992	1
1	0.72102237	0
0	0.001156676	1
1	0.9132212	1
1	0.99162513	1
0	0.00110406	0
1	0.93443227	1
1	0.9083526	1
1	0.9710742	1
0	0.002602691	1
0	0.005522195	0
1	0.98884916	1
1	0.7275649	1
0	0.10709709	1
1	0.9614091	0
0	0.20830213	1
0	0.0725506	0
1	0.8694333	1
1	0.93139094	1
1	0.9236143	0
0	0.030490916	0
1	0.97200555	1
0	0.021966368	1
0	0.001500698	0
0	0.016427947	0
0	0.035723466	1
1	0.75276345	1
0	0.017707115	1
0	0.48366782	1
1	0.9850212	1
0	0.015470052	1
1	0.124596976	0
1	0.86759305	0
1	0.9842794	0
0	0.010440928	1
0	0.001991408	0
0	0.19653453	1
0	0.005336094	1
0	0.039028116	1
1	0.6304514	0
0	0.4560195	0
1	0.89914083	1
1	0.9766591	1
0	0.4198494	1
1	0.9719964	1
1	0.5200162	1
0	0.001733695	0
1	0.84615356	1
0	0.13584234	1
0	0.08283519	0
1	0.9966858	1
0	0.08015248	1
0	0.38878137	0
1	0.98227537	0
1	0.66246843	1
1	0.8648308	1
0	0.13884437	0
0	0.09136927	1
1	0.98707587	0
0	0.10189251	0
0	0.038788654	0
1	0.8860574	0
1	0.52216285	0
1	0.8679268	1
1	0.7208914	1
1	0.7219507	0
1	0.70838785	1
0	0.16787027	0
1	0.7181083	1
0	0.005254004	1
1	0.88506305	1
0	0.014098501	0
0	0.000937428	1
1	0.6550379	1
1	0.6300218	1
0	0.30115995	0
1	0.8686239	0
1	0.97879446	1
0	0.92390966	0
0	0.001466585	1
1	0.526314	0
1	0.9695505	0
1	0.8311487	1
1	0.9957461	1
1	0.8778843	1
1	0.8185478	0
1	0.66812253	0
0	0.002812187	1
0	0.07790845	0
0	0.037655704	1
1	0.9836676	0
1	0.96811736	0
0	0.025640063	0
0	0.002856719	0
0	0.5067864	0
1	0.82399046	0
0	0.002822193	0
0	0.006628376	1
0	0.09757358	1
0	0.002796922	0
0	0.000744967	1
0	0.02534963	1
0	0.003582472	0
1	0.7676235	1
1	0.93902236	0
1	0.78877336	0
1	0.9029106	1
1	0.98550016	0
0	0.51065	0
1	0.41837376	0
1	0.2493726	0
1	0.9954892	1
1	0.53882676	1
1	0.74126977	1
0	0.7306536	0
0	0.22514217	1
1	0.9535541	1
1	0.8147108	0
0	0.014084151	1
1	0.90604335	1
1	0.4293355	1
1	0.8588081	1
0	0.048477106	0
1	0.95106995	0
0	0.6166206	0
0	0.02358635	1
0	0.003647366	1
0	0.01807523	1
0	0.00469018	0
0	0.16206656	1
0	0.00334908	1
0	0.004925784	0
0	0.30000967	1
0	0.5243091	1
1	0.9512357	1
0	0.0718986	1
0	0.024647277	1
0	0.03456881	1
0	0.012299882	0
0	0.6138109	1
0	0.009933093	0
0	0.12058713	0
1	0.9273451	1
1	0.99260026	1
1	0.98867166	0
0	0.003597141	1
0	0.17496432	0
0	0.014201722	0
0	0.92661935	0
1	0.981233	0
0	0.005426735	1
1	0.84409267	1
1	0.99418056	0
0	0.00358278	1
0	0.43176383	1
1	0.73426545	1
0	0.058040194	1
0	0.8419737	0
0	0.5184486	0
0	0.018333375	0
0	0.07051922	0
1	0.9492333	1
0	0.54382575	1
0	0.006131066	0
1	0.9900148	1
1	0.6649978	0
0	0.08819716	0
0	0.017420238	0
0	0.002012083	1
1	0.87823063	0
1	0.9973042	1
1	0.2755578	0
0	0.97061497	1
1	0.8176225	0
0	0.024726622	0
0	0.05429304	0
1	0.76176	1
0	0.08788964	0
0	0.00173422	1
0	0.018749882	1
0	0.74246013	1
1	0.98591876	1
1	0.6346134	0
1	0.5724552	0
1	0.8112238	0
1	0.9537131	1
1	0.9642127	0
0	0.001001228	0
1	0.99394834	0
0	0.007545631	0
1	0.9855273	0
0	0.4710128	1
0	0.1745527	1
1	0.6834858	0
0	0.023562169	1
1	0.7789097	0
1	0.8079301	0
1	0.27035156	1
1	0.9852893	1
0	0.089193225	1
0	0.0736558	1
0	0.13860238	1
1	0.16032611	0
1	0.75340253	1
1	0.84689194	1
0	0.000581897	0
0	0.10619135	1
0	0.08106861	0
1	0.27050486	0
0	0.24486658	0
0	0.014035218	0
0	0.008669738	1
1	0.99166226	0
0	0.11638164	0
0	0.00854652	0
1	0.9308337	0
1	0.80640507	0
0	0.00401987	0
1	0.98605275	0
1	0.93612313	0
0	0.012377529	0
0	0.11661413	0
0	0.96743584	0
0	0.054503463	0
0	0.21937166	1
1	0.99313873	1
1	0.8204402	0
0	0.004470926	0
1	0.98635906	0
1	0.75493556	0
1	0.82935005	1
0	0.014667479	0
0	0.021107106	1
1	0.97447973	1
1	0.9919246	0
0	0.006892019	0
0	0.07829043	1
0	0.5830925	1
1	0.9485058	1
0	0.003877149	0
1	0.9269634	1
1	0.9826689	0
0	0.00812701	1
0	0.009294391	1
1	0.96287465	0
0	0.16555089	0
0	0.004020062	1
1	0.9234239	0
1	0.5552791	1
1	0.78326374	0
0	0.009799697	1
0	0.004807649	0
0	0.001761277	0
0	0.20013213	0
1	0.9632469	1
0	0.004530928	1
0	0.16369817	1
0	0.000753685	1
0	0.006533252	1
0	0.004260029	0
1	0.71729714	1
1	0.97218937	1
1	0.78165084	1
0	0.029645726	1
1	0.6782309	1
0	0.15211633	1
0	0.004021525	0
1	0.7807648	0
1	0.8363516	1
1	0.91477907	1
1	0.97582203	1
0	0.7800057	0
0	0.022600165	0
1	0.9371289	0
1	0.9896343	1
1	0.9558923	0
1	0.32848734	0
0	0.001210017	0
0	0.06198102	0
0	0.001132619	1
0	0.006672049	1
0	0.017707504	1
1	0.795643	1
0	0.026751485	0
1	0.9376321	0
1	0.87543297	0
0	0.67980945	0
1	0.91085625	1
0	0.7538984	0
1	0.9114027	1
1	0.25841847	0
1	0.64488983	1
0	0.004712958	1
0	0.000660943	1
1	0.9115522	0
0	0.882276	0
1	0.8302502	0
1	0.71782595	1
1	0.9913474	1
0	0.003990699	0
0	0.2168276	1
0	0.01098814	1
0	0.001820261	0
0	0.71808964	1
0	0.004729395	0
0	0.000575639	1
1	0.96999097	1
0	0.051138423	1
0	0.00417808	0
1	0.5306274	0
0	0.04422657	1
0	0.3329333	1
1	0.24766196	0
0	0.23754373	1
1	0.6957936	1
1	0.87804055	0
0	0.01405177	1
1	0.9724015	0
0	0.03705352	1
0	0.69136626	1
0	0.006057749	0
0	0.85495657	1
0	0.35962573	1
0	0.002479374	0
0	0.87730336	0
0	0.012371195	0
0	0.003383097	1
1	0.5927723	1
1	0.65945375	1
0	0.36656448	1
1	0.99137783	1
1	0.95861477	0
0	0.13478868	1
1	0.5056958	0
0	0.004224176	1
1	0.9787331	1
0	0.16307604	1
0	0.006224822	1
1	0.97728294	1
1	0.98522377	0
1	0.35190096	0
1	0.93872845	0
0	0.009721629	1
1	0.7018208	1
1	0.976193	0
1	0.70427155	0
0	0.023427542	0
1	0.9946985	1
0	0.76926845	0
0	0.006041286	1
1	0.8178704	0
0	0.1248125	1
0	0.000715844	0
1	0.9586468	0
0	0.3262091	0
0	0.004456907	0
1	0.3958492	0
1	0.38899192	0
0	0.000719464	0
0	0.003808203	0
1	0.8698563	1
1	0.9568252	1
1	0.47848305	0
0	0.00239215	1
0	0.024268491	1
1	0.8456048	0
0	0.14112702	1
1	0.985629	0
1	0.5400148	0
0	0.036085095	1
0	0.001754342	0
0	0.004614094	0
0	0.007148388	0
0	0.003634591	0
0	0.049652763	1
1	0.71919817	1
1	0.9100451	0
1	0.4362181	1
0	0.023078382	1
1	0.4716433	1
1	0.66826296	1
0	0.026808577	0
1	0.98456	1
0	0.01658036	1
0	0.060423158	0
1	0.63687015	0
0	0.025426647	1
0	0.005998519	1
0	0.74281573	1
1	0.6818669	0
0	0.0330416	0
0	0.16475345	0
0	0.028704	1
1	0.22321317	0
1	0.80438644	1
0	0.017183408	0
0	0.024369493	1
1	0.6733341	1
0	0.002729392	0
0	0.001703011	0
0	0.002653627	0
1	0.9938415	1
0	0.07941268	0
0	0.573699	1
1	0.9059385	1
0	0.33356994	0
1	0.6754805	0
0	0.7955258	1
1	0.42522237	0
0	0.05693711	0
1	0.9939029	1
0	0.43916112	1
0	0.003412054	1
1	0.8233365	0
1	0.92653203	1
0	0.00365525	1
0	0.23679467	1
1	0.4612426	0
0	0.257911	1
0	0.00414661	0
0	0.047494065	1
0	0.043183886	0
0	0.002954446	0
1	0.59665585	0
0	0.004268229	0
1	0.9757416	0
0	0.004231202	1
1	0.34723613	0
1	0.93156594	1
0	0.001963886	0
0	0.47526103	1
1	0.77947366	0
1	0.14828412	0
1	0.7717586	1
1	0.7445496	0
0	0.028885357	0
0	0.009808247	1
1	0.8460696	1
1	0.44572893	0
1	0.35896167	0
0	0.003255931	1
1	0.9171586	1
0	0.7258511	0
0	0.001575625	0
1	0.57572436	0
0	0.013034752	0
0	0.005611574	0
0	0.007557685	0
1	0.88902265	0
0	0.22986987	0
1	0.97212327	1
1	0.99271846	0
0	0.47057968	0
0	0.004601488	0
0	0.6613013	0
0	0.9663992	0
0	0.07474427	1
1	0.5761536	1
0	0.17308912	0
1	0.8620232	0
0	0.0062099	0
0	0.20446368	1
1	0.98811775	0
1	0.6260518	0
1	0.8188764	1
1	0.993775	0
1	0.94731236	1
0	0.02958132	0
0	0.002181185	1
0	0.012531973	0
1	0.7713017	0
0	0.005761284	0
0	0.45333064	1
0	0.4376729	1
0	0.58802515	1
0	0.18755671	0
1	0.53919977	0
1	0.9813601	0
0	0.018362	0
1	0.8552552	0
1	0.2926115	0
1	0.7844619	0
1	0.5065533	1
0	0.001361227	1
0	0.06921387	1
0	0.018129377	1
0	0.38660365	1
0	0.4980049	1
1	0.988705	1
0	0.03597234	1
1	0.9717281	1
0	0.002383303	1
0	0.027818808	1
0	0.008441336	1
0	0.001788579	1
1	0.6684312	0
0	0.007935478	1
0	0.013177852	0
0	0.108896405	1
1	0.8356879	1
0	0.21020594	1
0	0.02888851	1
1	0.85615236	1
0	0.004502332	0
0	0.002354233	0
1	0.9757734	0
1	0.9879671	1
1	0.8278381	0
0	0.076267175	1
0	0.011952592	1
0	0.002091128	0
1	0.775433	1
0	0.07112604	0
0	0.005945639	0
1	0.9444618	0
0	0.03916758	1
0	0.002339991	1
0	0.83689123	1
0	0.026407676	1
0	0.04912563	0
0	0.00314831	1
1	0.83210087	0
0	0.015962133	0
1	0.9706768	1
1	0.996086	0
0	0.001098145	1
1	0.88185436	0
1	0.8274419	0
0	0.022720203	1
0	0.9533885	0
1	0.8674044	1
1	0.42282203	0
1	0.5829107	0
1	0.86432886	0
0	0.002719013	0
0	0.58145875	1
0	0.005809677	1
1	0.9907175	0
0	0.34558776	0
0	0.27589494	1
1	0.4516084	1
1	0.6339577	1
1	0.99704856	1
1	0.94341135	0
0	0.008608464	0
0	0.12642178	1
0	0.011373734	1
0	0.005736123	1
0	0.81970197	0
0	0.012072521	1
1	0.9934134	0
0	0.009694678	1
0	0.02744936	1
0	0.000835167	1
0	0.029284587	0
0	0.06613051	1
0	0.006203984	1
1	0.91293985	1
1	0.41003463	0
1	0.79054374	0
0	0.00275005	1
0	0.01131529	1
0	0.017162612	0
0	0.008196298	1
0	0.25918856	1
1	0.8334599	0
1	0.8447375	1
0	0.003346218	1
1	0.7516397	0
0	0.09175378	1
0	0.002782782	0
0	0.004001293	1
0	0.5345484	1
1	0.847842	1
0	0.04559083	1
1	0.9923431	0
0	0.5462283	0
1	0.85447747	0
1	0.88337743	0
0	0.003325785	0
1	0.73189557	1
1	0.9900119	0
1	0.99631554	0
0	0.013203338	0
0	0.002893568	1
1	0.46786663	0
0	0.00460027	1
0	0.006269772	1
0	0.003049832	1
0	0.003774454	0
1	0.65773976	1
1	0.97300243	0
1	0.72768456	1
0	0.03866279	0
0	0.13779083	0
1	0.8613954	0
0	0.030590666	0
0	0.001600763	0
1	0.9914522	0
1	0.93986446	1
1	0.99522203	1
1	0.62033254	0
0	0.002785823	1
0	0.7290048	0
1	0.7348088	1
0	0.39235803	1
0	0.006546561	1
0	0.10311243	1
0	0.037540272	0
1	0.75415516	1
1	0.98746943	1
0	0.02768662	1
1	0.98512405	1
1	0.5356774	0
0	0.003066019	1
0	0.059343815	1
0	0.00446278	0
0	0.002954586	0
0	0.019867342	1
0	0.016238559	1
0	0.009987393	1
0	0.37411058	0
1	0.71409523	0
1	0.94049174	0
1	0.10266568	0
0	0.002332963	0
0	0.5674659	1
0	0.008909371	1
0	0.001454411	0
1	0.9258596	1
1	0.7122213	1
0	0.005235361	1
0	0.00075326	0
1	0.6734007	1
0	0.004561814	0
0	0.010787911	1
1	0.990229	1
1	0.99358255	0
1	0.8920127	1
0	0.002002946	0
1	0.98300064	1
0	0.0811058	0
0	0.030053508	1
1	0.96128505	1
1	0.3411632	0
0	0.09356101	1
1	0.98234737	1
0	0.013906249	0
0	0.002922274	1
0	0.004448268	0
0	0.003327752	0
0	0.14441326	1
0	0.19853917	0
0	0.6748192	1
0	0.002542786	0
1	0.7279469	0
0	0.01425352	0
1	0.97305954	1
0	0.013632174	0
0	0.017260684	1
0	0.00257057	1
0	0.82487804	1
1	0.2630375	1
0	0.002938241	0
0	0.024274845	1
1	0.45026326	1
0	0.000748621	1
0	0.081510365	1
0	0.6944596	0
0	0.000994313	1
0	0.06246859	0
0	0.33647472	0
0	0.31967795	1
1	0.9686356	0
1	0.6981237	0
0	0.13283932	0
1	0.98716146	1
1	0.883395	0
1	0.98726755	1
1	0.950884	1
0	0.61142164	1
0	0.004686247	1
1	0.79141635	0
0	0.012716038	1
0	0.005386013	1
0	0.009946199	0
0	0.09417723	0
0	0.019177003	0
0	0.17620397	0
1	0.94117594	1
0	0.054658454	0
0	0.8585867	0
0	0.00317315	1
1	0.43664905	0
1	0.96373296	0
1	0.830614	0
0	0.1807156	0
0	0.13175683	0
1	0.52006227	1
0	0.30280983	0
0	0.6927309	1
1	0.7642398	0
0	0.1619267	0
0	0.03384686	1
1	0.6902674	0
0	0.000696534	1
1	0.5009764	0
1	0.94937146	0
0	0.003597138	0
0	0.006199717	0
0	0.5139326	1
0	0.024020553	1
1	0.7118566	0
1	0.42080083	1
0	0.010011183	0
0	0.000812746	0
0	0.19090335	0
0	0.028085798	0
1	0.70299053	1
1	0.7969412	0
1	0.65575224	0
1	0.99113315	0
1	0.9903742	0
0	0.001354802	1
1	0.45237496	0
0	0.012640657	0
0	0.270454	0
0	0.006953344	0
0	0.1117677	1
0	0.006319567	1
0	0.8127191	1
0	0.029327227	1
1	0.96579146	0
1	0.94172895	1
1	0.31298795	0
0	0.008373447	0
1	0.9598367	1
0	0.12572224	0
1	0.13639899	1
0	0.01288685	0
0	0.6171854	1
0	0.24177241	1
1	0.91144687	1
1	0.9771146	1
1	0.9657427	0
0	0.004512227	0
0	0.714336	0
0	0.019645266	0
0	0.25352842	0
1	0.8168811	0
0	0.06900418	0
1	0.97859395	1
1	0.98036754	1
0	0.011729484	0
0	0.000946992	1
0	0.005361109	0
1	0.86843467	0
0	0.34490272	1
0	0.004518741	1
1	0.85012925	0
1	0.24203353	1
0	0.01039958	0
0	0.016949456	0
0	0.005067758	1
0	0.039183076	0
1	0.993272	0
0	0.045719963	1
1	0.99363774	0
1	0.73327565	1
0	0.002732449	0
0	0.128352	0
1	0.95288754	0
1	0.9934642	1
1	0.99430966	1
0	0.9755298	1
1	0.9906632	1
1	0.9693484	0
0	0.5863891	0
1	0.94310355	0
0	0.021694407	0
1	0.66088873	0
0	0.09166688	0
1	0.9962631	1
1	0.78463423	1
1	0.71922225	0
0	0.002990214	1
1	0.75349456	1
1	0.6779178	0
0	0.22703797	0
0	0.23023094	1
1	0.8218382	1
1	0.6804374	0
0	0.001688729	1
0	0.005811867	0
0	0.55399746	1
1	0.9972011	1
0	0.6483745	1
1	0.037078813	0
0	0.007705	0
0	0.00655462	0
0	0.002150315	1
0	0.029006338	1
0	0.03634818	1
0	0.19744599	0
1	0.22966468	1
0	0.007438879	0
1	0.80403143	0
0	0.025051957	0
1	0.9592507	1
0	0.012760551	0
0	0.9244386	0
0	0.000680398	1
1	0.92735434	0
1	0.92451286	1
0	0.003207572	0
0	0.163357	1
0	0.016177718	1
0	0.005942542	1
0	0.08789754	0
0	0.013108132	0
0	0.29244694	0
0	0.001009831	1
1	0.97738475	0
0	0.33699426	1
0	0.41288206	1
1	0.48466024	1
0	0.028635202	1
0	0.013307774	1
0	0.03310964	0
1	0.9389408	0
0	0.05404202	0
0	0.002851395	1
1	0.9580549	0
0	0.028396098	0
0	0.28908712	1
1	0.2005533	0
0	0.6526723	1
0	0.002616575	0
0	0.002441458	0
0	0.023175368	0
1	0.699664	1
1	0.9313957	0
0	0.18818828	0
1	0.9837129	0
0	0.19044682	1
1	0.90530825	0
0	0.015145009	0
1	0.90555817	0
1	0.7118648	1
0	0.16731903	1
0	0.002379444	0
1	0.9665141	0
0	0.04378268	1
0	0.29361284	0
1	0.6695147	0
1	0.5958485	0
0	0.39632672	0
0	0.27131945	1
0	0.047003385	0
0	0.024340369	0
0	0.005401118	1
0	0.003714897	1
0	0.5410097	1
0	0.24346483	0
0	0.011544185	0
0	0.038950164	1
0	0.003035064	0
1	0.9909819	1
1	0.64955884	1
1	0.05015327	0
0	0.001536307	1
1	0.2722863	1
0	0.012709479	1
0	0.006482346	0
1	0.99703825	1
0	0.15262856	0
0	0.010304458	0
0	0.001365102	0
1	0.7712845	1
1	0.243824	0
0	0.005703162	1
0	0.010565513	1
1	0.8822671	1
0	0.13148652	1
0	0.17041925	1
0	0.000727984	0
1	0.6878181	0
0	0.040444188	0
0	0.08352259	1
0	0.003936054	0
0	0.002817756	0
1	0.8683703	1
0	0.000997718	0
1	0.99089265	1
1	0.57374275	1
1	0.02060872	0
1	0.969118	0
0	0.000516076	0
0	0.33952522	1
1	0.580996	0
1	0.8742213	0
0	0.06888745	1
0	0.27555418	1
1	0.98286736	1
1	0.98127913	1
0	0.6145762	0
0	0.1220836	1
1	0.7852562	1
1	0.98608685	0
1	0.9662683	0
0	0.001181302	0
1	0.9976545	1
0	0.6613832	0
0	0.8793518	0
0	0.6150013	1
1	0.98539793	1
0	0.004534655	0
1	0.8647444	1
0	0.17515592	0
0	0.58540845	0
0	0.05685736	1
1	0.8625016	1
1	0.8564522	1
0	0.000691806	0
1	0.97100216	1
1	0.58323896	0
0	0.019068083	1
0	0.000596157	0
1	0.8471643	1
1	0.9913094	1
0	0.018690057	1
0	0.37343878	0
0	0.6689468	1
0	0.008015743	0
1	0.57854	1
1	0.22218569	0
0	0.058932524	0
0	0.008365357	1
0	0.100530215	1
0	0.003976634	1
0	0.020266375	0
0	0.48618472	0
0	0.15163133	1
0	0.030491702	0
0	0.41142684	0
0	0.03416016	1
1	0.45058623	0
0	0.014227988	1
0	0.005178509	0
0	0.014456118	0
0	0.014367845	0
0	0.001337499	1
0	0.043207083	1
1	0.6273331	0
1	0.8647623	0
0	0.71551603	0
0	0.012050151	0
0	0.001185134	1
1	0.66930175	0
0	0.003689388	1
0	0.005091666	1
0	0.002807941	0
0	0.00426925	1
0	0.005142201	1
1	0.81129575	1
1	0.90027416	1
0	0.000675966	1
0	0.021698492	0
1	0.60834676	0
1	0.92678046	0
0	0.6652678	1
0	0.001945522	0
1	0.9751006	1
0	0.19841906	0
1	0.3130495	1
0	0.015537243	1
0	0.00200727	1
1	0.99806327	0
1	0.9638902	1
1	0.6353699	1
0	0.000466309	1
0	0.06515348	1
1	0.82166535	1
0	0.21084104	0
1	0.91595876	0
1	0.99424803	0
0	0.009619573	0
0	0.002502191	1
1	0.7844381	1
1	0.8728976	1
1	0.9960679	1
0	0.002757031	0
1	0.63137424	0
0	0.37383327	0
0	0.22096473	1
1	0.9945582	0
1	0.90166897	0
1	0.9886574	1
0	0.7147072	0
1	0.6595692	1
0	0.019066166	1
0	0.23599488	1
1	0.28591	0
0	0.78202146	0
1	0.90854895	0
0	0.005758529	0
0	0.004335504	0
0	0.004305406	0
0	0.20282954	1
1	0.95669675	1
0	0.002661353	0
0	0.001070869	1
0	0.002516493	0
0	0.022288617	0
0	0.002304675	1
0	0.17887329	0
1	0.9676907	1
0	0.018323908	0
0	0.023041267	1
0	0.057934783	1
1	0.39944863	0
0	0.013449193	0
1	0.994083	1
0	0.3366494	0
1	0.84789896	1
0	0.032258406	1
1	0.8354618	0
0	0.1304248	1
1	0.9332123	1
0	0.059077352	1
0	0.27316412	0
0	0.9260417	1
0	0.42738637	0
1	0.96990216	0
0	0.004565622	1
1	0.89271224	0
1	0.46474978	0
0	0.34515435	0
0	0.04922148	0
1	0.84341556	1
0	0.07436317	0
1	0.8109649	1
1	0.9645454	0
0	0.13092783	1
0	0.058236077	0
0	0.4575505	1
0	0.022706835	1
0	0.08966417	0
0	0.007843167	1
1	0.9981628	1
0	0.3891036	1
0	0.005424314	1
0	0.06092508	1
0	0.3477575	1
0	0.4031421	1
1	0.96826696	0
0	0.029903952	0
0	0.002849912	1
0	0.002575001	0
1	0.7276132	0
0	0.52439314	0
0	0.003869512	0
1	0.95609474	1
0	0.19407097	1
0	0.67903215	1
0	0.01450022	0
0	0.81557786	0
0	0.010956848	1
1	0.83248645	1
0	0.003214775	0
0	0.004757256	1
0	0.032879043	1
0	0.0489229	1
1	0.9897898	1
1	0.8115963	1
0	0.006320507	0
1	0.89934886	0
0	0.20746307	1
1	0.92686415	0
0	0.02330519	1
0	0.064938	0
1	0.4980979	1
1	0.9733609	1
0	0.063539945	0
0	0.035839997	0
0	0.33062193	1
1	0.8463414	0
1	0.8883935	0
1	0.9978598	0
0	0.004524339	0
0	0.003281796	0
1	0.9659719	0
0	0.13281737	1
1	0.957006	0
1	0.93255436	1
0	0.0751883	1
0	0.56650275	1
1	0.885129	0
0	0.001603845	1
1	0.9697861	0
0	0.001770901	1
1	0.84417963	0
0	0.04976345	1
0	0.036300506	0
1	0.72534716	1
0	0.000678832	1
0	0.42544538	0
1	0.9347612	0
0	0.21405526	1
0	0.005148176	1
0	0.018888567	1
0	0.21927288	1
0	0.003875958	1
0	0.12955059	0
0	0.12117697	1
0	0.1339482	1
1	0.7872756	1
0	0.00347808	1
0	0.1997099	0
0	0.2614574	0
1	0.5257175	0
1	0.84311754	1
0	0.024030382	1
1	0.9918127	0
0	0.2537752	1
0	0.016437218	1
0	0.015326542	0
1	0.9877043	1
0	0.000752412	1
0	0.015794395	0
1	0.89553386	0
0	0.011605416	1
1	0.8101768	1
1	0.9918174	1
0	0.014490868	0
0	0.003831978	1
1	0.95407665	0
1	0.56215835	0
1	0.5006111	1
1	0.66017395	1
0	0.00638048	1
0	0.24533172	1
1	0.9960743	0
1	0.76598084	0
1	0.8613042	0
1	0.5494311	1
1	0.37164614	0
1	0.7159679	0
0	0.63686	1
0	0.019818075	1
0	0.03886346	1
1	0.82813907	0
1	0.36379212	0
0	0.02181309	0
1	0.87784326	1
0	0.9308085	0
1	0.91932017	1
0	0.01190799	0
1	0.65609646	0
1	0.9976821	1
1	0.73042977	1
0	0.08282214	0
1	0.9841302	0
0	0.030014293	0
0	0.6013108	1
1	0.6141311	1
0	0.005543533	0
1	0.66384584	1
0	0.001340594	0
1	0.8906861	0
1	0.80725473	1
1	0.000709308	0
0	0.24480936	1
0	0.013979727	0
1	0.65272194	0
1	0.98162305	1
0	0.004608993	0
0	0.008051919	0
1	0.97623	1
1	0.97556144	1
1	0.7099325	0
1	0.72987604	1
1	0.9837906	0
0	0.01771961	1
0	0.10017464	0
0	0.77033544	0
0	0.0490724	1
0	0.026086895	1
0	0.030971795	1
1	0.7962636	1
0	0.04054696	1
1	0.7909983	1
0	0.02750271	1
0	0.001583918	0
1	0.6502157	1
0	0.13129772	1
1	0.9687381	0
0	0.023840986	0
1	0.9348285	0
1	0.73786914	1
1	0.8452521	1
1	0.9845983	0
0	0.020306302	0
0	0.001695691	0
1	0.9924787	1
0	0.2817159	0
1	0.038288843	0
0	0.29861864	0
0	0.061158966	1
0	0.07956513	1
1	0.8195539	0
1	0.988138	0
1	0.19935662	1
1	0.97840846	0
1	0.7885112	0
1	0.9358161	0
1	0.9422636	1
0	0.01409846	1
0	0.003009043	0
0	0.7356557	1
0	0.05307887	0
0	0.0212362	1
1	0.7595549	1
1	0.668876	1
0	0.007072888	0
0	0.030280177	1
0	0.38884908	1
0	0.12949882	0
0	0.002578417	1
0	0.051473785	0
1	0.57905346	0
1	0.9892441	0
0	0.3198016	1
1	0.8968896	0
0	0.005815412	0
1	0.49843138	1
1	0.9756355	0
0	0.002010185	0
0	0.6999318	1
0	0.62491167	0
1	0.18324667	1
0	0.011684504	0
1	0.9203648	1
1	0.96664184	0
1	0.9805978	1
0	0.7446797	1
0	0.16419622	1
0	0.006094327	0
1	0.97670877	0
0	0.005446337	1
0	0.016206248	0
0	0.020617537	1
0	0.4660593	1
0	0.03173233	0
0	0.3962423	0
0	0.17083529	1
1	0.9304225	0
1	0.8906366	0
0	0.19112706	1
1	0.8104503	0
1	0.99501723	1
1	0.7081375	0
1	0.44270003	1
0	0.023573263	0
0	0.016793385	0
1	0.7750925	0
1	0.93166614	0
0	0.18826047	1
0	0.001081967	0
1	0.8130636	0
0	0.04068174	0
0	0.33155787	1
1	0.9817253	1
0	0.006710871	0
1	0.9664456	0
0	0.6386971	1
0	0.000721309	0
0	0.8088269	0
1	0.78767025	0
1	0.9953312	1
0	0.005778685	0
0	0.007206662	1
1	0.9220584	1
0	0.02521181	1
0	0.74886036	1
1	0.60648394	1
0	0.18086493	1
0	0.14138852	1
1	0.86341965	0
0	0.04106834	1
0	0.5807197	1
0	0.003978958	1
1	0.97905695	0
0	0.071094595	1
1	0.93315387	1
0	0.002222352	1
1	0.86828166	1
0	0.009730593	0
0	0.021476788	0
0	0.08120744	1
0	0.05315029	0
0	0.027241092	1
1	0.91199315	1
0	0.100740775	1
0	0.4951661	1
1	0.984721	1
0	0.5378701	0
0	0.8722109	0
0	0.2408341	0
0	0.012033292	0
0	0.011041991	0
1	0.4591455	0
0	0.03069199	0
0	0.002644911	0
0	0.01711409	0
0	0.002065373	0
1	0.88083625	0
1	0.7506142	1
1	0.8687744	1
0	0.001251217	0
0	0.05012848	0
1	0.9828539	0
1	0.6220183	1
0	0.4838655	1
0	0.37264895	1
1	0.98607117	1
0	0.008452714	1
0	0.003118407	0
1	0.4735167	0
0	0.04759987	0
0	0.007171889	1
0	0.4802883	1
1	0.9943018	0
0	0.35594237	1
0	0.002600316	0
1	0.58621967	0
0	0.008631304	0
0	0.36769444	1
0	0.04967897	1
0	0.001761835	0
0	0.047662664	0
0	0.20368944	0
1	0.997065	1
1	0.4290677	0
1	0.99229926	1
0	0.050855152	0
1	0.88913924	0
0	0.12197674	1
1	0.99499184	1
1	0.68411565	0
1	0.90766263	0
1	0.9358223	1
1	0.64152175	1
0	0.11954666	1
1	0.5441329	1
0	0.041111995	0
1	0.8857118	1
1	0.9767444	1
1	0.6805644	0
1	0.53408647	0
0	0.003503027	1
0	0.002082227	1
0	0.078054965	1
0	0.005100929	0
0	0.000560588	0
0	0.015108844	0
0	0.002794716	1
1	0.7673711	1
1	0.9973793	1
0	0.051230427	1
1	0.75195986	1
0	0.007861455	1
0	0.15624465	1
0	0.1603087	1
0	0.19673072	1
0	0.002008989	0
0	0.25967652	1
0	0.003138111	0
1	0.99156976	0
0	0.08894933	1
0	0.002437615	1
0	0.62389064	1
0	0.69615316	0
1	0.9784936	1
1	0.95574737	0
1	0.7979515	1
1	0.99363685	0
0	0.001051971	1
0	0.35519916	0
1	0.9814098	1
0	0.001188241	1
0	0.002989847	1
0	0.010396813	1
0	0.00415886	0
0	0.15027119	1
0	0.13769442	0
1	0.847581	1
0	0.000933607	0
1	0.68370277	1
1	0.98255646	1
0	0.001985768	0
1	0.9969779	0
1	0.9099801	0
1	0.9540349	0
0	0.000711973	0
0	0.02711012	1
0	0.057957217	0
1	0.9463614	1
1	0.97445685	0
0	0.010043622	0
1	0.9102009	1
0	0.002364579	1
0	0.012027704	0
1	0.9786105	0
0	0.38232827	0
0	0.017687626	1
0	0.10222872	1
0	0.000477233	1
1	0.6345889	0
0	0.012345498	0
0	0.022851046	1
0	0.80170345	1
1	0.814437	1
1	0.35695538	0
0	0.5029382	1
0	0.4383858	0
0	0.01528371	1
0	0.12847504	1
1	0.7191861	0
0	0.33569384	1
0	0.022042777	0
0	0.61460984	0
0	0.012065949	1
0	0.086223565	1
1	0.9232274	0
0	0.033305436	1
0	0.00431663	1
1	0.21758808	0
0	0.7757121	0
0	0.011954219	1
1	0.7944837	0
1	0.21172185	0
0	0.29485843	1
1	0.7604991	1
0	0.3552438	1
0	0.014407448	0
0	0.46210623	0
1	0.9363337	1
1	0.9870619	0
0	0.21311702	1
0	0.16218	1
0	0.011117578	0
0	0.00629049	1
0	0.067402214	1
0	0.009255054	0
0	0.006218834	0
0	0.1210826	0
0	0.47866106	0
1	0.95124704	1
1	0.45556307	1
1	0.7348943	1
1	0.9802626	0
0	0.18139379	1
0	0.20997895	1
0	0.7586418	0
0	0.28800362	0
0	0.07771275	0
1	0.8769946	0
1	0.9852131	0
0	0.053337175	1
0	0.002795149	0
0	0.001608389	1
0	0.002985532	0
0	0.010119601	1
0	0.47913185	0
0	0.8095147	1
0	0.14358835	1
1	0.95900637	0
1	0.16671634	0
1	0.82071346	1
0	0.08058759	1
1	0.99167925	0
0	0.03646266	0
0	0.003272713	1
0	0.4365377	1
0	0.6161927	1
0	0.11276126	0
0	0.37487683	0
0	0.013903988	1
1	0.63728124	0
0	0.74670565	0
1	0.96878916	1
0	0.004332323	1
0	0.003632323	0
0	0.001311896	1
0	0.42128807	1
0	0.004249237	1
0	0.003379004	1
1	0.9898808	1
1	0.74420357	0
1	0.8265984	1
0	0.004565815	1
0	0.005589427	0
1	0.10589207	0
1	0.5534536	1
0	0.1101172	0
0	0.006626828	0
1	0.9920379	1
0	0.003364086	1
0	0.00605822	1
0	0.00295443	1
0	0.3604955	0
1	0.7448944	0
0	0.003196885	1
0	0.1859683	1
0	0.121312134	1
1	0.97517425	1
1	0.7587647	0
1	0.9677521	0
0	0.00245723	1
1	0.5119656	1
1	0.36650157	0
0	0.001825185	0
0	0.2626217	1
0	0.014206337	0
0	0.05424048	0
0	0.000903567	0
0	0.0568231	0
0	0.003585934	1
0	0.07368924	0
0	0.003654892	1
1	0.6408405	0
1	0.81441206	0
0	0.1449506	1
0	0.07684003	0
0	0.011000293	1
1	0.66155607	0
0	0.007943543	1
1	0.9846918	0
0	0.006552124	1
0	0.69575405	1
1	0.5260279	1
1	0.95750886	1
1	0.7548639	0
1	0.7931437	0
1	0.25662902	0
1	0.8781229	0
0	0.005285424	1
0	0.8086629	0
1	0.95571566	0
1	0.66322345	0
1	0.840187	1
1	0.39023474	0
0	0.067603774	0
1	0.9423973	1
0	0.024271993	1
1	0.9286117	1
0	0.005992435	1
0	0.53906363	1
0	0.14733362	0
0	0.008920345	1
0	0.21167155	1
0	0.005480821	0
0	0.28700167	0
0	0.5355575	1
1	0.98805785	1
1	0.9657746	1
1	0.5973223	0
0	0.021292996	0
1	0.8051638	1
0	0.045275494	0
0	0.21695368	0
1	0.9685346	1
0	0.003276277	1
0	0.4581229	0
1	0.96147734	1
0	0.043161687	1
1	0.8023538	1
0	0.11601695	1
1	0.30274677	1
0	0.009686738	1
1	0.97691536	0
0	0.000563089	0
0	0.003191332	0
0	0.045257576	0
1	0.88050294	1
0	0.08666901	0
1	0.86427104	0
0	0.16395985	1
1	0.53048724	0
0	0.003189374	1
0	0.002088257	0
1	0.58999145	0
0	0.14791796	0
1	0.99779654	1
0	0.005697795	1
1	0.94968367	0
0	0.006278473	1
1	0.9604576	1
1	0.9513917	1
0	0.012166142	1
0	0.039717875	0
0	0.24316807	1
1	0.5453529	1
0	0.70850056	0
0	0.005273732	0
1	0.9472995	1
0	0.000812105	1
0	0.007752048	1
1	0.9112525	1
1	0.72432876	0
1	0.9915418	0
0	0.15564638	1
1	0.4429497	0
0	0.04885958	0
1	0.9948527	1
0	0.009235656	0
0	0.29568893	1
0	0.7158867	0
0	0.41986555	0
0	0.002469008	0
1	0.96031535	0
1	0.96587265	0
1	0.31108817	0
0	0.014713639	0
0	0.06282879	1
1	0.87309647	0
0	0.35937002	0
0	0.080481544	0
0	0.11592287	0
1	0.9705363	0
0	0.101177245	0
1	0.99268675	1
1	0.9935129	1
1	0.68126076	0
0	0.002689467	0
0	0.001859286	0
0	0.008285437	1
1	0.99486417	0
0	0.58334357	0
0	0.024492593	0
0	0.005918847	1
1	0.09148044	1
0	0.001586022	1
1	0.6496994	1
0	0.003961783	1
0	0.0119335	0
0	0.11248604	0
0	0.003291125	0
0	0.6083436	1
1	0.90365463	0
0	0.28008932	1
1	0.60986537	1
1	0.9338556	0
0	0.011404734	0
0	0.053154815	1
0	0.004877803	1
0	0.015456817	0
1	0.4446033	1
0	0.07202582	1
0	0.003743772	0
0	0.23071034	0
0	0.001713463	0
1	0.59061277	0
0	0.001617676	1
1	0.9859476	0
0	0.106242575	1
1	0.5571389	1
0	0.005987972	0
0	0.06504034	1
0	0.005892739	0
0	0.003377999	1
1	0.69546586	1
0	0.008967837	1
0	0.2859364	1
1	0.75000566	1
0	0.009876838	0
0	0.1819186	0
0	0.005581479	1
0	0.001388722	1
0	0.7020329	1
1	0.97956425	1
0	0.10794408	1
0	0.002867032	1
1	0.8688881	0
0	0.084588446	0
1	0.8025832	1
0	0.019617738	0
1	0.7187332	0
0	0.011255068	0
0	0.26768407	1
1	0.60556877	0
1	0.97304314	0
0	0.11265853	1
1	0.3090034	1
1	0.8338967	0
0	0.74494946	1
0	0.39031276	0
1	0.7614447	1
0	0.022194684	1
1	0.9894422	0
0	0.061372202	0
0	0.09374521	1
0	0.024612343	1
0	0.012079302	0
1	0.939095	0
0	0.004338908	1
0	0.37759316	1
0	0.003436978	0
1	0.9863651	0
0	0.030725203	1
1	0.71864754	0
0	0.008832319	1
0	0.017064631	1
1	0.99489504	1
0	0.004983307	1
1	0.9875804	1
1	0.62302417	1
0	0.06205119	1
0	0.3058237	1
1	0.3784158	0
1	0.9257427	0
0	0.009366538	1
0	0.04506536	0
0	0.006192025	1
0	0.03528622	0
1	0.53829825	1
0	0.055215713	0
0	0.002575771	1
1	0.7645825	0
0	0.24956413	1
0	0.000990378	0
1	0.9854423	0
0	0.09107223	0
0	0.22517541	1
0	0.052256	0
0	0.15120777	0
0	0.58020777	0
0	0.8829967	1
0	0.008220891	0
1	0.5329434	0
1	0.95327115	1
0	0.05009009	0
0	0.28505906	0
0	0.06429173	1
1	0.74195826	0
0	0.23479396	0
0	0.20090307	0
1	0.72985405	1
0	0.30866152	1
0	0.041569877	1
0	0.23661917	1
0	0.025737125	0
0	0.004707028	0
1	0.178056	1
0	0.007579296	0
1	0.96791536	1
0	0.008421877	0
1	0.88469505	0
0	0.007885853	1
1	0.80339694	1
0	0.31198117	1
0	0.022968642	0
1	0.17851909	1
0	0.002896178	1
1	0.74526656	1
1	0.64402145	1
0	0.06064984	1
1	0.96526563	1
0	0.00270357	0
0	0.10529575	1
0	0.17874922	1
1	0.9052819	0
0	0.008656327	0
0	0.029885748	0
0	0.42416343	1
0	0.032923993	0
1	0.057259124	0
1	0.91451436	0
1	0.9590035	1
1	0.8570223	1
0	0.24772632	0
0	0.064297475	0
0	0.00292007	0
0	0.001602546	0
0	0.065414794	1
1	0.97841793	0
0	0.3246472	0
0	0.25536838	1
1	0.92847747	0
0	0.000806598	0
1	0.66910386	1
0	0.545898	0
1	0.9935174	0
0	0.040526893	0
0	0.026081631	0
1	0.99408275	0
1	0.8404151	1
1	0.65770495	1
0	0.027329082	1
0	0.007374285	0
0	0.61786914	1
0	0.005097743	1
1	0.6135869	0
1	0.28658125	0
0	0.007093949	1
0	0.004358789	1
1	0.32175994	1
1	0.99086994	0
0	0.003251519	1
0	0.019528681	0
0	0.002148742	1
1	0.6267349	0
0	0.82662153	0
0	0.003777627	1
0	0.006436425	0
0	0.31609842	0
0	0.000967484	1
1	0.7583841	1
0	0.060688913	1
0	0.01565821	0
0	0.30646086	1
1	0.97866195	0
0	0.014211038	0
1	0.85892713	1
0	0.002448326	1
1	0.48621297	0
0	0.10458661	1
1	0.79419476	0
0	0.015016983	0
0	0.08222497	0
0	0.01593567	0
0	0.018733673	0
1	0.9882244	0
1	0.8979562	1
1	0.9715551	0
1	0.40732953	1
0	0.002066196	0
0	0.000474831	0
0	0.001459942	0
0	0.033163454	0
1	0.8892019	0
0	0.10026301	1
0	0.001458647	0
1	0.8833729	0
1	0.9722927	0
1	0.7712185	0
0	0.051929668	1
0	0.4266862	1
1	0.9759913	1
1	0.9974637	0
0	0.0661834	1
1	0.98704857	0
0	0.004979339	0
0	0.093940936	1
0	0.001813959	1
0	0.010688654	0
0	0.06352792	1
1	0.88926196	1
1	0.67754453	1
1	0.8255892	0
1	0.25820404	1
1	0.6055685	0
0	0.046615172	0
0	0.04251479	1
0	0.003268103	0
0	0.002141961	0
0	0.007013775	0
0	0.3242934	0
0	0.004814994	0
0	0.017382594	1
0	0.02182504	0
0	0.013098962	0
1	0.57399195	0
0	0.000721741	1
1	0.45077553	1
0	0.00403212	0
1	0.46078533	0
0	0.002337618	1
1	0.7918756	1
0	0.067967735	0
0	0.19968133	0
0	0.008805331	0
1	0.97049236	0
1	0.98996675	0
1	0.9389842	0
1	0.80814266	0
0	0.007578712	0
0	0.00355254	0
0	0.000728681	0
1	0.9655514	0
1	0.85309094	0
0	0.31942526	1
1	0.6796087	1
0	0.58091307	1
0	0.068042114	0
0	0.004535341	0
0	0.058866777	0
0	0.11519331	1
0	0.014556365	1
1	0.7765221	0
1	0.15613402	0
0	0.033866774	1
1	0.894118	1
0	0.09172264	1
0	0.057320096	0
0	0.006671591	1
0	0.4883205	1
1	0.7121365	1
0	0.0163229	1
0	0.18343906	1
1	0.8675558	1
0	0.063831165	0
0	0.002008058	0
1	0.7559916	0
0	0.6872017	0
1	0.6844951	1
1	0.92756474	0
0	0.04222914	1
0	0.019095024	1
0	0.001685938	1
1	0.72149056	0
0	0.9180654	0
0	0.04082844	1
0	0.01719707	0
0	0.12136639	0
1	0.64402854	1
0	0.028447667	0
0	0.005412334	1
0	0.008450092	0
1	0.9685878	0
0	0.003036078	0
0	0.020297904	1
0	0.028757863	0
1	0.86207265	1
0	0.016210588	0
1	0.8445156	1
0	0.12727843	1
0	0.4720769	0
1	0.7649891	1
1	0.38879326	1
0	0.4094819	0
1	0.89048535	0
1	0.9554405	1
1	0.6374445	0
1	0.98873794	1
1	0.8239298	1
0	0.055188496	0
1	0.9222493	0
0	0.26098952	0
0	0.5549158	0
1	0.9414297	0
0	0.010611522	0
1	0.6867404	1
1	0.8880967	1
1	0.59549594	1
0	0.008810143	1
0	0.3076413	0
0	0.001469662	0
1	0.9960199	1
0	0.00754397	0
0	0.003623162	0
0	0.030603692	1
1	0.6332362	0
1	0.6909396	1
1	0.83245814	1
0	0.22923775	0
0	0.002774879	0
0	0.003683847	1
0	0.38589802	0
0	0.004634194	1
1	0.9902113	0
1	0.9040478	0
1	0.91982067	1
0	0.00197498	0
0	0.2848592	1
1	0.9411206	0
1	0.72175807	1
1	0.4044736	1
0	0.001673024	1
0	0.2547941	0
0	0.007909158	0
0	0.059851903	1
1	0.9095271	0
0	0.2845117	0
0	0.001779846	1
1	0.9112364	1
0	0.000793961	0
1	0.9132911	1
0	0.8157098	0
1	0.9889836	1
1	0.9846859	1
0	0.001189556	1
0	0.27404055	0
0	0.023294713	1
0	0.001869337	1
1	0.73691005	0
0	0.001524903	0
0	0.07973482	1
0	0.1773314	0
1	0.91667235	1
1	0.910043	1
0	0.005359368	0
0	0.83378756	1
1	0.66092557	1
0	0.004035367	0
0	0.32751444	1
0	0.018531334	0
1	0.9815167	0
0	0.004577783	1
1	0.7884242	0
1	0.89723986	1
0	0.09087876	1
1	0.9574615	1
0	0.05041392	1
1	0.79014075	1
1	0.9777144	1
0	0.001077933	1
1	0.97627956	1
0	0.40309986	1
0	0.04960209	0
0	0.001623163	0
0	0.79635525	1
0	0.011081024	1
1	0.7941393	1
1	0.9431066	1
0	0.009668787	1
0	0.009864079	1
0	0.000700211	1
1	0.48386458	1
0	0.21330447	1
1	0.88271457	1
0	0.001650379	1
0	0.5460682	0
0	0.2391465	1
0	0.58539563	0
1	0.946591	0
0	0.018487029	0
0	0.06145555	0
1	0.97229856	1
1	0.9655853	1
1	0.994207	0
0	0.17629291	0
1	0.99034715	0
1	0.99180555	1
0	0.15883237	0
0	0.33426967	0
1	0.7949729	1
0	0.08346927	1
1	0.6343618	0
1	0.9784597	1
0	0.747843	0
1	0.99302363	0
0	0.001497179	0
1	0.8188109	1
0	0.5817803	0
0	0.059687626	0
0	0.006534775	1
1	0.7529834	0
0	0.22039126	1
1	0.5500419	1
1	0.9633787	1
1	0.79430354	0
0	0.07801601	1
1	0.7519452	1
1	0.99376726	1
1	0.9351718	1
0	0.22015627	1
1	0.97843456	0
1	0.94284946	0
1	0.99764365	0
1	0.96155304	0
1	0.9768648	0
0	0.6042414	1
1	0.87828267	1
0	0.018923339	0
1	0.71447194	0
0	0.003127326	0
0	0.027086431	1
1	0.9915352	1
1	0.95706373	1
1	0.4326112	0
0	0.11040194	1
1	0.60940456	1
0	0.109532505	1
1	0.4103982	1
1	0.6403777	0
0	0.004460827	0
0	0.37088937	0
0	0.000590776	0
1	0.9057662	0
1	0.10019021	1
0	0.005656163	0
0	0.58852524	0
0	0.007237412	1
0	0.000877053	0
0	0.18065089	0
0	0.003018897	0
1	0.8874558	0
0	0.32841998	0
0	0.45727697	0
0	0.006549865	1
0	0.025229663	1
0	0.023593368	1
0	0.043313842	0
1	0.9968125	0
1	0.9009945	0
1	0.48202932	0
1	0.98980004	0
0	0.00446538	1
1	0.97312444	1
0	0.023015965	1
0	0.012087539	1
0	0.013833568	0
1	0.95152354	0
0	0.85317683	0
1	0.933078	1
0	0.013089399	1
0	0.033975847	0
0	0.008284457	1
1	0.96234185	0
0	0.3171004	1
0	0.19644357	0
0	0.001342847	1
0	0.000766036	0
0	0.022567004	0
0	0.000601627	1
1	0.959613	1
0	0.5232513	1
0	0.001830791	0
0	0.8924634	0
0	0.55575806	1
0	0.7798673	0
1	0.71345407	0
0	0.002342689	0
0	0.064865746	1
1	0.9805135	1
1	0.97435987	0
0	0.005142962	0
1	0.85200226	1
0	0.008836494	0
0	0.103053294	1
1	0.9848585	1
0	0.035765793	1
1	0.79826474	1
0	0.035993636	0
0	0.001937264	1
0	0.05316548	0
1	0.70975596	0
0	0.008088323	1
0	0.003183008	1
0	0.024661351	1
0	0.011235393	1
0	0.003331426	0
1	0.93850666	0
1	0.7008741	0
1	0.9597765	1
0	0.019233003	1
1	0.79182124	1
0	0.031882077	1
0	0.002584792	0
1	0.9803578	0
1	0.7371753	0
1	0.97183967	0
0	0.001414945	0
1	0.9393951	1
0	0.30706474	1
1	0.99510455	0
0	0.0849986	0
0	0.009201546	1
0	0.3540581	1
0	0.09090956	1
0	0.31476468	1
1	0.88328314	1
0	0.012755254	0
0	0.020706354	1
0	0.001628227	1
0	0.001124762	1
1	0.8590509	1
1	0.69137454	1
1	0.80831623	0
0	0.02034062	0
1	0.28143582	1
0	0.004957965	0
0	0.07801889	1
1	0.7779227	0
0	0.011222412	0
1	0.95371836	0
1	0.3738922	0
0	0.00185247	1
0	0.05893469	0
1	0.8127412	1
0	0.10792497	0
1	0.5352128	0
0	0.000771535	1
1	0.7406159	0
1	0.7328933	1
1	0.910699	1
0	0.00093452	1
0	0.049643945	1
0	0.6047634	0
0	0.002524968	1
0	0.001693704	0
1	0.9844258	1
0	0.057070374	0
0	0.03549852	1
1	0.48957196	1
1	0.3924826	0
0	0.15986834	0
1	0.92685336	1
1	0.998767	0
0	0.4456584	0
0	0.28915796	0
1	0.9693782	1
1	0.6883491	1
0	0.29579464	0
1	0.87977713	1
1	0.92158777	0
0	0.068887345	1
1	0.97287333	0
0	0.34006974	0
1	0.95161575	0
0	0.001742314	0
1	0.9768301	1
0	0.031340465	1
1	0.25434986	0
0	0.07759368	0
1	0.932005	1
1	0.9517826	0
1	0.8625194	0
0	0.32277107	1
0	0.007985702	0
0	0.005797893	1
1	0.34227195	0
1	0.90638936	0
0	0.000850726	1
1	0.9391397	1
0	0.00357741	0
0	0.047734972	0
1	0.97994566	1
1	0.4023334	1
0	0.021612464	0
1	0.7202217	1
1	0.93681556	0
1	0.8032336	1
0	0.017566578	1
0	0.018786259	0
1	0.38293818	1
1	0.67688847	0
1	0.8949315	0
1	0.005099085	0
0	0.5403626	0
1	0.76576245	1
0	0.14416237	0
0	0.01771253	1
0	0.016627107	0
0	0.00165274	0
1	0.830443	1
0	0.006383045	0
1	0.71623605	0
1	0.32989264	0
0	0.097543396	0
1	0.20823982	1
0	0.001671018	0
0	0.000549586	0
1	0.6848913	0
1	0.06862245	0
0	0.041129723	1
1	0.9925432	0
0	0.18656556	0
0	0.010094451	0
0	0.001109592	1
0	0.00194317	1
0	0.57660526	0
0	0.008765178	1
0	0.037817467	0
0	0.8020679	0
0	0.9823909	0
1	0.97309023	1
1	0.952085	0
0	0.004741008	1
0	0.004860904	1
1	0.8183632	0
0	0.054922502	1
0	0.22039759	1
0	0.016930271	1
1	0.50089353	1
0	0.007321191	1
0	0.005761527	0
0	0.10007541	0
1	0.001529261	0
1	0.84299433	0
1	0.41083235	0
0	0.001520271	0
0	0.047176845	0
0	0.014075434	0
1	0.7549376	0
1	0.821303	0
1	0.20145966	0
0	0.001637013	1
1	0.67728007	1
0	0.001034924	1
0	0.19553232	1
0	0.002686879	0
0	0.00212444	0
1	0.22378941	0
0	0.001819526	0
0	0.001942873	0
0	0.36424458	1
1	0.6176134	0
0	0.022186141	1
0	0.001233897	1
0	0.005484544	1
0	0.030232742	1
0	0.01980657	0
1	0.003705139	0
0	0.013286884	1
0	0.11209834	0
0	0.014914067	0
0	0.004202186	0
1	0.92546886	0
1	0.79597646	1
0	0.050279308	1
0	0.11556292	1
0	0.01329831	1
0	0.005437622	0
1	0.8848237	0
0	0.040930808	0
1	0.723819	0
0	0.030466361	1
1	0.9843895	0
0	0.017351005	0
1	0.9778332	1
1	0.7132106	0
0	0.027336333	1
0	0.003267925	1
1	0.7723249	1
1	0.8172906	0
1	0.39833263	0
0	0.40803814	1
0	0.005203537	1
0	0.0528713	0
1	0.9823307	1
0	0.09984569	1
1	0.8419502	0
1	0.97844774	1
1	0.8657636	1
1	0.94956946	1
0	0.8299677	0
0	0.001252587	0
0	0.044313584	0
1	0.29482156	0
0	0.011401687	1
1	0.8394359	0
0	0.018695235	1
0	0.000488233	0
0	0.026740307	0
1	0.797564	0
1	0.90828896	1
0	0.00941524	0
0	0.004406282	1
0	0.014298894	0
0	0.069661565	1
1	0.51873064	0
0	0.009237253	1
1	0.6373231	0
0	0.58670413	1
0	0.001979213	1
1	0.9655785	1
0	0.024249643	1
0	0.16528967	1
0	0.014140178	0
0	0.018792126	1
1	0.274149	1
0	0.014538859	0
0	0.055012714	0
0	0.007664946	0
0	0.10539075	0
1	0.989176	1
1	0.1945784	0
0	0.008768803	1
0	0.74006945	0
0	0.6373084	0
0	0.001368808	0
1	0.9147977	1
1	0.750436	1
0	0.74738157	0
1	0.69565505	0
0	0.13349745	1
0	0.19618583	0
0	0.65341824	1
0	0.007461833	1
0	0.001684617	1
0	0.12492909	0
1	0.90841085	0
1	0.92835206	0
1	0.99591917	0
0	0.002089871	1
1	0.9177359	1
0	0.09579269	0
1	0.31815344	0
0	0.049039982	1
0	0.09454791	0
1	0.8182138	1
0	0.033148237	1
0	0.7143086	1
1	0.9952166	0
0	0.077248864	1
0	0.00390607	1
0	0.000702629	1
1	0.97291064	0
0	0.004045508	1
0	0.1721372	1
1	0.94446236	1
0	0.03918691	0
1	0.7907939	1
1	0.5166749	1
0	0.56564325	0
0	0.01513448	0
0	0.1984658	1
1	0.9947095	0
0	0.55994195	0
0	0.003583742	0
0	0.030937523	1
0	0.004678735	1
0	0.025747394	1
1	0.9967499	1
0	0.017210817	0
1	0.9572936	0
1	0.9483484	1
1	0.8363445	1
0	0.24173646	0
1	0.005932793	0
0	0.003869634	1
0	0.17562254	0
1	0.7804614	0
1	0.79325897	1
0	0.7408906	1
1	0.20655155	0
0	0.06095282	1
0	0.064932615	1
1	0.9902722	1
0	0.46624395	1
0	0.003609791	0
1	0.66914344	1
0	0.01581373	1
0	0.17864524	1
0	0.007663122	1
0	0.88414055	0
1	0.90711415	1
1	0.4461012	0
1	0.98882407	1
1	0.83646166	1
0	0.009134697	0
0	0.5889725	1
1	0.7379405	1
0	0.012865365	1
1	0.118569136	0
1	0.121515	0
0	0.003006724	0
1	0.99758744	0
0	0.5524738	0
1	0.9922982	0
0	0.010947055	1
1	0.59544	1
0	0.003367859	0
0	0.074546844	0
0	0.14361848	0
1	0.97391415	0
1	0.9516441	0
0	0.7001472	1
0	0.000557524	0
0	0.68098056	1
0	0.003282488	1
1	0.7091553	1
1	0.82552505	0
0	0.044303287	0
1	0.97544724	0
0	0.40600353	1
0	0.015759757	0
0	0.018889694	1
1	0.5909424	1
0	0.19446811	1
1	0.900773	1
0	0.017888889	1
0	0.005521384	0
1	0.6275082	1
0	0.003562309	1
1	0.9581787	1
1	0.39665157	0
1	0.862836	0
0	0.09183315	0
1	0.8351178	1
1	0.8926964	0
1	0.8738635	0
0	0.74038166	1
0	0.0487757	0
0	0.09174361	0
0	0.005638229	0
0	0.005092901	1
1	0.98101175	1
0	0.004903058	0
0	0.037474517	0
1	0.726266	0
1	0.9700674	1
0	0.65801334	0
0	0.54639524	1
1	0.1762692	0
1	0.7576354	0
0	0.22763316	1
1	0.6144144	0
0	0.004964454	1
0	0.00276339	0
1	0.7491282	0
0	0.001918564	0
1	0.92232627	1
0	0.055013787	0
0	0.06386444	1
0	0.011877351	0
1	0.90934396	1
0	0.67526186	1
0	0.68854374	1
0	0.00324701	1
0	0.87054914	0
0	0.039076805	1
0	0.003939213	0
0	0.023306936	0
0	0.004409816	0
0	0.009379268	1
0	0.003055784	0
1	0.9561746	0
0	0.006300879	0
0	0.029879823	1
1	0.008801981	0
0	0.000588863	0
0	0.54355544	0
0	0.006532292	0
1	0.939413	0
0	0.007231309	1
1	0.9962024	1
0	0.657995	0
0	0.023435354	1
0	0.000892126	0
0	0.000767878	0
0	0.27938396	0
0	0.6112112	0
0	0.003103077	1
0	0.38501874	0
0	0.054552753	1
1	0.54586446	1
0	0.001431272	1
0	0.00386008	1
1	0.9888498	1
0	0.18773174	0
1	0.99909985	0
0	0.6649528	0
0	0.014527243	1
0	0.002581291	1
0	0.31283858	1
0	0.023322735	0
0	0.01678793	1
0	0.028588753	0
1	0.8626466	1
1	0.9082419	1
1	0.11210901	1
1	0.45477515	1
0	0.5928658	1
1	0.95376986	1
0	0.0389687	1
1	0.9402963	1
1	0.88055676	1
0	0.01755979	0
1	0.9677775	0
0	0.008174789	1
0	0.001844007	1
0	0.1293375	1
0	0.00236046	1
0	0.07425623	0
1	0.59943974	1
0	0.002627482	0
0	0.003313044	0
1	0.45155185	1
0	0.013702966	0
1	0.9769091	1
1	0.9478634	0
1	0.9764421	1
1	0.71415454	1
0	0.16598791	1
0	0.006230542	0
0	0.45830598	0
0	0.001576172	1
0	0.004180824	0
1	0.8064181	0
0	0.0024825	0
1	0.42065728	1
1	0.7105384	1
0	0.16795005	0
0	0.1621942	0
0	0.002752728	1
1	0.57158154	1
0	0.021405436	0
0	0.061427727	0
1	0.7462897	1
0	0.002352125	1
0	0.35608625	1
0	0.000871625	0
1	0.97229326	1
0	0.08927457	1
1	0.99454015	0
0	0.11227701	0
0	0.002288243	0
0	0.003315803	1
0	0.063702494	1
0	0.07475495	0
1	0.14415413	0
0	0.015488132	1
0	0.001786001	1
1	0.57890755	1
1	0.9569489	1
0	0.003426556	1
0	0.00412435	0
0	0.002753491	1
0	0.148321	1
0	0.07586184	0
0	0.04978337	1
0	0.11420654	0
0	0.082844794	1
1	0.98123646	1
0	0.013466636	1
0	0.006182411	0
0	0.6830471	0
0	0.11619902	0
1	0.9949663	0
0	0.1347162	1
0	0.3424045	1
0	0.007063618	0
1	0.5790163	1
1	0.57010365	1
0	0.02320367	0
1	0.9899132	0
1	0.9857129	1
1	0.77016276	0
1	0.5697563	1
0	0.030940711	1
0	0.012628689	0
0	0.033668756	0
0	0.015427688	1
0	0.002111705	0
0	0.010855881	0
1	0.9919098	1
1	0.7141221	1
0	0.7448024	1
0	0.08989694	0
1	0.87839323	0
0	0.6578503	1
1	0.7793221	1
1	0.9768635	1
0	0.09004887	1
0	0.009174112	0
0	0.001653301	1
0	0.001672912	1
0	0.48275578	0
0	0.02085631	0
0	0.92014766	0
0	0.009653075	0
0	0.05599458	1
0	0.007546098	0
1	0.82229275	1
1	0.9359211	1
0	0.04541919	0
0	0.043225408	0
1	0.99698573	0
1	0.72631156	1
1	0.97962254	1
0	0.002967131	0
0	0.41620114	1
1	0.69169605	0
1	0.57688504	1
1	0.7313953	0
0	0.5749221	0
1	0.7759285	1
1	0.9935469	0
0	0.33731857	0
0	0.23034196	1
1	0.81397504	0
1	0.6282987	0
0	0.16171287	1
1	0.97801363	0
0	0.7903867	0
0	0.004457146	0
1	0.62801874	1
0	0.21755488	0
1	0.994595	1
0	0.57524556	0
0	0.006215455	0
1	0.5521854	0
1	0.5457043	0
0	0.001739147	0
1	0.9417371	0
1	0.8981678	1
0	0.51806825	0
1	0.39404312	0
1	0.99132323	1
0	0.002684294	1
0	0.03477898	1
0	0.14999731	0
0	0.37925404	1
1	0.9941302	0
0	0.000913136	1
1	0.5667997	0
0	0.034000333	0
0	0.004416556	1
1	0.9915462	1
0	0.10451322	1
1	0.9775367	0
0	0.007843111	1
0	0.004155318	1
0	0.006596058	0
1	0.863078	1
1	0.97642934	1
0	0.22919855	0
0	0.002317348	1
1	0.60331726	0
0	0.12473044	1
1	0.94584304	1
0	0.36793593	0
1	0.9555869	1
0	0.014470187	1
0	0.17794336	1
1	0.9216344	0
0	0.01700383	0
1	0.6786343	0
1	0.60707635	0
1	0.87963176	1
0	0.10596003	1
1	0.3275126	0
0	0.3391579	0
1	0.94486725	0
1	0.70522964	0
0	0.3541857	0
0	0.08848143	0
1	0.97004235	0
0	0.03315519	1
0	0.7537964	1
1	0.59317344	1
0	0.07427569	1
0	0.004409994	1
0	0.02550447	1
0	0.007407132	0
0	0.018192044	1
1	0.9773399	1
1	0.7951409	0
0	0.027181143	1
1	0.87185436	1
0	0.006985351	1
0	0.13613428	1
0	0.001906211	0
1	0.95702463	1
1	0.9826263	0
1	0.6702995	0
0	0.24829192	1
1	0.9405932	0
0	0.03197852	1
0	0.641854	0
1	0.88471335	0
0	0.21222168	0
1	0.7627569	0
1	0.994935	1
1	0.8188411	1
1	0.9962774	0
1	0.4976269	1
0	0.001636346	0
0	0.005755857	1
1	0.945047	0
1	0.85396254	1
0	0.18363743	1
0	0.001424083	1
1	0.5360339	1
0	0.63145494	0
1	0.815858	1
0	0.003635461	0
1	0.92942095	1
0	0.004137326	1
0	0.004832764	0
0	0.31411004	1
0	0.11098969	0
0	0.036583032	1
1	0.8950421	1
0	0.35510474	1
0	0.13135466	0
0	0.035525866	0
0	0.003298662	1
0	0.15540221	1
0	0.63551146	0
0	0.09619622	0
0	0.7263398	1
1	0.9889764	1
0	0.004852098	0
0	0.037103843	1
0	0.067617066	1
1	0.62649417	0
1	0.8619962	1
1	0.9832669	1
0	0.023666808	0
1	0.9809893	1
1	0.76251596	1
1	0.99056023	1
0	0.45333564	1
0	0.024367599	1
0	0.45863017	0
1	0.35976756	1
0	0.34261614	1
0	0.005584017	1
0	0.006622579	0
1	0.8372243	1
0	0.44981495	0
1	0.97343314	1
0	0.005924141	1
1	0.72444576	0
1	0.12371866	1
1	0.9955794	0
1	0.76724494	0
0	0.003418851	1
1	0.99246454	0
0	0.28017932	0
0	0.001962716	1
1	0.6518081	1
1	0.7317173	0
1	0.9281451	0
0	0.68944556	1
1	0.88445985	0
0	0.001035517	0
1	0.9902023	1
0	0.001186233	0
1	0.9725921	0
0	0.007039029	0
0	0.34298518	1
0	0.46271804	1
1	0.9811142	0
1	0.73568934	1
0	0.4130467	1
1	0.86573225	0
1	0.8774699	0
0	0.027685083	1
1	0.9724835	0
0	0.001607758	0
0	0.73908746	1
0	0.002224911	0
0	0.46281806	0
0	0.004207728	0
1	0.9735855	1
0	0.012727351	0
0	0.3528563	1
0	0.003595268	1
1	0.9684281	1
0	0.25380078	1
0	0.012755903	0
1	0.84116054	0
1	0.6975224	1
0	0.00295191	1
1	0.99551696	1
1	0.76325214	0
1	0.008728255	0
0	0.001209834	0
0	0.2939005	0
0	0.077742845	1
1	0.9979603	1
1	0.4694684	0
1	0.5841346	0
0	0.003741359	1
1	0.65577406	0
1	0.5613181	1
0	0.78850025	0
0	0.03936639	0
0	0.3971173	0
0	0.4160316	1
0	0.001211436	0
1	0.75617766	0
1	0.71424246	0
1	0.7557346	0
1	0.942884	1
0	0.00454656	0
0	0.24428855	0
0	0.030932792	0
1	0.6525941	0
0	0.15408416	0
0	0.06581853	0
1	0.95149034	0
1	0.13287558	0
0	0.00555995	0
0	0.12155318	0
1	0.9570513	1
0	0.04764325	0
0	0.00564262	0
1	0.65022236	1
1	0.9399194	1
1	0.6353703	1
1	0.5604009	0
0	0.001554067	1
0	0.004092522	0
1	0.92804563	1
0	0.012489565	0
1	0.9962394	1
0	0.61809325	1
0	0.27443022	0
0	0.000661454	0
0	0.03308083	0
1	0.8898453	0
1	0.94134915	1
0	0.002621357	0
1	0.80728364	0
1	0.9922822	1
0	0.012631376	1
0	0.004603621	0
1	0.9965172	0
0	0.033874486	1
0	0.1212989	1
1	0.7117026	0
0	0.019634824	1
0	0.6101485	0
0	0.03169761	1
0	0.8316161	0
1	0.5674613	0
1	0.5221941	1
0	0.19172087	1
0	0.000782346	1
1	0.8357204	1
0	0.12767132	1
0	0.54280615	0
0	0.000910273	1
0	0.021711048	1
0	0.002628933	0
1	0.9237547	1
0	0.007230002	1
1	0.39914975	1
0	0.004621786	0
1	0.6092957	1
0	0.4897738	1
0	0.76240224	1
1	0.97250336	0
0	0.002788965	0
1	0.99005073	1
1	0.9814652	1
0	0.006619355	0
0	0.007436738	0
0	0.62137425	0
1	0.7494546	1
0	0.007101705	0
0	0.07578305	0
0	0.003093657	1
1	0.8980804	1
1	0.07103914	0
0	0.054864936	0
0	0.00254759	0
1	0.98497516	0
0	0.46077734	0
1	0.6965809	0
1	0.99003637	0
0	0.01525203	1
0	0.016398456	0
0	0.056265697	1
0	0.33425304	1
0	0.7643898	1
0	0.7426472	1
0	0.60041505	1
1	0.97076786	1
1	0.5981539	1
1	0.8616907	1
0	0.038132355	1
1	0.60564995	1
0	0.30247253	0
1	0.7049289	1
1	0.85247415	1
0	0.014036381	1
0	0.013463986	1
0	0.026319763	0
0	0.017903615	0
0	0.001690461	1
0	0.006070122	0
1	0.9400056	0
1	0.7666184	0
0	0.17524777	1
0	0.004927968	1
1	0.9308906	1
1	0.5076948	0
1	0.98821336	1
0	0.09565423	0
1	0.7831207	0
1	0.850155	0
0	0.003565671	1
0	0.013162551	1
0	0.006054482	0
0	0.02053263	0
1	0.69064415	1
0	0.00422502	1
1	0.90996057	0
1	0.9687894	1
1	0.98753023	1
0	0.015930137	0
1	0.75755936	0
0	0.02146655	1
0	0.005064468	0
0	0.004786937	1
1	0.9624703	0
1	0.3699119	0
1	0.9552759	1
0	0.11644006	0
0	0.1037769	1
1	0.9137088	1
0	0.014902191	0
0	0.08671921	1
1	0.7135416	1
0	0.005735644	0
1	0.95148665	1
0	0.02402429	0
0	0.060095165	1
0	0.7073181	1
0	0.050977547	0
1	0.19562773	1
1	0.8554516	0
1	0.648865	1
0	0.03721289	0
1	0.9123023	0
0	0.06436276	1
0	0.6891012	0
0	0.33509654	1
1	0.82126856	1
0	0.003108701	1
0	0.002279947	0
0	0.23152183	1
0	0.18306924	1
0	0.001469698	1
1	0.8189011	0
1	0.8470623	0
0	0.000901108	0
1	0.97960037	1
1	0.81893814	1
1	0.4450359	0
0	0.003567452	1
0	0.004735672	1
0	0.018402891	1
1	0.25893438	1
0	0.63829315	1
0	0.042839512	1
0	0.006555135	1
1	0.99646544	1
1	0.85081196	0
0	0.007808209	1
0	0.002290227	0
0	0.15801571	1
0	0.39570907	1
0	0.00748724	0
0	0.4860975	0
0	0.043873742	1
1	0.99157166	0
0	0.010560379	1
0	0.29717192	1
0	0.100571096	1
1	0.2771052	1
0	0.19726934	0
0	0.25792095	0
0	0.08785825	0
1	0.6391542	0
0	0.023898829	0
1	0.96502197	1
0	0.009926492	0
0	0.09225053	1
0	0.06705044	1
1	0.98579955	1
1	0.7925672	0
0	0.57828724	0
1	0.917142	1
1	0.8367183	0
1	0.90559405	1
0	0.002814625	0
1	0.97630036	0
1	0.71765506	0
1	0.9902018	0
0	0.005311495	0
0	0.21985357	0
1	0.78670436	1
1	0.38074088	1
0	0.15160458	1
1	0.015163435	0
0	0.0463334	1
0	0.66562855	1
0	0.41356677	0
0	0.004765741	0
1	0.9221553	0
0	0.001010742	1
0	0.10336453	1
0	0.04438388	1
0	0.070895106	0
1	0.98153555	1
0	0.28936413	1
1	0.96883696	1
0	0.087894425	0
1	0.88700354	0
0	0.001815609	0
1	0.62580717	1
1	0.6918184	1
0	0.93446	1
1	0.773188	1
1	0.96591884	0
1	0.8448961	0
1	0.9264963	1
0	0.05830085	1
0	0.005272781	1
0	0.008181361	1
0	0.003880521	0
0	0.11494228	1
0	0.22959585	1
0	0.001678243	0
1	0.8371718	1
0	0.006061342	1
0	0.002326598	0
1	0.9650323	0
1	0.2585489	0
1	0.9265391	0
0	0.21274365	0
0	0.005908197	1
0	0.19470027	0
0	0.002817801	1
1	0.8923697	0
0	0.000732388	0
1	0.11916628	0
0	0.19122922	1
0	0.54172677	1
0	0.006724473	0
0	0.000754287	0
0	0.68926907	0
0	0.007070256	1
0	0.027819516	1
0	0.002352691	0
1	0.9680246	1
1	0.71238726	0
0	0.005423853	0
1	0.891238	1
0	0.004192239	0
1	0.9608411	0
1	0.97535604	1
0	0.007011865	1
1	0.42008558	1
1	0.81250817	0
0	0.18040992	1
0	0.18101971	1
0	0.024616456	0
1	0.95758027	1
0	0.54967076	1
0	0.018647674	1
0	0.004299555	0
0	0.6097863	0
1	0.25422382	1
0	0.048387006	1
1	0.9643213	1
1	0.1718252	1
0	0.006868245	1
0	0.081859775	1
1	0.6576541	1
0	0.028626729	0
1	0.46256208	0
0	0.004828455	0
1	0.30131087	1
0	0.08554506	0
0	0.001476079	0
0	0.19318041	1
1	0.7079264	1
0	0.030441536	0
0	0.005843389	1
0	0.23821801	1
1	0.977984	0
0	0.05964193	0
0	0.07861943	0
1	0.46417594	1
0	0.11122319	1
1	0.78094745	1
1	0.416343	0
0	0.002595254	0
0	0.1737394	0
0	0.01696746	1
1	0.73086464	0
0	0.4751738	1
1	0.7872695	0
1	0.76115274	0
1	0.859204	0
1	0.60909885	1
1	0.9772832	0
0	0.001403338	0
1	0.9740582	1
1	0.9456447	0
1	0.9579491	1
0	0.007946782	0
1	0.9199764	1
0	0.4979433	0
0	0.005426354	1
1	0.73494613	0
1	0.7260086	1
0	0.19487125	0
0	0.44007635	0
1	0.92630595	1
1	0.535818	0
0	0.00408128	1
0	0.001984476	1
0	0.00510729	1
1	0.749069	0
1	0.7693376	1
1	0.99265045	1
0	0.06826512	1
0	0.043829788	1
0	0.00570972	0
0	0.018029679	0
0	0.003801185	1
1	0.85438323	1
1	0.70979303	1
0	0.00362918	1
0	0.35733187	1
0	0.23026879	0
1	0.9880741	1
1	0.99411327	1
0	0.0009166	1
1	0.8714682	0
1	0.353767	0
0	0.6923219	0
1	0.9201922	0
0	0.25357574	0
1	0.96549493	0
1	0.5215901	0
0	0.002231962	0
0	0.4217663	0
1	0.9954353	1
0	0.7459235	0
0	0.005717091	0
1	0.6965336	1
1	0.08277314	0
1	0.94339126	1
0	0.003263928	0
0	0.049347244	0
0	0.002315418	1
0	0.004846254	0
0	0.67230135	1
1	0.40203097	0
1	0.6855753	0
0	0.075093925	1
1	0.98000216	0
0	0.015939835	0
0	0.020407481	1
0	0.47412097	0
0	0.005379098	1
0	0.5814167	0
1	0.8898446	0
1	0.8587582	0
0	0.22293687	1
1	0.63738745	1
1	0.878909	1
1	0.74007636	1
0	0.21855938	1
0	0.000883594	0
0	0.026039664	0
1	0.97886044	1
0	0.003383057	0
1	0.8592845	1
1	0.9940183	1
1	0.902271	1
0	0.003926615	0
0	0.014195295	0
0	0.023501337	0
0	0.01253872	1
0	0.004698693	0
0	0.10805517	1
1	0.94951123	1
1	0.9895483	1
0	0.003240964	1
0	0.4758994	0
0	0.064660765	0
0	0.04116048	0
1	0.85109043	1
1	0.8734404	0
1	0.6589105	0
1	0.96743083	1
1	0.6183282	1
0	0.000984476	1
1	0.5207649	0
1	0.82721806	0
0	0.009738701	0
0	0.022773752	1
1	0.8641871	1
1	0.7582815	0
0	0.024617862	1
1	0.16537182	1
0	0.21901208	1
1	0.2519315	1
1	0.99524385	1
1	0.9916182	1
1	0.90355986	0
0	0.023189507	0
1	0.9737525	1
0	0.04970481	1
0	0.09255013	1
0	0.1068695	1
0	0.003150478	0
1	0.56609994	1
0	0.11042023	1
1	0.748	0
1	0.45288062	1
1	0.7506648	0
0	0.006342876	1
0	0.015769737	1
0	0.6762222	0
0	0.6826837	0
1	0.996894	0
1	0.9980002	1
0	0.12772019	0
1	0.9607055	0
0	0.002609224	1
0	0.01780278	0
0	0.002601501	0
1	0.980846	1
0	0.51510465	0
1	0.9964896	1
1	0.94562924	1
0	0.052769613	1
0	0.003003308	1
0	0.004031214	1
0	0.01311337	0
0	0.036791097	1
0	0.010614346	1
0	0.004570937	0
0	0.45500693	0
0	0.040578194	1
0	0.00201972	1
0	0.014512607	1
0	0.002610536	1
0	0.010299416	1
1	0.953353	0
0	0.2555773	0
1	0.9922585	1
0	0.026242223	1
1	0.50264364	0
0	0.09505759	0
0	0.4925254	1
1	0.93306315	1
1	0.9172989	1
1	0.9734055	0
1	0.9977581	1
1	0.96592206	1
0	0.001103084	0
1	0.99624616	1
0	0.001581755	1
1	0.26674616	1
1	0.272445	0
0	0.46289074	1
0	0.008151609	0
0	0.023577185	0
1	0.9385351	1
0	0.6253532	0
1	0.9925162	0
0	0.08244754	1
1	0.7507732	1
1	0.95552397	1
0	0.000977165	1
0	0.47967115	1
1	0.95247865	0
0	0.1832058	0
0	0.002316704	0
1	0.06907409	0
0	0.027359229	1
0	0.002383712	0
0	0.007586089	1
1	0.47790247	1
0	0.002670356	0
1	0.043854985	0
1	0.9928126	1
0	0.4308534	1
1	0.8400563	1
0	0.005137505	1
0	0.004070994	0
1	0.9169026	0
0	0.19714469	1
1	0.6792249	1
0	0.14206558	0
0	0.06806864	1
1	0.8112077	1
0	0.004308866	0
1	0.8595138	1
0	0.003511365	0
1	0.99401903	1
1	0.5860209	1
0	0.08554249	1
0	0.007811301	0
1	0.43374696	0
0	0.079755954	0
0	0.09108212	1
1	0.014070074	0
1	0.78553766	1
1	0.145375	1
0	0.001944204	1
1	0.73959124	1
0	0.024062812	1
1	0.9597459	1
1	0.7725051	1
0	0.002362565	0
1	0.5475028	1
1	0.99281234	0
1	0.28316286	0
0	0.00100282	0
0	0.65555936	0
0	0.04971995	1
1	0.9429851	0
0	0.003094312	1
0	0.012200626	1
0	0.007657656	1
0	0.005045239	1
0	0.29903364	1
1	0.81178635	0
0	0.004391136	1
1	0.99306947	0
0	0.004136415	1
0	0.08272626	0
1	0.98331857	1
0	0.003015084	0
1	0.9788169	0
1	0.8264559	1
1	0.9319721	1
0	0.004647862	0
1	0.9676618	1
1	0.7053362	0
0	0.004305635	1
1	0.98003274	0
0	0.004118984	1
1	0.775498	1
0	0.011186789	0
0	0.017073559	1
1	0.9875959	1
1	0.9829275	1
0	0.015636588	0
0	0.12539893	1
0	0.19126794	1
1	0.98445165	0
1	0.75233054	0
0	0.034957748	0
0	0.061145663	1
1	0.660349	1
1	0.43551448	0
0	0.017205857	0
1	0.94898254	1
1	0.9899906	1
0	0.000558581	0
0	0.23864846	1
0	0.025583155	1
0	0.005910301	1
1	0.9780492	0
0	0.05546608	0
1	0.59039265	1
0	0.082443014	1
0	0.006412969	1
1	0.98643655	1
1	0.9382137	0
0	0.003574045	1
0	0.8332265	0
0	0.02757527	0
1	0.559234	1
0	0.012002877	0
1	0.43310812	1
0	0.000725988	1
0	0.000684179	1
0	0.6218751	1
0	0.035412814	0
1	0.41534686	1
1	0.95866716	1
1	0.7963118	1
0	0.007671452	0
0	0.301062	0
0	0.01064924	1
0	0.03735227	1
1	0.95496	1
1	0.5035675	1
0	0.014948869	1
1	0.8809205	0
1	0.965465	0
1	0.18828976	1
0	0.011947519	0
0	0.49705592	1
1	0.802568	0
0	0.28277704	0
0	0.006732029	1
0	0.025840465	0
0	0.027525235	0
0	0.4625511	1
0	0.8128849	0
0	0.6261501	1
1	0.7105212	0
0	0.00714697	1
1	0.7060051	1
0	0.13338336	1
1	0.86794174	0
0	0.011082952	0
1	0.98690295	1
1	0.68186355	0
0	0.06925444	0
1	0.9622965	0
1	0.96395063	1
1	0.9958039	0
0	0.7377053	0
0	0.11139345	1
0	0.091975994	1
0	0.000703254	0
0	0.002957139	1
0	0.004218443	1
0	0.035138775	0
0	0.029389448	1
1	0.7562594	0
0	0.000796203	0
0	0.35248226	0
1	0.90960586	1
0	0.004438466	1
1	0.98119056	1
1	0.7018984	0
0	0.046367418	1
1	0.893048	1
1	0.9721701	0
0	0.007239971	0
0	0.12107285	1
1	0.7920258	0
0	0.41244116	1
0	0.01413532	1
0	0.003392934	1
0	0.14944033	0
1	0.60513043	0
0	0.17894362	1
0	0.165412	1
0	0.09019123	0
0	0.38734058	1
1	0.7032418	0
0	0.1845398	0
1	0.40676007	0
1	0.9394244	1
0	0.005805765	0
0	0.001956126	1
0	0.030926825	1
0	0.2895866	0
0	0.6195618	0
0	0.008715433	0
1	0.34483486	0
0	0.4374726	1
0	0.16860834	1
0	0.37017742	0
0	0.011626379	0
1	0.6121048	1
1	0.47880927	1
1	0.51707524	0
1	0.6762124	0
1	0.8201731	0
0	0.003429032	1
1	0.99018466	0
1	0.95771027	1
0	0.021984447	1
1	0.96366763	0
0	0.001263951	1
0	0.012016943	0
0	0.001964295	0
1	0.91194963	0
0	0.011921749	0
0	0.073433444	0
0	0.004357526	1
0	0.013928649	0
0	0.000770158	1
0	0.014342711	0
0	0.001764836	1
0	0.006022771	1
1	0.87373835	1
1	0.96027684	0
1	0.83301646	0
1	0.7845837	1
0	0.006075806	0
1	0.8922181	0
1	0.91075945	1
0	0.004891599	0
1	0.8719855	1
0	0.027119176	0
0	0.002469808	0
0	0.15235023	1
1	0.881051	0
1	0.95970535	0
1	0.37789178	1
0	0.17116491	1
0	0.003347575	0
0	0.006795803	1
1	0.9241015	0
1	0.93063	1
1	0.78670406	1
0	0.004821044	0
1	0.5938003	0
1	0.48165193	1
0	0.003058215	1
0	0.002276028	0
0	0.062026568	0
1	0.9193543	1
1	0.8692503	0
0	0.002144121	1
1	0.5630177	1
0	0.57504785	1
1	0.8170377	0
1	0.7598979	0
0	0.006307287	0
1	0.85587525	1
1	0.97906333	0
0	0.010299056	0
1	0.71985507	0
1	0.836862	1
0	0.58563423	1
0	0.49124295	0
0	0.005995815	1
0	0.81046116	0
0	0.37459677	1
0	0.00418452	1
0	0.001247622	1
0	0.025983086	1
0	0.19142282	1
0	0.013569461	1
1	0.10177345	0
0	0.001892138	0
0	0.002183779	0
0	0.003390444	1
0	0.20932882	0
1	0.75900966	1
0	0.054202065	0
0	0.028485207	0
1	0.98324513	1
0	0.004145208	1
1	0.87159187	0
1	0.5898144	0
0	0.5946144	1
0	0.18801609	0
0	0.031113397	0
1	0.73930985	0
0	0.5622983	0
1	0.9801926	1
0	0.003747991	0
0	0.05968975	1
1	0.8525909	0
1	0.9880778	0
0	0.2664688	0
0	0.03724147	0
1	0.9729671	1
0	0.010659584	1
0	0.022610778	0
0	0.001713931	0
0	0.001076826	1
0	0.053409923	0
0	0.002040887	1
1	0.7134819	1
0	0.01988312	0
0	0.013327173	1
0	0.11821233	1
1	0.9576724	1
0	0.004907811	1
1	0.13458863	1
0	0.001481054	1
0	0.19042036	1
0	0.46301636	0
0	0.015632302	0
0	0.2982467	1
1	0.9907323	1
0	0.01866785	1
1	0.95393926	1
0	0.010375391	0
1	0.9379204	1
1	0.63336986	1
1	0.404953	1
1	0.986798	0
0	0.052781794	0
1	0.9154681	1
0	0.002357837	0
1	0.98052096	1
0	0.81783366	0
0	0.054288078	1
1	0.9932793	0
0	0.005106573	1
1	0.72494787	0
0	0.01495134	0
0	0.015837302	1
0	0.11923027	0
0	0.016900687	0
0	0.7142517	1
0	0.002834261	0
0	0.03903061	1
0	0.027891291	1
1	0.3759404	1
0	0.6367764	1
0	0.77765507	1
0	0.57644045	0
1	0.9756623	1
1	0.70806205	0
1	0.6503491	1
0	0.2929065	1
1	0.9957521	0
0	0.024678292	1
0	0.43314052	1
1	0.8655977	0
0	0.001767208	1
1	0.34096807	0
0	0.15002003	1
1	0.2386716	1
0	0.010443194	1
0	0.002605376	1
1	0.9335024	1
1	0.4880469	1
1	0.992128	1
1	0.80958545	1
1	0.9438042	0
0	0.110852845	0
1	0.056394864	0
0	0.29676536	1
1	0.9945674	1
0	0.21723568	0
1	0.9609141	0
0	0.03468477	0
0	0.28680062	0
1	0.3644615	1
1	0.9257488	1
0	0.008330132	1
0	0.06607609	1
0	0.002305134	0
0	0.003012752	1
1	0.9826067	0
0	0.1742243	1
0	0.022858107	1
0	0.6605368	1
1	0.94842184	0
0	0.004490439	1
1	0.74070066	0
0	0.04221033	1
0	0.020218434	1
0	0.21512742	1
0	0.004819971	0
0	0.8012826	1
1	0.8985483	1
0	0.005859763	1
1	0.9124705	0
1	0.8039226	0
0	0.361044	0
0	0.039205093	1
0	0.13831784	1
0	0.72114336	0
0	0.30517593	1
0	0.08736093	1
1	0.99043113	1
1	0.9247087	0
0	0.001978868	0
1	0.29966483	1
0	0.064458475	0
1	0.92964107	1
0	0.7582553	0
1	0.9509687	0
0	0.000899506	1
1	0.8106285	0
0	0.0010553	1
0	0.2849363	0
0	0.001917924	0
0	0.003725068	1
0	0.007652537	0
1	0.38167667	0
0	0.15011762	0
0	0.19465548	0
0	0.006892683	0
1	0.9923821	1
1	0.61794287	1
1	0.98360056	1
0	0.005952409	0
0	0.002010129	1
0	0.00280915	1
1	0.81641126	1
1	0.95847994	0
1	0.994819	1
0	0.001690428	1
0	0.035867576	0
0	0.8062031	1
1	0.6310982	1
1	0.96193874	1
1	0.7540789	0
0	0.008296097	0
1	0.67569137	1
0	0.007451493	1
1	0.37187362	1
1	0.9052185	1
0	0.08254267	0
1	0.76741606	0
0	0.145413	0
0	0.000629944	1
0	0.008332905	1
0	0.1738633	1
0	0.43407604	1
0	0.5655532	1
0	0.001891595	0
0	0.002178126	1
1	0.7632868	1
1	0.08928417	0
0	0.006731974	1
0	0.010576784	0
1	0.511244	1
0	0.7376651	0
0	0.021773035	1
1	0.78369904	0
1	0.05874649	0
0	0.09003416	0
0	0.24634527	0
0	0.003425185	0
0	0.23989478	1
1	0.7102966	1
1	0.7024373	1
1	0.81342036	1
0	0.005202591	0
0	0.006904976	0
0	0.002392381	1
1	0.7690467	0
0	0.18900432	1
0	0.39171046	0
1	0.7507246	0
0	0.3164198	0
0	0.116024464	1
0	0.00609864	0
1	0.91691923	1
0	0.003281991	0
1	0.9568085	0
0	0.000672999	0
1	0.9725016	1
0	0.035973992	1
0	0.009889716	1
0	0.011964571	0
0	0.13917188	0
0	0.5363317	1
0	0.019191582	0
1	0.64193887	0
1	0.98263943	1
0	0.14923552	0
1	0.37447238	0
1	0.6784218	1
0	0.002430055	1
1	0.99609107	1
0	0.003988423	0
0	0.002355233	1
0	0.4379263	0
0	0.4945656	1
1	0.9102128	0
0	0.012471217	1
1	0.9886208	0
0	0.00663375	0
0	0.00276783	1
0	0.61124	1
0	0.013237737	1
1	0.8152395	0
1	0.6511614	1
1	0.9709307	0
0	0.12534054	0
0	0.21141131	0
1	0.6301137	1
0	0.01919033	0
1	0.9896764	0
1	0.59890044	0
0	0.007462095	0
0	0.011559615	0
1	0.7882938	0
0	0.76255655	0
0	0.016736438	1
1	0.6909143	0
0	0.009171303	0
1	0.7073505	1
0	0.004549145	1
1	0.98548025	1
0	0.016517367	0
1	0.33306876	0
1	0.9814657	0
1	0.5536664	0
1	0.5886827	0
0	0.001748783	1
0	0.10520998	1
0	0.00217033	1
0	0.027671924	0
0	0.68620694	1
1	0.78922117	1
0	0.02229835	1
0	0.010687968	0
1	0.6842815	0
0	0.007012138	0
1	0.81929666	1
1	0.97762114	1
0	0.018625345	1
0	0.003344544	0
1	0.6295843	1
0	0.006494783	0
1	0.20774013	0
1	0.9404603	1
1	0.8889788	1
0	0.000526284	0
0	0.062736586	1
1	0.9940124	1
0	0.09216594	1
0	0.002221858	0
0	0.009735645	0
0	0.02308331	0
0	0.006610359	0
1	0.8489564	1
0	0.10527266	0
0	0.018171495	0
1	0.90352744	1
1	0.84791344	0
1	0.84935224	0
0	0.001669598	1
1	0.976626	1
1	0.8723959	1
1	0.95669	1
0	0.009500913	0
1	0.96679693	1
0	0.26567727	0
0	0.51001716	1
1	0.9682416	1
0	0.020758782	1
1	0.97623074	0
0	0.022457702	1
0	0.09726635	0
1	0.98140717	1
1	0.67780113	1
1	0.95518404	1
0	0.101454355	1
0	0.02777755	1
1	0.8132918	1
0	0.004190633	0
1	0.9134425	1
0	0.4937711	0
0	0.050032992	0
0	0.59064865	1
1	0.6493554	1
0	0.06712584	0
1	0.5771942	1
1	0.8323956	0
1	0.99720013	1
0	0.009015307	0
1	0.6072404	0
1	0.9834224	0
0	0.016845917	0
0	0.043362495	1
0	0.012213413	0
0	0.012827438	0
0	0.22791429	1
0	0.64998657	1
0	0.00226739	1
0	0.18871929	0
0	0.000575754	0
0	0.020897135	0
0	0.709011	0
0	0.010780077	1
0	0.09775297	1
0	0.76857585	0
0	0.34816885	0
0	0.35366523	1
0	0.43630812	0
0	0.011816406	0
0	0.005732209	1
1	0.28993076	1
0	0.18217212	1
0	0.18650736	0
1	0.9059994	1
0	0.001809759	1
0	0.021174911	0
1	0.9691131	0
0	0.17604858	1
1	0.92801625	0
0	0.001151869	0
1	0.92454934	1
1	0.7042334	1
1	0.533241	1
0	0.15522969	1
1	0.9707196	1
0	0.025899563	1
1	0.764689	1
0	0.000932948	1
0	0.09359824	1
1	0.78705907	1
1	0.98250026	0
1	0.70555186	1
1	0.98065406	0
0	0.2694419	0
1	0.7996518	1
0	0.001302675	1
0	0.49369797	0
0	0.7900854	1
1	0.9509649	1
0	0.002073937	1
0	0.013124871	0
0	0.092879675	1
1	0.9896835	1
1	0.89463687	0
1	0.3530554	1
0	0.51839644	1
1	0.9647262	1
1	0.6991618	0
1	0.8119836	1
1	0.5478758	0
0	0.005820729	0
0	0.001188843	0
1	0.52974695	0
1	0.99163264	1
0	0.052111357	0
0	0.000945276	0
0	0.004175287	1
1	0.92296296	0
0	0.45017424	0
1	0.9033142	1
1	0.39023954	1
0	0.036864895	0
0	0.7720192	0
0	0.004939691	1
1	0.78613037	1
0	0.001997716	1
0	0.004210827	0
1	0.75265414	1
0	0.001107196	0
0	0.13161828	1
0	0.07217411	1
0	0.08938702	1
0	0.002021126	0
0	0.63864154	0
1	0.8457261	1
1	0.9678509	0
0	0.002114382	0
0	0.005647435	0
1	0.51642495	1
1	0.7052116	1
1	0.9931138	0
0	0.002813773	0
0	0.009000561	0
0	0.108745724	0
1	0.9049018	1
1	0.9567094	1
0	0.001169786	1
1	0.9977822	1
0	0.001616449	1
1	0.8571982	1
0	0.7829473	1
1	0.75078773	1
0	0.18011287	0
0	0.6685299	1
0	0.67427284	0
0	0.14268154	0
1	0.8166522	1
1	0.12421131	0
0	0.13002563	1
0	0.15789063	0
0	0.015396395	0
0	0.028587023	1
1	0.7990168	0
1	0.383827	0
1	0.7712624	0
0	0.002746845	1
1	0.7829876	1
1	0.9836775	1
1	0.9877593	1
1	0.5520457	0
0	0.6420169	1
0	0.001481958	0
1	0.6037161	1
0	0.020510437	1
1	0.8811861	0
0	0.7282402	1
0	0.007244572	0
1	0.8767584	0
1	0.98435706	1
0	0.5790288	0
0	0.006743335	0
1	0.9691826	0
0	0.51887685	0
0	0.13512428	1
1	0.2662456	0
0	0.27684134	1
0	0.00172388	0
0	0.012349144	1
0	0.013964256	1
0	0.01832703	1
0	0.001700665	0
1	0.928771	0
0	0.20007426	1
0	0.0955174	0
1	0.95098	1
1	0.9447789	1
1	0.9333456	1
0	0.11906212	0
1	0.7392682	0
0	0.46192226	1
0	0.001447184	0
1	0.848918	0
0	0.023077834	1
0	0.014785429	1
1	0.96893424	0
0	0.059958387	1
0	0.14469647	0
1	0.97604203	0
1	0.9411265	0
0	0.038251482	0
0	0.17847228	1
0	0.24794075	1
0	0.7970457	0
1	0.5996544	0
1	0.9833347	1
0	0.014154815	0
0	0.017187474	1
0	0.01087636	0
0	0.40937924	1
0	0.76614374	0
1	0.48066765	1
0	0.029454166	0
0	0.02038541	1
0	0.002536876	1
1	0.46952286	0
1	0.94853467	0
0	0.13876987	0
0	0.15458916	1
0	0.053845443	0
0	0.28400597	0
0	0.010027918	0
0	0.007564842	1
0	0.8565112	1
0	0.015987499	0
1	0.38358393	1
0	0.002787244	1
1	0.9633895	0
1	0.99685705	0
0	0.8733577	0
0	0.014521441	1
0	0.005698526	0
0	0.006465334	0
1	0.9086446	0
1	0.99586004	0
0	0.005135361	1
1	0.003953567	0
1	0.72453445	0
0	0.010875027	1
0	0.051175144	1
0	0.000831372	0
1	0.97813684	0
1	0.8785082	0
1	0.9245527	1
1	0.86811614	0
1	0.98521763	1
1	0.9685688	1
0	0.84051967	0
0	0.694786	0
1	0.7167986	0
1	0.86518234	1
0	0.04024885	1
0	0.002306302	0
1	0.7616598	0
1	0.9193289	1
1	0.38853288	1
1	0.750402	0
1	0.9030724	0
1	0.9430584	0
0	0.005024136	1
0	0.22675292	1
1	0.6238998	1
0	0.011290235	1
1	0.82804024	1
0	0.05415287	0
0	0.4921321	1
1	0.73356736	1
0	0.029359087	1
0	0.007956713	0
0	0.033974767	0
1	0.9168223	1
1	0.9566935	0
0	0.2946623	1
0	0.098133035	0
1	0.9848453	1
0	0.5042602	1
0	0.005852954	1
1	0.71800846	1
0	0.70400035	0
0	0.00758723	0
1	0.9352232	1
0	0.057621032	1
1	0.9798836	0
0	0.30189347	0
0	0.65455145	1
0	0.12233938	1
0	0.002649949	0
0	0.012381708	1
0	0.002085346	1
0	0.054229014	0
0	0.044344872	0
0	0.002094513	0
1	0.2115093	0
1	0.6680181	1
0	0.009043925	1
0	0.029262865	0
1	0.003401212	0
1	0.71510684	0
0	0.33011985	0
0	0.36276418	0
1	0.96972555	1
1	0.98911065	0
1	0.8495083	1
1	0.9000702	0
0	0.39818093	0
1	0.67077804	0
1	0.99239093	0
1	0.46532282	0
0	0.23964038	1
1	0.85687244	0
0	0.19874644	0
0	0.38035363	1
0	0.012380945	1
0	0.005434853	1
0	0.2175024	0
0	0.036699183	1
0	0.004911818	1
1	0.7237772	0
0	0.011953764	0
0	0.011730756	1
0	0.001377804	0
1	0.95404756	0
1	0.9828416	1
1	0.9195203	1
0	0.006787607	0
1	0.99787617	1
0	0.17834668	1
1	0.9854263	0
0	0.015149941	0
0	0.38001138	1
0	0.001607695	1
1	0.07757877	0
1	0.9439651	0
0	0.002936245	0
0	0.33702555	0
0	0.19147402	0
0	0.18898061	0
1	0.9412183	1
1	0.9884312	0
0	0.18216336	1
0	0.01775155	0
1	0.71921146	1
0	0.004404711	1
1	0.98412734	1
0	0.012288824	1
0	0.009444754	1
0	0.15130742	0
0	0.006110114	0
0	0.027157784	0
0	0.009367773	0
0	0.015228478	1
0	0.34178147	1
0	0.003613396	0
0	0.004032022	0
0	0.3111451	1
1	0.9761791	0
1	0.90798116	1
0	0.08984238	0
0	0.001788997	1
1	0.9535824	0
0	0.022337513	1
0	0.00573419	0
0	0.6402892	0
0	0.000970984	0
0	0.001757302	1
0	0.000935995	0
1	0.3718634	0
1	0.4514408	0
0	0.33567554	1
0	0.2733786	0
1	0.6471909	1
1	0.6254057	0
1	0.89189476	0
0	0.000614904	0
1	0.99248546	0
0	0.025100706	1
1	0.8935855	0
1	0.18909766	0
0	0.011756401	0
0	0.05321707	0
0	0.1200095	1
1	0.9964759	0
0	0.07973811	0
1	0.87582433	0
0	0.003235413	0
1	0.23433359	0
0	0.024066664	0
0	0.040738836	1
0	0.017971376	0
1	0.973671	0
1	0.88147694	0
0	0.006509041	0
0	0.09664254	0
0	0.004082562	0
1	0.99066764	1
0	0.09478545	1
0	0.58916503	0
0	0.4238109	0
1	0.9379697	0
1	0.33234456	0
0	0.18704455	1
0	0.7454011	1
0	0.19760539	1
0	0.000812251	0
0	0.06342563	1
1	0.78052616	0
0	0.5649074	0
1	0.8670109	1
0	0.6076893	1
0	0.002521562	1
1	0.39504	1
1	0.99862504	1
0	0.16138345	0
0	0.039295737	1
0	0.10164967	0
0	0.2969721	1
0	0.2207018	1
0	0.58313745	1
0	0.001080415	0
1	0.23557481	0
0	0.001015167	0
0	0.002519672	1
1	0.067446284	0
0	0.015258112	1
0	0.002603316	0
1	0.14492157	1
0	0.20675454	1
1	0.23610179	0
0	0.27728438	1
0	0.011103065	1
1	0.9858019	1
1	0.78247416	0
1	0.97255266	0
1	0.96997494	0
1	0.91111	1
1	0.10776282	0
1	0.43939096	0
1	0.95591855	0
0	0.012886681	1
0	0.008046749	0
1	0.8310993	1
1	0.9976604	0
0	0.2933919	0
0	0.001244935	1
1	0.90165544	1
0	0.003498862	1
1	0.85220975	1
1	0.8473453	1
1	0.41888288	0
0	0.19926298	1
0	0.005515768	1
0	0.18833572	1
0	0.7590922	1
0	0.47741613	1
1	0.6787734	0
0	0.006854475	1
0	0.06942194	1
0	0.00181295	0
0	0.007031035	1
1	0.97631526	1
0	0.006226221	1
0	0.017909802	0
0	0.000611235	0
1	0.92275107	0
0	0.010086901	1
0	0.010054557	1
1	0.9828582	0
0	0.016920432	0
1	0.9856572	1
0	0.000902178	0
1	0.9899046	1
1	0.90431875	0
0	0.001693028	0
0	0.00290461	1
0	0.003309486	0
0	0.39253882	1
1	0.6650068	1
1	0.77386856	0
0	0.007585009	0
0	0.009273882	0
1	0.1885505	0
0	0.6511194	0
0	0.009462431	0
0	0.006922128	1
0	0.0333572	1
1	0.9092746	0
1	0.9516329	0
1	0.6470571	0
0	0.011797056	1
0	0.02883265	0
1	0.8369287	0
0	0.06064922	0
1	0.78295916	1
1	0.013200046	0
0	0.008924702	1
0	0.005913911	1
0	0.011753066	1
0	0.5124306	0
0	0.001288095	0
0	0.002286956	1
1	0.99365693	0
0	0.28546816	1
0	0.17623994	0
0	0.010190636	0
1	0.35310963	0
1	0.9109703	0
1	0.8373676	0
0	0.009784685	1
1	0.72141916	0
0	0.48772532	1
0	0.019199394	0
1	0.8009824	1
1	0.9851892	0
1	0.98394704	1
0	0.001869184	0
0	0.002912153	1
1	0.7589408	1
0	0.28151542	0
0	0.001128293	1
0	0.06607708	1
0	0.07584187	0
1	0.9783577	0
0	0.002706224	0
0	0.015105345	0
0	0.34152004	0
0	0.003721258	0
0	0.13307542	1
0	0.77338624	1
1	0.9131057	0
0	0.17252287	0
0	0.75100297	0
1	0.9498293	1
1	0.8994708	0
1	0.7169481	0
0	0.017378978	1
0	0.057911865	0
1	0.117932044	1
0	0.004112089	1
0	0.014828577	0
1	0.9556558	1
1	0.61844766	0
0	0.02560859	1
1	0.99144226	1
1	0.8126426	1
1	0.9438185	1
0	0.001812573	1
1	0.9727045	1
1	0.97822237	0
1	0.66045	1
0	0.01783293	0
1	0.92435515	1
1	0.79279053	0
1	0.512035	0
0	0.24151483	1
1	0.6507236	0
0	0.005217212	1
0	0.008149169	0
0	0.32998303	1
1	0.76744425	0
0	0.21537529	1
1	0.35954782	1
0	0.010399227	0
0	0.005991091	0
0	0.54523426	1
0	0.053852487	0
1	0.62142056	1
0	0.024553832	0
1	0.046269212	0
1	0.9945741	0
1	0.68979955	0
0	0.17010781	1
1	0.8682796	0
1	0.65226173	0
0	0.029506413	0
0	0.27913025	0
0	0.000866617	0
0	0.06777489	0
0	0.008662307	1
1	0.9017087	1
1	0.98741084	1
0	0.005509781	0
0	0.004787552	0
1	0.9857524	0
0	0.52905464	0
1	0.633483	1
0	0.01777895	0
0	0.005327463	1
1	0.43165517	1
1	0.74879867	0
0	0.008752538	1
1	0.9885704	0
0	0.004909865	0
1	0.9017254	1
0	0.004993954	0
0	0.012897572	0
0	0.01381282	1
0	0.11341013	1
0	0.01568321	0
1	0.8753158	1
1	0.95297164	1
0	0.008220199	1
1	0.73535293	0
1	0.587491	0
1	0.9729154	0
1	0.68946785	1
0	0.005835082	1
1	0.87044525	0
1	0.991364	0
0	0.009190454	1
1	0.5645935	0
1	0.98993486	0
0	0.36437827	1
1	0.85426223	0
1	0.42572945	1
1	0.19863002	1
0	0.02082364	0
0	0.001034724	0
1	0.89824295	1
0	0.7623622	0
0	0.23727164	1
1	0.9845121	0
1	0.81527585	1
0	0.030560493	0
0	0.032961234	1
0	0.002988956	0
1	0.5544409	0
0	0.15911175	0
0	0.0230658	0
1	0.684152	0
0	0.11578745	1
1	0.7689896	1
1	0.9876517	1
1	0.6776714	1
0	0.7315087	0
1	0.94954437	0
0	0.7227226	1
1	0.942672	0
0	0.06882412	0
0	0.7662743	0
0	0.36330217	1
1	0.93956673	0
0	0.7402645	0
0	0.0181492	0
1	0.9786347	1
0	0.017702568	0
0	0.81266576	0
0	0.9012595	0
0	0.01045368	1
0	0.005601092	0
0	0.012751136	0
0	0.05452355	0
1	0.92317736	1
0	0.031079803	1
1	0.86259687	0
1	0.9492214	1
0	0.0071034	0
1	0.94582874	0
0	0.026748823	1
0	0.03530042	1
1	0.55898094	1
0	0.015151156	0
0	0.011328132	1
0	0.004686783	1
0	0.33239228	0
0	0.015906205	0
0	0.1827539	0
0	0.004893521	1
0	0.25071347	0
0	0.5262239	1
1	0.90887487	1
0	0.001034576	0
1	0.969452	0
0	0.22403933	0
0	0.80165976	0
0	0.646604	0
1	0.9793075	0
0	0.19749506	0
1	0.6267108	0
1	0.9746975	1
0	0.05055264	0
1	0.94911784	0
0	0.01226123	0
1	0.79562587	1
0	0.32091334	1
0	0.030779528	1
0	0.0386763	0
1	0.52899975	1
0	0.22000715	0
0	0.003227778	1
1	0.9980286	0
0	0.09977374	1
0	0.91088057	0
0	0.09305521	0
0	0.012360316	1
1	0.78150517	1
0	0.5685597	1
0	0.003322851	1
0	0.115172036	1
0	0.05234604	1
1	0.4122718	1
0	0.9208512	0
1	0.8265067	1
0	0.002928068	0
1	0.9137794	0
0	0.2342041	0
1	0.9749681	0
0	0.009966608	1
0	0.00370106	0
0	0.21603759	1
0	0.003161517	0
0	0.12772685	0
0	0.007332466	0
1	0.9655329	1
1	0.87547326	0
1	0.7589035	1
1	0.9949024	0
1	0.7843681	0
0	0.024634704	1
0	0.5857474	0
1	0.92557424	0
0	0.006074464	1
0	0.006317573	0
1	0.6969502	1
0	0.012024951	0
0	0.015104778	1
1	0.6878891	0
0	0.5793693	0
1	0.95285493	1
1	0.9807709	0
0	0.060549617	1
0	0.003801447	0
0	0.003454663	1
1	0.8830902	1
1	0.9326465	0
0	0.00527466	0
0	0.11842715	0
0	0.031201862	0
0	0.007442435	0
0	0.00692809	0
1	0.98759264	0
0	0.6418729	0
0	0.07961171	1
0	0.03161789	0
1	0.9632917	0
0	0.13235754	1
0	0.091107205	0
1	0.91333467	1
1	0.6174779	1
0	0.003139762	1
1	0.49873993	1
1	0.9469169	0
1	0.88082755	1
1	0.933032	0
1	0.91815865	1
1	0.9624781	1
0	0.08798933	1
1	0.9864399	0
0	0.8646219	0
0	0.5400935	1
0	0.23590903	1
1	0.87385786	0
1	0.81037945	1
1	0.78736997	0
1	0.72090846	0
0	0.006995903	0
0	0.02536699	0
0	0.0936929	0
0	0.11341457	1
1	0.7412759	0
0	0.005634006	0
1	0.9940216	0
0	0.0007312	0
0	0.028843045	0
1	0.5346021	1
0	0.02733325	0
0	0.03369999	1
1	0.9545615	0
0	0.42713758	1
0	0.00246121	1
0	0.13162659	0
1	0.9289238	0
1	0.7907502	1
1	0.9966839	1
0	0.002574656	1
0	0.03223743	0
0	0.001327731	1
0	0.008477845	1
1	0.91934955	1
0	0.7946868	1
0	0.003211649	0
0	0.008217046	0
1	0.8603603	0
1	0.8876511	0
0	0.000704625	0
0	0.8614071	0
0	0.003793641	0
0	0.021801028	1
1	0.94276035	1
1	0.73156905	0
1	0.79281265	0
1	0.38476747	1
0	0.004517309	0
0	0.43675995	0
0	0.264703	1
0	0.092757076	1
0	0.06527014	0
1	0.98786604	1
1	0.9764004	1
0	0.007330471	0
0	0.002018739	1
1	0.49927458	0
0	0.027911194	0
0	0.000529859	1
1	0.37179658	0
1	0.80362296	1
0	0.08145825	0
0	0.003403318	1
0	0.001391026	1
1	0.7211319	0
1	0.47758397	0
1	0.9763425	0
0	0.001477501	1
0	0.004080994	1
0	0.02641881	1
0	0.52150524	1
1	0.9961629	0
0	0.059414495	0
0	0.008124055	1
1	0.9686801	1
0	0.009590452	1
1	0.5277883	0
1	0.7165157	1
0	0.008025428	0
0	0.04428424	1
1	0.97783524	1
1	0.6921491	1
1	0.030941404	1
0	0.11125743	0
0	0.045562983	1
0	0.001537362	1
0	0.6710112	0
1	0.7594153	0
1	0.9604687	0
0	0.005130357	1
0	0.020716242	1
0	0.017405283	1
0	0.011795917	1
1	0.8091703	0
0	0.059471186	0
0	0.0079746	1
1	0.97040415	1
0	0.6951961	0
0	0.049606938	1
0	0.03815535	0
0	0.09900629	1
1	0.99495894	1
0	0.007049345	0
1	0.99838626	0
1	0.7935083	0
1	0.6953622	1
1	0.956092	1
1	0.5886691	0
0	0.755531	1
0	0.10840367	1
1	0.92002606	1
1	0.91947514	0
1	0.75720054	0
0	0.606542	0
0	0.4556743	1
0	0.22650652	1
1	0.97624505	0
0	0.00140937	0
0	0.85903734	1
1	0.9280232	1
1	0.998919	1
1	0.94035983	1
1	0.14182386	0
0	0.08442191	1
1	0.8915403	0
0	0.009911493	1
0	0.1911489	1
0	0.031667985	0
0	0.48389286	1
1	0.96810687	0
1	0.9521424	0
1	0.9804577	0
1	0.6247644	0
1	0.77143157	0
0	0.06389428	0
1	0.6368655	0
0	0.006095768	1
1	0.7098315	0
1	0.82403445	0
0	0.00344257	0
0	0.045915775	0
1	0.5718645	0
0	0.09753216	1
0	0.027979372	1
0	0.02374729	1
0	0.19053154	1
1	0.71493495	0
1	0.8624901	0
0	0.010741307	0
0	0.002802896	1
0	0.2850905	1
0	0.012882877	0
1	0.9178819	1
1	0.5941681	0
1	0.9471042	0
1	0.8403435	1
1	0.99524	0
1	0.6862607	1
0	0.004538721	0
1	0.70589894	1
0	0.66809726	1
0	0.000913902	1
1	0.62712115	1
1	0.9929612	0
0	0.039799567	0
0	0.03810875	0
0	0.41678166	1
0	0.009735755	0
0	0.6849061	0
1	0.28478837	0
0	0.07424063	0
1	0.94194	0
0	0.6323762	0
0	0.03296839	1
0	0.010026673	0
0	0.90152663	1
0	0.000963011	0
1	0.96262765	0
0	0.6873385	0
0	0.009607623	1
1	0.95844287	0
0	0.5817471	0
0	0.002380212	0
0	0.002309623	0
0	0.09582587	1
0	0.001123085	1
1	0.93482673	1
0	0.002521422	0
1	0.86022264	1
0	0.5657085	0
0	0.000528076	0
0	0.26511872	0
0	0.077647366	1
0	0.1735344	1
1	0.4009512	0
0	0.060611513	0
0	0.009574653	1
0	0.008201622	1
1	0.28501615	1
0	0.001211177	0
1	0.571334	0
0	0.014382018	0
0	0.018330934	0
0	0.09966947	0
1	0.95196956	1
1	0.9810708	0
0	0.002313469	0
0	0.012493129	1
0	0.08297825	1
0	0.48174232	1
0	0.011127868	1
1	0.8251926	0
1	0.4632573	1
1	0.72741807	1
0	0.14420407	0
0	0.052246217	1
0	0.000618791	0
1	0.9688766	0
1	0.98710257	0
1	0.53473955	0
0	0.2876822	0
1	0.7235289	1
1	0.961169	0
0	0.04442455	0
1	0.9678878	1
1	0.93683827	0
0	0.5253604	1
0	0.010547981	0
0	0.7602167	1
0	0.000586332	0
0	0.13584298	1
1	0.21559885	0
0	0.03377577	1
0	0.63147116	1
0	0.003700922	0
0	0.20180435	1
1	0.873016	1
0	0.00442891	1
0	0.28118062	1
0	0.30057058	0
1	0.9731993	1
0	0.008032067	0
1	0.99565566	0
0	0.088646226	0
1	0.5378997	1
1	0.99096864	1
1	0.9981034	1
1	0.7143405	0
0	0.00197097	0
1	0.8130601	0
0	0.012717115	1
0	0.767968	1
0	0.001561574	1
1	0.98583317	0
0	0.83170325	1
0	0.005894359	0
0	0.016108595	0
0	0.00286991	1
1	0.97840244	0
0	0.002070321	1
0	0.55437267	0
0	0.004373385	1
0	0.00481556	0
0	0.012814928	0
1	0.84912854	0
0	0.014353751	0
0	0.003816183	1
0	0.75728554	0
1	0.972554	1
1	0.88499403	0
0	0.020563897	1
0	0.112017155	1
0	0.007870341	1
0	0.07634786	0
0	0.53498554	1
0	0.2628571	0
0	0.014829558	0
0	0.05103355	0
1	0.25882885	1
0	0.4496291	1
1	0.8619843	0
0	0.30127054	1
1	0.4823774	1
0	0.5553392	1
0	0.113870814	1
1	0.9914	0
1	0.581379	0
0	0.79190487	1
1	0.9522305	1
1	0.810341	1
1	0.9338333	0
0	0.008582304	1
0	0.007269678	1
0	0.008597646	1
1	0.9410789	1
0	0.12944525	0
1	0.98661786	1
0	0.17014007	1
0	0.44660002	0
1	0.7075779	1
1	0.8915713	1
1	0.89307946	1
1	0.8422015	0
1	0.97369516	0
0	0.003073338	1
0	0.003434691	1
1	0.75738525	1
0	0.004987371	1
1	0.5585066	0
1	0.6901224	0
1	0.70486367	1
1	0.8864396	0
0	0.25010416	0
0	0.016383687	1
0	0.004932443	0
1	0.9651286	0
0	0.05803228	0
1	0.9872758	0
0	0.16186859	1
0	0.5140442	1
1	0.86257046	0
1	0.9583072	1
1	0.9164452	0
0	0.61608225	1
1	0.30934834	0
0	0.002009591	0
0	0.002617212	1
1	0.99553066	1
0	0.015472339	0
0	0.011875336	1
0	0.004208742	0
0	0.011182754	1
1	0.3108499	1
0	0.027369473	1
0	0.005546629	0
1	0.7406843	1
1	0.9537553	1
0	0.38778383	0
1	0.92862266	1
1	0.99389994	0
1	0.5516506	0
1	0.54550815	0
1	0.9910863	0
0	0.006311074	0
0	0.007877978	0
0	0.23962161	1
1	0.97352344	1
1	0.9763484	0
0	0.01801508	0
0	0.18957937	1
1	0.82770914	1
1	0.98071575	1
0	0.04246393	1
1	0.9457463	1
1	0.18724832	0
1	0.97715545	1
1	0.8900305	0
0	0.105472155	1
1	0.9942297	0
0	0.052417483	1
1	0.99495053	0
0	0.16251549	1
1	0.87646794	0
1	0.8835896	1
1	0.83169806	1
0	0.001735264	1
0	0.9238094	1
1	0.901401	1
1	0.91920924	1
1	0.96883416	0
1	0.9949549	0
0	0.47505173	1
0	0.000726408	1
1	0.9037507	1
0	0.002464226	0
0	0.10800692	0
0	0.004923655	1
0	0.5744221	1
0	0.029664457	0
0	0.018969309	1
0	0.067778	1
0	0.009548417	0
1	0.9825984	1
0	0.7407669	0
0	0.010875386	1
0	0.29732442	1
1	0.62329143	1
0	0.004991569	1
0	0.09247251	0
0	0.001184236	1
1	0.9741542	0
0	0.095510826	1
0	0.007898147	0
0	0.054664467	1
0	0.01198872	0
1	0.9927528	1
0	0.000659752	1
0	0.014867168	1
1	0.5998848	0
0	0.000872875	0
1	0.7047057	0
0	0.2376952	1
0	0.5250553	1
0	0.03702903	1
0	0.18502948	1
0	0.39565733	1
0	0.00963996	1
0	0.011961594	1
0	0.013860069	0
0	0.008738001	1
1	0.24409264	0
1	0.63096243	0
0	0.46413094	0
0	0.002942431	1
1	0.977099	0
1	0.98653686	0
0	0.5473594	0
0	0.15603	0
1	0.99610823	1
0	0.00231594	1
0	0.14828593	0
1	0.8057035	1
0	0.2863266	0
1	0.539131	0
1	0.9632876	0
0	0.030472694	0
0	0.001885123	0
0	0.010806693	1
0	0.008560536	0
0	0.048872706	0
0	0.001355621	0
0	0.07563558	1
0	0.54414	1
1	0.94380516	1
1	0.8014048	1
0	0.019255918	0
1	0.88510376	1
1	0.4944299	0
0	0.013605988	1
0	0.001396845	1
0	0.33564234	0
1	0.9325001	1
0	0.7351837	1
1	0.9945692	1
0	0.001889337	1
0	0.000678939	0
0	0.119656175	1
1	0.98863643	1
1	0.8270168	0
0	0.097146906	1
1	0.4833832	0
0	0.06594141	1
1	0.84613913	1
0	0.007071442	1
0	0.002638463	1
0	0.006400403	1
0	0.000611397	0
1	0.87011164	1
0	0.101111	0
0	0.040593475	0
0	0.7257071	1
1	0.8711508	0
1	0.7854188	1
0	0.030058345	0
1	0.76222	0
1	0.27415782	0
0	0.003563877	1
0	0.031463075	0
1	0.5357529	0
0	0.004095796	0
1	0.8177028	1
0	0.08969556	1
1	0.9396979	1
0	0.002972153	1
0	0.024379754	1
0	0.065570615	1
1	0.6545063	0
0	0.00266288	0
1	0.99160075	0
1	0.67224395	0
1	0.99023926	1
0	0.000919083	1
0	0.007397715	1
0	0.002094317	1
0	0.34606028	0
0	0.2747091	0
1	0.9819797	1
0	0.014639726	1
0	0.025083894	1
0	0.15458934	0
0	0.485216	0
0	0.028004527	1
0	0.019824907	1
1	0.7005501	1
0	0.010486375	1
0	0.00052063	1
1	0.7786819	1
0	0.003637267	0
1	0.8548182	0
1	0.97868025	0
1	0.85096925	1
1	0.31033206	1
1	0.6017558	1
0	0.006771851	0
0	0.14473961	0
0	0.00580568	0
0	0.015543268	1
0	0.46631926	0
1	0.5068517	1
1	0.8731829	0
0	0.003620351	1
0	0.07559264	1
1	0.9838488	1
0	0.16233444	1
0	0.46816748	0
0	0.009074547	1
1	0.017206818	0
1	0.8942506	1
1	0.6212751	0
0	0.011403778	1
0	0.6236163	0
0	0.12763299	0
1	0.92615783	1
1	0.920881	1
0	0.7030698	1
0	0.006339045	1
1	0.73865104	1
0	0.00201241	1
0	0.6887244	0
0	0.14821573	1
0	0.01644557	1
0	0.26414365	0
0	0.9184096	0
0	0.7682598	1
1	0.9731339	1
1	0.39106318	0
0	0.001547745	1
0	0.26859134	0
0	0.1244738	0
0	0.011141928	1
0	0.2556892	1
0	0.002246606	0
0	0.00187936	0
0	0.00213101	1
0	0.02410162	1
0	0.007516541	1
1	0.8829169	1
1	0.54059595	0
1	0.91384715	1
0	0.0168718	1
0	0.000924112	0
0	0.7419493	0
1	0.6262937	0
0	0.049037147	0
0	0.63767016	1
0	0.8260343	1
0	0.8882009	0
0	0.029774085	1
1	0.6799891	0
1	0.5067355	1
0	0.014278021	1
1	0.30930454	1
0	0.017446898	1
0	0.19923776	1
1	0.92525643	1
1	0.5653709	0
0	0.108212516	0
1	0.83738995	1
1	0.8290714	0
0	0.001913904	1
1	0.40649432	1
1	0.5270917	1
0	0.029776352	0
0	0.000700489	0
0	0.01019066	1
0	0.002356954	0
1	0.9534162	1
0	0.7320699	0
0	0.005828864	0
1	0.15463856	0
1	0.994419	1
0	0.072141565	1
1	0.08074412	0
1	0.53597015	1
0	0.6608666	0
0	0.006756423	1
0	0.13401163	0
0	0.014609751	0
0	0.005753696	0
1	0.5118932	0
0	0.003457146	1
0	0.004517326	0
1	0.4475917	0
1	0.95198864	1
1	0.9886545	0
0	0.021420693	1
1	0.967246	1
1	0.9928323	1
0	0.1849474	1
0	0.002421526	0
0	0.002503427	1
0	0.002937516	1
0	0.002668663	0
0	0.044277914	0
0	0.006203461	1
1	0.96747386	1
0	0.004404962	0
0	0.08345129	0
0	0.033870846	0
0	0.05194127	0
1	0.65052074	1
1	0.9817338	0
1	0.8850126	1
1	0.6411293	1
1	0.20959818	1
0	0.009411166	0
1	0.984553	1
0	0.5523133	0
0	0.005041117	0
0	0.074084304	0
1	0.8504446	1
1	0.066131555	0
0	0.001573378	0
0	0.01593585	0
0	0.002237524	1
1	0.7696089	0
0	0.2791877	0
0	0.011510217	0
0	0.029176725	0
0	0.07065917	1
0	0.7673127	1
1	0.9395013	1
1	0.89128447	0
1	0.96173626	1
0	0.1308646	0
0	0.007932115	1
0	0.000638261	0
1	0.8618915	0
0	0.24615501	1
1	0.78280413	1
1	0.82205606	1
1	0.98711455	1
0	0.003947431	0
1	0.7092761	0
1	0.98005015	1
1	0.93943554	0
0	0.00806803	1
0	0.6821997	1
1	0.97320807	1
1	0.4444515	1
0	0.003149036	0
1	0.11701665	1
0	0.09808068	1
0	0.013370827	0
1	0.7971646	0
0	0.004459135	0
0	0.003377135	0
1	0.74905115	1
0	0.00395646	1
0	0.003698879	1
0	0.006210326	1
1	0.98580813	1
0	0.29646608	0
0	0.02063939	1
1	0.92834353	1
1	0.44169602	0
0	0.024741482	1
1	0.8277437	1
1	0.09055412	1
0	0.003317989	0
1	0.5216909	1
0	0.4084117	1
0	0.008775557	1
0	0.004298527	0
0	0.110654995	0
1	0.87720704	0
1	0.97307545	0
0	0.024056038	0
0	0.004668401	0
0	0.060609117	1
0	0.005341713	0
0	0.023076775	0
0	0.012581531	1
1	0.7076311	1
0	0.16985136	1
0	0.13342683	1
1	0.7627348	1
0	0.001058045	0
1	0.97551984	1
0	0.004525711	0
0	0.00153289	1
1	0.96001387	0
0	0.004520966	0
0	0.1435318	0
0	0.041477814	0
0	0.03755797	1
0	0.005949205	1
0	0.06918646	1
1	0.83832914	1
0	0.03335174	1
1	0.97956043	0
0	0.16118383	0
1	0.90931964	0
0	0.09984715	0
0	0.34103516	1
0	0.26774806	0
0	0.002770051	0
1	0.9444731	1
0	0.7531639	0
1	0.986639	0
0	0.013916585	1
1	0.80846703	1
1	0.7090247	1
1	0.99221355	1
1	0.99692035	1
0	0.010730651	1
1	0.8342421	1
0	0.011794076	1
0	0.11405559	0
0	0.02983027	1
0	0.003707001	1
0	0.24483216	1
0	0.002596748	0
0	0.6416943	0
1	0.98438764	1
1	0.9936265	0
0	0.019231254	1
0	0.29254946	1
1	0.95909363	0
1	0.8525485	0
1	0.7424739	0
1	0.8959309	0
1	0.9598799	1
1	0.17300534	0
1	0.0429071	0
0	0.26150268	1
1	0.7268217	1
1	0.53873116	0
0	0.15722387	1
1	0.8177378	1
0	0.003302953	1
1	0.89374703	0
0	0.003697361	0
1	0.9113347	0
0	0.038483154	1
1	0.44122118	1
1	0.8076824	1
0	0.099052235	0
0	0.02454163	0
1	0.89648783	1
1	0.98892224	1
1	0.5877497	1
0	0.5090137	1
1	0.40032926	1
1	0.9857307	0
0	0.000637651	1
1	0.9685337	0
1	0.99529064	0
1	0.9743652	1
0	0.6163779	0
0	0.0035785	1
0	0.00697908	0
1	0.95126134	1
0	0.00382603	0
1	0.97642535	1
0	0.003810077	0
0	0.5890783	1
1	0.99286425	1
1	0.1153486	1
1	0.94042945	1
1	0.59982365	1
0	0.005828364	0
1	0.6924231	1
0	0.16681264	0
1	0.98244184	0
1	0.7895462	0
0	0.07340436	0
0	0.000749006	1
0	0.003086881	1
0	0.005329887	0
1	0.74288553	1
1	0.95863366	1
0	0.002976095	1
1	0.9712089	0
1	0.15102163	1
0	0.453829	0
0	0.5735093	1
0	0.5884435	1
0	0.023058625	0
0	0.003058278	0
1	0.3602653	1
0	0.08324366	1
0	0.14549978	0
1	0.58286464	0
0	0.004986697	0
1	0.8501025	0
1	0.9024262	0
0	0.06875457	1
1	0.91306555	0
1	0.905871	1
0	0.17161414	1
0	0.09744338	1
1	0.8669483	0
0	0.009501084	0
1	0.9377085	1
0	0.12352194	0
1	0.9813354	0
0	0.28435868	0
0	0.003251187	1
1	0.9778025	0
1	0.53523946	1
1	0.9273186	1
0	0.003255535	0
0	0.009088923	1
1	0.8914393	1
0	0.002656314	1
0	0.108457096	0
0	0.12562664	0
0	0.052042272	0
1	0.6316733	1
1	0.87552774	1
1	0.6918417	0
1	0.97588396	1
0	0.04642663	1
1	0.9359407	1
1	0.84717757	0
0	0.30680004	0
0	0.038526844	0
0	0.0833682	1
1	0.96469814	1
0	0.01102664	1
0	0.009130757	0
0	0.002096046	1
0	0.2945708	1
0	0.002028132	1
0	0.14844894	1
1	0.20595495	0
0	0.002726282	0
0	0.3467518	0
1	0.97205	1
1	0.7400252	0
0	0.001148449	1
0	0.004901978	0
0	0.45786202	1
1	0.9825362	0
1	0.7529228	1
1	0.66488534	1
1	0.41620183	0
0	0.09836943	1
0	0.34556136	1
1	0.99278486	1
1	0.994089	0
0	0.008257754	0
0	0.15543559	0
0	0.0553241	0
0	0.0826702	1
0	0.004292541	0
1	0.93886733	1
0	0.27293965	1
0	0.08044547	0
0	0.15364783	1
0	0.051081	0
0	0.50205475	1
1	0.55879813	0
1	0.74841505	1
0	0.060585793	0
1	0.79274654	0
1	0.96676564	1
1	0.13115607	1
1	0.5885758	1
1	0.7467598	0
1	0.96327055	1
1	0.997919	1
0	0.5942656	1
0	0.47306958	0
1	0.88221765	0
0	0.34645987	0
0	0.07317248	1
0	0.46896753	1
1	0.80324197	1
1	0.9765139	1
0	0.012381726	0
1	0.93397856	1
1	0.9819004	0
0	0.14436412	1
1	0.9542749	1
1	0.79255086	0
1	0.8942546	0
0	0.019068623	1
0	0.002339952	0
0	0.003764523	1
1	0.887282	0
0	0.26740155	1
0	0.01265816	0
1	0.9858575	1
0	0.027944988	0
0	0.0997093	1
0	0.13330899	1
0	0.002788093	0
1	0.3502561	1
0	0.002604628	0
1	0.9315756	1
0	0.016688578	0
0	0.69366336	1
1	0.92922276	1
0	0.006408307	1
1	0.9757178	1
1	0.21632394	0
1	0.98630965	0
0	0.03868873	0
0	0.001786026	1
1	0.9104256	1
0	0.00726446	1
0	0.44144082	1
0	0.48802313	1
0	0.07840995	0
0	0.015411067	1
1	0.85698515	1
0	0.012076447	1
1	0.22726688	0
1	0.969624	1
0	0.04997025	1
1	0.9810601	1
0	0.018603498	1
1	0.87694514	1
1	0.89327586	0
1	0.888784	1
0	0.039953213	0
0	0.026281318	0
0	0.008293818	0
0	0.006976889	0
1	0.09654675	0
1	0.99773896	1
0	0.42891526	1
0	0.14147745	0
0	0.001678302	1
1	0.832056	1
0	0.38238057	1
1	0.8381548	1
0	0.0038506	1
1	0.96928644	1
1	0.3088033	1
0	0.000925335	1
0	0.019514462	1
0	0.003761143	1
0	0.00128827	0
1	0.8257653	0
0	0.026022393	1
1	0.96307313	0
1	0.9227079	1
0	0.08564422	1
0	0.35761195	0
1	0.6085004	0
0	0.006564498	1
1	0.9820774	0
0	0.00801638	1
0	0.007563015	1
0	0.1948654	1
0	0.031723253	0
0	0.01559698	1
0	0.001466528	1
0	0.02683301	1
0	0.001254128	0
1	0.45167825	1
0	0.00734308	1
1	0.8935715	0
0	0.023775678	1
0	0.003747106	1
0	0.003987177	1
0	0.14090596	0
0	0.042516448	0
1	0.95079666	0
0	0.012701199	0
0	0.005579973	0
0	0.005691236	1
0	0.8320785	1
1	0.9608675	0
0	0.06481588	1
0	0.029444825	1
1	0.7846736	0
0	0.002676033	1
0	0.00717504	1
0	0.48335156	1
0	0.038239684	1
1	0.99083555	0
1	0.6515496	0
0	0.060500108	1
1	0.9063993	1
1	0.7441362	1
0	0.003099032	1
0	0.004710871	1
0	0.5508908	0
1	0.96440226	0
0	0.060186006	1
1	0.9635291	0
1	0.5487018	0
0	0.2954002	1
1	0.6949252	0
0	0.097939335	1
1	0.9460665	0
1	0.81138545	0
0	0.0054542	0
0	0.12363984	0
1	0.7238265	1
1	0.77431357	1
0	0.056102592	0
0	0.06680769	0
1	0.78921646	1
0	0.012775163	0
1	0.7824609	0
0	0.002061319	0
1	0.83751744	0
0	0.003367272	0
1	0.8228483	0
0	0.001908668	0
0	0.005043686	0
0	0.008156437	1
1	0.28485024	0
1	0.90789574	1
0	0.001716631	1
0	0.5497095	1
1	0.52585626	1
1	0.9707831	1
1	0.6225571	0
1	0.63179934	1
0	0.39261335	0
0	0.08227526	1
1	0.86841226	1
1	0.77657884	0
0	0.002301215	0
1	0.99307114	1
1	0.6880719	0
0	0.002499129	0
0	0.012301782	0
0	0.008600321	0
0	0.50212336	1
1	0.37897503	1
1	0.9909491	1
1	0.72053224	1
0	0.020834465	0
0	0.012248969	1
1	0.30213526	1
1	0.8486131	1
1	0.5965094	1
0	0.030976154	1
0	0.028034039	0
0	0.36968115	1
1	0.95871407	1
0	0.00239968	0
0	0.007162111	1
1	0.96813613	0
0	0.032093707	0
1	0.6602896	1
0	0.4973215	0
1	0.19140974	1
0	0.013205648	1
1	0.28231457	1
0	0.013310297	1
0	0.6258156	1
1	0.11195936	0
0	0.002498695	0
0	0.003543994	0
0	0.5344448	1
0	0.004230127	0
0	0.015590042	0
1	0.7934838	0
0	0.0809476	0
0	0.21453626	0
1	0.86472166	0
0	0.37225285	1
0	0.000825242	1
1	0.86744064	1
0	0.26780784	0
1	0.99157834	1
0	0.005008357	1
1	0.7716765	1
1	0.9625624	1
1	0.31999147	0
1	0.9822091	1
0	0.006984501	1
0	0.009165694	0
0	0.017079193	0
0	0.007781088	1
0	0.37715042	1
0	0.00330514	0
0	0.11580489	0
0	0.004267511	1
0	0.001883649	1
1	0.93796223	1
1	0.98397356	1
0	0.43193927	0
1	0.79883784	1
0	0.1572602	1
0	0.78294086	0
1	0.84950525	0
1	0.83541256	0
1	0.9825843	0
0	0.001776129	1
0	0.004696045	0
0	0.114575796	0
1	0.95083654	0
1	0.9370549	1
0	0.009820769	0
0	0.004565217	0
1	0.67481446	0
0	0.049180023	0
0	0.003119344	0
1	0.676466	1
0	0.02563429	0
1	0.9808775	1
1	0.909435	0
1	0.9397581	0
0	0.001146044	0
1	0.99591476	1
1	0.99840647	1
1	0.85970885	0
1	0.9869867	0
0	0.50526404	1
0	0.26985976	1
0	0.15168317	1
0	0.48364624	0
0	0.004871341	0
1	0.98780316	1
0	0.34062648	0
0	0.04900698	1
0	0.007293665	1
0	0.02681429	0
0	0.008219588	1
0	0.007344255	1
1	0.8816536	1
0	0.007596597	0
1	0.25501665	0
0	0.11908967	0
0	0.001273672	1
0	0.002851487	1
0	0.022744557	0
1	0.96918416	1
0	0.003300643	1
1	0.9553367	1
0	0.068962224	1
0	0.1789334	1
1	0.7076403	1
1	0.97844064	1
1	0.7389065	0
0	0.000714741	1
1	0.98408496	1
0	0.45739532	1
1	0.98199344	1
0	0.01059155	1
0	0.5815911	0
1	0.80083996	0
0	0.022848513	0
0	0.19135597	0
0	0.022777447	0
1	0.99026114	0
0	0.004515838	1
0	0.04683674	0
0	0.658776	1
0	0.37206107	1
1	0.9379415	1
1	0.98802185	0
0	0.45166627	0
0	0.003741684	0
1	0.74545246	1
0	0.39482126	0
1	0.9562923	1
0	0.24475639	1
0	0.9403148	0
0	0.006541691	1
0	0.5981741	1
0	0.001142558	1
1	0.34949476	1
1	0.9668481	0
0	0.58260787	0
1	0.88097364	1
1	0.96794355	1
0	0.000691346	0
1	0.52330935	0
1	0.42177665	0
1	0.98878	1
0	0.028167617	1
0	0.0355499	0
1	0.5044724	0
0	0.00129484	0
0	0.047744792	1
0	0.06869192	1
1	0.772536	1
1	0.9916786	0
0	0.014212474	0
0	0.014605331	0
0	0.008781487	1
0	0.003963898	1
0	0.010910002	0
0	0.35337356	1
0	0.25921673	1
0	0.002996206	0
1	0.9398751	0
0	0.003239654	1
1	0.9159829	1
0	0.07719154	1
0	0.003050244	0
0	0.002782888	0
1	0.9489107	0
0	0.005577515	0
0	0.10845191	0
0	0.003386629	1
1	0.6859221	1
0	0.024280023	1
0	0.001308975	0
0	0.008923437	0
1	0.9425713	0
0	0.6178757	1
0	0.41807175	1
0	0.016602376	1
0	0.012419228	1
0	0.070821285	1
1	0.8047092	1
0	0.01571254	1
0	0.98379713	0
1	0.5659944	0
0	0.031600304	1
0	0.004511555	0
0	0.000569385	0
1	0.9847534	0
1	0.99504954	1
0	0.001053603	0
1	0.7143216	0
0	0.004983906	0
1	0.9857276	0
0	0.00099575	0
1	0.6733697	0
0	0.002571417	1
0	0.002328853	1
0	0.016121272	1
1	0.94437635	0
0	0.033843093	0
1	0.9410589	1
0	0.006881597	0
1	0.30036205	1
0	0.04389099	1
0	0.07818366	0
1	0.9826582	1
1	0.31110552	0
0	0.0026664	1
1	0.99061906	1
0	0.006597224	1
0	0.009029035	0
0	0.010785951	1
0	0.009868704	0
1	0.39976233	1
0	0.00262562	0
0	0.14091948	0
0	0.08098534	1
1	0.6736101	0
1	0.9605746	1
0	0.11300323	1
1	0.9971041	1
0	0.4188554	1
1	0.9857261	1
0	0.98272115	0
1	0.82585996	0
0	0.005538759	0
1	0.61553997	1
1	0.72406477	1
1	0.00394938	0
1	0.7752143	0
0	0.003045389	0
0	0.7722118	0
0	0.007199659	1
0	0.001267855	0
0	0.005657974	1
0	0.009292297	0
0	0.16419706	0
0	0.6771347	1
1	0.80046076	1
0	0.010142832	1
1	0.7584736	1
0	0.007551389	1
1	0.9878341	0
0	0.031556744	0
0	0.007195715	0
1	0.351905	0
0	0.18919799	1
0	0.00978821	1
1	0.4316801	1
0	0.087409325	1
0	0.07635405	1
1	0.8885021	1
1	0.66486895	0
1	0.9154817	1
1	0.94706017	1
0	0.00495693	0
1	0.36023834	0
0	0.048970956	0
0	0.001112064	0
1	0.91013247	0
0	0.000735219	0
0	0.43920237	0
1	0.95891064	0
0	0.00091445	1
1	0.677737	1
1	0.70119935	1
1	0.7531477	1
0	0.039310645	1
1	0.6045328	0
0	0.000616851	0
1	0.9953388	0
1	0.5411011	1
0	0.102226876	0
0	0.81259364	0
1	0.95628583	1
0	0.060996957	0
0	0.15781812	1
0	0.66957784	1
0	0.001123424	0
1	0.88133043	1
1	0.24346146	0
1	0.9354304	1
1	0.99220496	0
0	0.001433024	0
0	0.002765529	1
0	0.9854004	0
0	0.25707045	1
0	0.006178393	1
0	0.11228329	0
1	0.36146122	1
0	0.002832593	1
0	0.492088	0
1	0.7790429	1
0	0.65882176	1
1	0.99774253	1
1	0.57096595	0
1	0.7486874	1
1	0.32033148	0
1	0.9047622	1
0	0.040982652	1
0	0.04254947	1
1	0.98288536	1
0	0.17105736	1
0	0.07548675	1
1	0.81529915	0
0	0.9431278	0
0	0.003999446	0
0	0.003659344	0
0	0.010209849	0
0	0.001107222	0
0	0.036482595	1
0	0.00364638	1
0	0.17299984	1
1	0.99431664	0
0	0.03209516	0
0	0.035595573	1
1	0.9818811	0
1	0.501301	1
0	0.053550642	1
0	0.75874513	1
0	0.013155102	1
0	0.027782565	1
1	0.6433435	1
0	0.028702559	0
1	0.93528867	1
1	0.9866942	0
0	0.001505595	1
0	0.017111523	1
1	0.9884184	0
0	0.009211824	1
1	0.7081755	0
1	0.9047355	1
1	0.6541742	1
0	0.017037466	1
0	0.041556515	1
0	0.003398986	1
1	0.99583554	1
1	0.9489297	0
0	0.35070363	0
0	0.026249336	1
0	0.52954257	0
0	0.047517724	1
1	0.9718921	1
0	0.012711309	0
0	0.10097985	1
0	0.008451778	1
0	0.003673368	1
1	0.30270657	0
0	0.004083867	0
0	0.037303418	1
1	0.9856021	1
0	0.12067978	1
1	0.7422933	1
1	0.7904701	0
0	0.21656166	1
0	0.0343134	0
0	0.006923098	0
1	0.7914782	0
1	0.9649482	1
0	0.08147253	1
0	0.002897355	1
0	0.04634967	0
1	0.7551035	0
1	0.6302296	0
1	0.74355924	1
0	0.3515743	0
0	0.000461601	1
1	0.95677763	1
0	0.004926387	1
0	0.030381545	0
0	0.005641419	1
1	0.7051602	0
1	0.40470636	1
0	0.048553597	0
0	0.027548812	0
0	0.004796384	1
0	0.001128536	1
0	0.003135735	0
0	0.011017197	0
1	0.9715217	1
1	0.81650877	1
0	0.026148897	0
1	0.9853512	0
0	0.010015311	0
0	0.029059293	1
1	0.9133825	1
1	0.98546904	0
1	0.9928861	0
1	0.51374364	0
0	0.007036307	1
0	0.49426767	1
0	0.009891253	1
1	0.9420033	0
0	0.21926652	1
1	0.5804299	0
1	0.4577859	0
1	0.65068835	0
1	0.40794313	1
0	0.001057904	1
0	0.37397468	1
0	0.016704155	1
0	0.57037926	1
0	0.7573006	0
0	0.002943589	0
0	0.64383554	1
0	0.00364499	1
0	0.005464932	1
0	0.002381824	0
1	0.8411788	0
0	0.6841863	1
0	0.021499854	0
0	0.018444456	1
0	0.002117109	1
0	0.11435244	0
0	0.17848805	1
1	0.94150656	0
0	0.007071408	0
0	0.002386931	0
1	0.8641726	0
1	0.6111286	0
0	0.023904461	0
0	0.13827883	1
0	0.06351497	1
0	0.003136634	1
1	0.9591995	0
0	0.006010936	0
0	0.006420819	1
1	0.98786014	0
1	0.91627896	1
1	0.8318568	1
1	0.976989	1
1	0.7211577	0
0	0.3240022	1
1	0.94294715	0
1	0.5496734	0
1	0.8509362	1
1	0.42910492	1
1	0.75488687	0
0	0.006240408	0
0	0.011405337	0
1	0.942891	1
1	0.94075847	1
1	0.9287624	0
1	0.9250387	1
1	0.83908045	0
0	0.4071136	1
0	0.002059773	0
0	0.6569171	0
0	0.004006714	0
0	0.0278823	1
1	0.2763024	0
1	0.9326403	1
0	0.15043364	1
0	0.003058816	0
0	0.14259037	0
0	0.0660496	1
1	0.99047875	0
0	0.006162234	1
1	0.98928016	1
0	0.090261586	0
0	0.014362591	1
0	0.011262164	1
0	0.3935867	0
0	0.19006704	0
0	0.3807932	1
1	0.9683893	1
0	0.006773272	1
1	0.7192205	0
0	0.001440526	0
1	0.9209473	0
0	0.014489525	1
1	0.99589515	0
1	0.99449855	1
1	0.61500573	0
1	0.7274702	1
1	0.73101705	0
0	0.6367571	1
0	0.011364559	1
1	0.71046853	0
0	0.3623065	0
1	0.028044228	0
0	0.55625623	1
0	0.070945345	0
0	0.2824394	1
1	0.9495958	1
1	0.9925971	1
1	0.9452311	0
0	0.06186454	0
1	0.8081849	1
0	0.01394294	1
0	0.031359535	1
1	0.96343505	1
0	0.008804291	1
0	0.02052857	1
1	0.5302967	1
1	0.92739475	1
0	0.003084862	1
1	0.6766909	1
1	0.9973572	0
1	0.96240735	0
1	0.8114184	0
1	0.8200709	0
0	0.004394184	1
0	0.023564758	0
0	0.011234757	0
1	0.47042957	0
0	0.006133617	0
1	0.9955623	1
0	0.8249052	0
1	0.6523779	0
0	0.05683428	1
1	0.96192294	0
0	0.015509908	0
0	0.03604339	0
0	0.0320204	0
0	0.009413186	1
0	0.022379205	0
1	0.9988825	0
1	0.9943988	0
1	0.87345785	0
0	0.17875369	1
1	0.9231981	1
0	0.04010425	0
0	0.009198921	0
1	0.9403299	0
1	0.83247024	0
0	0.042622738	1
1	0.9801216	0
0	0.006741422	0
1	0.98273635	1
1	0.8728132	0
0	0.58898234	1
0	0.06260214	0
1	0.8683829	1
0	0.002004002	1
0	0.001377629	0
1	0.80768305	1
1	0.80573434	1
0	0.09270065	1
0	0.18278635	0
1	0.98960227	0
0	0.003670292	1
0	0.008339874	0
1	0.34141842	1
0	0.012839115	1
1	0.56906515	0
0	0.76089275	1
1	0.9362194	1
0	0.004783528	0
1	0.8227535	0
1	0.58454233	1
1	0.98347974	0
0	0.41415435	0
0	0.002322884	0
1	0.007449864	1
0	0.00194548	1
1	0.9596751	1
1	0.9213384	1
0	0.36231977	1
1	0.983422	0
0	0.17037301	0
0	0.002824225	1
0	0.006122273	1
1	0.8145683	0
1	0.4780385	0
0	0.026493438	1
0	0.017955983	0
1	0.9699584	0
1	0.64909273	0
1	0.9224164	0
1	0.5971547	1
0	0.002658344	0
1	0.33705887	1
0	0.26966634	1
1	0.65185857	0
0	0.010157809	1
0	0.00178022	1
1	0.99433017	1
1	0.7505224	0
1	0.93979067	0
0	0.21563977	1
1	0.98737645	1
1	0.99350786	0
0	0.9556101	0
1	0.98129785	0
1	0.94013107	1
0	0.005528491	0
0	0.7994311	1
0	0.003992629	0
1	0.80229217	0
1	0.65078086	0
0	0.001799626	1
0	0.01930382	1
0	0.07231566	0
0	0.39307532	0
0	0.000772532	0
0	0.03213436	0
0	0.006272541	0
1	0.005633154	0
1	0.97970337	1
0	0.08209186	1
0	0.00191109	1
0	0.003278439	1
0	0.36603776	1
0	0.16977747	1
0	0.034183417	0
0	0.008103934	0
0	0.3994086	1
0	0.005137827	0
0	0.13969402	0
1	0.53804845	1
1	0.96027434	1
0	0.12800315	0
1	0.91199803	1
1	0.7646675	1
0	0.039033398	0
0	0.053094156	1
1	0.71030223	1
1	0.6158927	0
1	0.97082615	0
0	0.08600663	1
0	0.09553424	0
0	0.9007647	0
1	0.9844244	0
1	0.9952378	1
1	0.26510626	1
0	0.69940805	1
0	0.72512406	0
0	0.25443047	1
1	0.8042319	0
1	0.87932396	1
1	0.7980839	0
0	0.6171128	0
1	0.8642928	1
0	0.018030899	0
0	0.082840785	1
1	0.9797943	0
1	0.27123827	0
0	0.015341098	0
0	0.044356797	0
0	0.009403649	1
0	0.001020802	1
0	0.41035396	1
0	0.000867888	0
1	0.2800551	1
1	0.6914457	0
1	0.503004	1
0	0.21156777	1
0	0.41707027	0
0	0.008062613	1
1	0.80127406	0
0	0.002449552	1
0	0.002082836	1
1	0.96711314	1
0	0.003212312	0
0	0.2014116	0
0	0.41295278	1
1	0.96540135	0
0	0.34235227	1
1	0.85034436	1
0	0.004501661	0
1	0.8949714	1
0	0.010933531	0
1	0.15264672	0
0	0.59145486	0
0	0.010112296	0
0	0.06034914	0
0	0.33472624	0
1	0.6415928	0
1	0.96283096	1
0	0.006133364	0
0	0.7147593	0
1	0.6289602	0
0	0.005761099	0
1	0.9932045	0
1	0.19467261	0
0	0.006175281	1
0	0.018472701	1
1	0.6404983	0
0	0.000661621	1
0	0.070986055	0
1	0.8127953	1
0	0.002830404	0
1	0.54828	0
1	0.9851596	1
1	0.9076717	0
1	0.5664627	1
0	0.14875153	0
1	0.23767231	1
0	0.7543956	0
1	0.69066936	1
0	0.000723738	0
0	0.03460236	0
0	0.019378	0
0	0.17750125	1
0	0.022591902	1
1	0.9899568	1
0	0.004313656	1
0	0.022425253	0
1	0.88278294	0
0	0.006948433	1
1	0.35687143	1
0	0.66268617	1
1	0.45456028	1
1	0.9680847	0
0	0.017538834	0
0	0.005960851	1
0	0.003468557	0
0	0.74390805	1
0	0.003479613	0
0	0.02830014	0
1	0.97619504	0
0	0.08000565	1
0	0.16998203	0
1	0.6455303	1
0	0.116082706	1
1	0.79703385	1
0	0.6826893	0
1	0.8627193	1
0	0.07556622	1
0	0.007154963	0
0	0.115962364	1
0	0.003541447	1
0	0.014471303	1
0	0.00622867	1
1	0.4904421	1
1	0.6909323	0
1	0.32652825	1
0	0.21015295	1
0	0.45001054	0
1	0.82568836	0
0	0.022293605	0
0	0.16306336	0
0	0.15089	0
1	0.8853093	0
0	0.002247068	1
0	0.28415528	1
1	0.80465	0
0	0.00520213	1
0	0.010244463	0
1	0.73808026	0
1	0.6269475	1
0	0.02417523	0
1	0.97892225	0
1	0.989272	1
0	0.022340445	1
0	0.000641652	1
1	0.88655734	0
1	0.7941151	1
0	0.226129	1
0	0.51860183	0
0	0.80200636	0
0	0.25056338	1
1	0.97104734	1
1	0.819382	0
0	0.2658741	0
0	0.002104267	1
0	0.012181819	0
1	0.78341746	1
0	0.04790982	1
0	0.06068594	0
1	0.8779408	1
0	0.9198309	0
0	0.030632602	1
0	0.00165163	1
0	0.4214011	0
1	0.9792124	0
0	0.517333	1
1	0.83434135	0
1	0.9974408	1
0	0.025753936	0
0	0.001815575	1
0	0.5745055	0
0	0.015627349	1
0	0.17077506	1
1	0.5151727	1
1	0.969787	0
0	0.003602418	0
1	0.89970034	1
1	0.9776072	1
1	0.4673691	0
1	0.92686373	1
1	0.5864722	0
0	0.002065631	0
0	0.8175291	0
0	0.54927415	0
1	0.97419214	1
0	0.014747516	0
0	0.019080078	1
0	0.56570596	0
1	0.698075	0
0	0.015802024	1
1	0.5246824	0
0	0.005381775	1
0	0.010898955	0
1	0.99274796	1
0	0.002482361	0
0	0.022887051	0
0	0.46098602	1
1	0.5564524	1
1	0.46359116	0
1	0.9602285	0
1	0.85715985	0
0	0.5979759	1
0	0.20232154	1
0	0.04579789	1
0	0.011427057	0
1	0.8275977	0
0	0.012838444	0
0	0.025866523	0
1	0.96915877	1
1	0.6436802	0
0	0.40187123	1
1	0.9472702	1
0	0.014194608	0
0	0.004715703	1
0	0.005908262	1
0	0.001771601	1
1	0.015248299	0
0	0.6487429	0
0	0.005522363	0
0	0.33724353	0
1	0.96802884	0
0	0.002236043	0
1	0.32218403	0
1	0.8295862	0
0	0.01807947	0
0	0.075921215	0
0	0.051188484	1
0	0.05393468	0
0	0.039602723	0
1	0.95160747	0
1	0.7267732	1
1	0.9554407	1
0	0.06639037	0
0	0.024513377	0
0	0.000678755	0
1	0.9666767	0
1	0.9376527	1
0	0.028059524	1
0	0.000694644	1
0	0.0803753	0
0	0.01009143	1
1	0.81771225	0
1	0.8968744	1
0	0.030824268	1
1	0.8937887	1
1	0.96883744	1
0	0.004716507	1
1	0.9520792	1
0	0.006808341	0
0	0.03050328	1
1	0.9002702	0
0	0.004077197	0
0	0.027935611	0
1	0.9149764	1
1	0.68577653	1
1	0.9919017	0
1	0.9527202	0
1	0.30063617	1
0	0.59049237	0
0	0.001964941	1
1	0.7803819	1
1	0.8569472	0
0	0.003333114	1
0	0.23265669	0
1	0.13800946	0
0	0.36126336	1
1	0.8067223	1
1	0.40831837	0
1	0.9943983	1
1	0.6694493	1
1	0.8296185	1
1	0.9947885	1
0	0.003007377	0
1	0.6847499	0
0	0.008739091	1
1	0.3671389	1
1	0.9723169	1
0	0.009700118	1
0	0.002617019	1
0	0.002765955	1
1	0.99030495	1
1	0.914713	1
1	0.777717	0
0	0.004998014	0
0	0.001106917	1
1	0.99416625	0
0	0.012245745	1
1	0.95661646	1
1	0.45000905	0
0	0.0424976	1
0	0.002612048	0
1	0.33994338	0
0	0.25901666	1
0	0.017087497	0
1	0.76659095	0
1	0.82346004	0
1	0.16166626	1
0	0.012196931	1
0	0.018176727	0
1	0.9409862	1
0	0.26329583	1
0	0.016703444	0
0	0.012021331	0
1	0.006159481	0
0	0.014451955	1
0	0.00461499	1
0	0.36018872	1
0	0.006669187	1
1	0.9433375	0
1	0.9929034	0
1	0.9846817	0
1	0.4584717	0
1	0.98219174	1
0	0.65121126	0
0	0.00200872	1
0	0.011465722	1
0	0.05040671	1
1	0.97952133	0
0	0.003924301	0
1	0.07165683	0
1	0.9895929	0
0	0.004765108	0
0	0.19728127	1
0	0.002624982	1
0	0.037517194	1
1	0.85406315	1
1	0.31602758	1
0	0.17954087	1
0	0.004340436	1
1	0.9841988	0
0	0.004389837	0
0	0.015100616	1
0	0.20132957	1
0	0.27060467	1
0	0.005303399	0
1	0.71634394	0
1	0.9778702	0
0	0.008645196	0
0	0.004178105	0
0	0.18812935	0
1	0.8159997	1
0	0.00266024	0
1	0.28386003	0
0	0.016659556	0
1	0.83351636	0
0	0.018089246	1
1	0.97475874	1
1	0.99093074	0
0	0.22642447	1
0	0.001646199	1
0	0.4187709	0
0	0.005121136	1
0	0.050274935	0
0	0.003498611	0
0	0.02319685	0
1	0.964638	1
1	0.247689	0
0	0.02643085	0
1	0.71579576	0
1	0.9946525	1
0	0.018050952	0
0	0.062024843	0
0	0.5115948	0
0	0.45403582	1
0	0.019436762	0
1	0.9881097	0
0	0.2675399	1
1	0.9392607	1
0	0.003125166	0
0	0.50182486	1
0	0.013267007	1
1	0.907477	0
0	0.04592641	1
1	0.96466273	0
0	0.002171369	1
0	0.02562436	0
0	0.22617671	0
0	0.018639103	1
0	0.35856825	1
0	0.16668244	0
0	0.017875306	0
1	0.8472585	1
0	0.03483193	0
0	0.12313453	0
0	0.22818127	0
1	0.5871148	1
0	0.00884264	0
0	0.1564219	0
0	0.020254266	1
0	0.019381838	0
0	0.001652413	0
0	0.0957491	1
0	0.005359271	1
1	0.6416214	1
0	0.002398602	1
0	0.002530218	1
1	0.98425865	0
1	0.9448614	0
0	0.004527497	1
1	0.88252103	1
0	0.000730009	1
1	0.99439657	1
1	0.52136564	1
1	0.988725	0
1	0.8513181	0
0	0.002137776	1
1	0.995097	1
0	0.016267972	0
1	0.99280953	0
0	0.0281857	0
1	0.39872146	1
0	0.003283073	0
0	0.02121853	1
0	0.025175689	0
0	0.018945633	0
1	0.80861604	1
0	0.56667846	0
0	0.001687505	1
0	0.7600123	0
0	0.39268628	1
1	0.9846784	1
1	0.9943251	0
1	0.87425	0
1	0.68059915	1
0	0.094975606	1
1	0.9423991	1
0	0.033739656	0
1	0.8689972	1
0	0.3000829	1
0	0.026619311	1
1	0.98739773	1
1	0.8148303	1
0	0.003357692	1
1	0.52811587	1
1	0.9915319	0
1	0.84106565	0
0	0.5944452	0
0	0.000639105	0
1	0.8356254	1
0	0.04351316	0
0	0.025290193	0
0	0.011013426	0
0	0.78431123	0
1	0.899164	0
0	0.001704663	1
1	0.44332415	1
0	0.14658158	1
0	0.38828138	1
1	0.87446296	0
0	0.12041315	1
1	0.005155662	0
1	0.8958277	1
0	0.116131045	1
0	0.07021239	1
0	0.3522907	1
0	0.50477415	0
1	0.7458953	0
1	0.48457626	0
0	0.003333697	1
1	0.98874146	1
1	0.88281465	0
1	0.79512185	1
1	0.39840233	0
1	0.6902394	0
0	0.050360132	0
0	0.001679421	0
0	0.6057543	0
0	0.041795854	0
0	0.31101686	1
0	0.24327764	1
0	0.018548787	0
1	0.94084847	0
0	0.000861823	1
0	0.002861114	1
1	0.9930426	0
0	0.000916291	1
1	0.7768956	0
1	0.41253316	1
1	0.99028766	0
0	0.001201114	0
0	0.041838855	0
0	0.018339267	1
0	0.45164454	0
0	0.08057072	1
1	0.6340585	0
0	0.75837266	1
1	0.5755974	0
1	0.98203063	0
1	0.99034077	1
1	0.8983137	1
0	0.11172326	1
0	0.050933525	0
1	0.86223763	0
0	0.13536783	0
0	0.001516413	0
0	0.2001999	1
0	0.06659914	0
0	0.007494596	1
1	0.9055292	1
0	0.002222659	1
0	0.06775892	1
1	0.9783598	0
0	0.045065146	1
0	0.004736488	0
0	0.4801503	1
0	0.36207503	0
1	0.91213524	1
1	0.08979873	0
1	0.7976721	0
1	0.995905	1
0	0.040795173	0
0	0.006797242	1
1	0.6527852	1
0	0.005415795	0
0	0.5959009	0
0	0.060638923	0
1	0.71664435	0
0	0.13113663	1
1	0.8583865	0
1	0.974245	0
1	0.95821905	0
1	0.98814964	1
1	0.8834903	1
0	0.003243963	1
1	0.5302817	1
0	0.08185465	0
0	0.35572672	0
1	0.94343776	0
0	0.019517263	0
1	0.9972275	0
1	0.78576034	1
0	0.005634734	1
0	0.050400488	1
0	0.004650886	0
0	0.8857771	1
0	0.001965089	1
1	0.8905863	0
1	0.72416097	0
0	0.027601326	0
1	0.7064022	1
1	0.9503853	1
0	0.009841103	0
0	0.009167028	1
0	0.004423728	0
0	0.003596624	1
0	0.019800724	1
0	0.001903883	1
0	0.07800015	1
0	0.4067331	1
0	0.22210997	1
0	0.6964362	1
1	0.90925485	1
1	0.8935568	0
0	0.006637317	0
0	0.001827303	1
1	0.49859917	1
0	0.07542991	1
1	0.9606735	1
1	0.8880339	1
0	0.010204382	1
0	0.001485296	1
1	0.97556216	1
1	0.198874	1
0	0.074618585	0
1	0.9861043	1
0	0.004711092	0
1	0.9927585	1
0	0.46749663	0
0	0.61323136	0
0	0.38743752	1
0	0.021351455	0
0	0.044718783	1
0	0.001571023	0
0	0.001107237	0
0	0.003641787	0
1	0.50969875	1
0	0.11485863	0
1	0.9839162	1
0	0.008311042	0
0	0.000744637	1
0	0.85165626	1
1	0.47185382	1
1	0.968275	0
0	0.005849356	1
0	0.006044786	0
1	0.92969453	1
1	0.8369024	0
0	0.21731505	1
1	0.9670701	1
1	0.946824	0
0	0.004847951	0
1	0.63581437	1
0	0.028834445	0
0	0.42318636	1
0	0.014686897	0
1	0.8928688	0
1	0.97807807	0
0	0.5188459	0
1	0.70476377	1
1	0.9561313	1
0	0.039125122	0
1	0.6288956	1
1	0.9858752	0
0	0.002258069	1
0	0.001090747	1
0	0.00879354	0
1	0.9934412	0
0	0.003837386	1
1	0.98853534	1
0	0.041642167	1
0	0.010973717	0
0	0.014523979	1
1	0.9789426	1
1	0.53893256	0
1	0.9797039	0
0	0.002282326	0
0	0.001022533	1
1	0.9870559	0
0	0.042355295	1
0	0.002190304	0
0	0.45624915	1
0	0.8580179	0
0	0.06794442	0
0	0.08743691	0
0	0.00063759	1
1	0.9318295	1
0	0.006368753	0
0	0.000638132	1
0	0.014324482	1
0	0.12930991	0
0	0.14954413	0
0	0.53821266	0
1	0.9805635	0
1	0.90909827	0
1	0.6895767	1
0	0.018399589	1
0	0.26593754	0
1	0.47787184	1
0	0.30892506	0
0	0.005756583	0
0	0.003977424	1
0	0.008367209	1
0	0.058379646	0
1	0.42836925	1
1	0.90848124	0
0	0.75436574	0
0	0.5463388	0
0	0.005714627	0
0	0.67155325	1
0	0.002888903	1
1	0.9506482	1
1	0.86364925	0
0	0.003910007	0
0	0.6042027	1
0	0.2404933	0
0	0.006862088	1
0	0.9233056	0
0	0.0443429	1
0	0.14303243	0
1	0.86232704	1
1	0.97511417	1
1	0.48556688	0
0	0.002064044	1
0	0.10192223	0
1	0.7742385	0
0	0.009164045	0
0	0.36220706	0
0	0.037956703	0
0	0.6838774	1
0	0.006058073	0
0	0.01232473	1
0	0.015072571	1
0	0.2887905	0
1	0.6302127	1
0	0.003187278	1
0	0.029940063	0
0	0.012189005	0
0	0.19546245	1
0	0.33379474	1
0	0.03463976	0
0	0.011343839	1
0	0.003396879	1
1	0.7346746	1
0	0.9188675	0
1	0.91116005	1
0	0.00747954	1
0	0.09861792	0
0	0.010026261	0
1	0.5523786	0
0	0.7078256	1
0	0.01191633	0
1	0.9759252	0
0	0.15705	0
0	0.004993655	1
1	0.47393802	0
1	0.5934533	1
0	0.010033434	0
1	0.8577185	0
0	0.001589645	1
1	0.23575762	0
0	0.028075075	0
1	0.97985214	0
0	0.019596487	1
0	0.35934883	0
0	0.12273326	1
1	0.40831342	0
0	0.02526013	0
0	0.01114447	0
0	0.002991789	1
1	0.9890237	0
0	0.47816515	1
0	0.002970665	0
0	0.054438688	0
0	0.038309395	0
0	0.31645116	1
0	0.49638262	1
0	0.018930798	0
1	0.91826713	1
1	0.9743946	1
1	0.8765111	1
0	0.277704	1
1	0.6205542	1
0	0.015424235	0
1	0.8295394	0
0	0.8435679	0
0	0.005105548	0
0	0.51429963	0
1	0.8190766	1
0	0.015695125	1
1	0.9796688	1
0	0.014681503	0
0	0.024689961	0
0	0.26045308	1
0	0.027167372	0
0	0.001296015	0
1	0.78396577	1
0	0.003650001	0
1	0.7553467	0
1	0.22693248	1
1	0.6926673	1
0	0.002307572	1
1	0.45125818	0
0	0.21967208	0
0	0.028700126	1
0	0.021006886	1
1	0.82725257	1
1	0.977197	0
0	0.000565042	1
1	0.62523794	0
0	0.023065953	0
0	0.016944554	0
0	0.26813704	1
1	0.7520491	1
0	0.34337914	0
0	0.37269545	1
1	0.9128786	0
0	0.09611946	0
1	0.117775194	0
0	0.002482996	1
1	0.7077153	1
1	0.9840066	1
1	0.74559885	0
1	0.7976297	0
1	0.75298285	1
0	0.022246545	1
0	0.025655875	0
0	0.01640812	0
1	0.8120457	1
1	0.98654985	0
0	0.032737028	1
0	0.00845418	0
0	0.023323676	1
1	0.70024323	1
1	0.68589014	0
0	0.02760747	0
1	0.7865589	0
1	0.96891785	0
0	0.001734149	1
0	0.005865574	0
0	0.34782615	0
0	0.013538548	1
0	0.058680844	0
0	0.18865623	1
0	0.008660579	0
0	0.38558888	1
1	0.55166215	0
1	0.6608673	0
1	0.28505588	0
0	0.053899284	1
1	0.6657474	1
0	0.01714912	1
0	0.033163767	0
0	0.17752603	0
0	0.009307762	1
1	0.60598004	1
1	0.9980228	0
1	0.8955844	1
0	0.01650203	0
1	0.9827581	1
0	0.003592273	1
0	0.002408592	1
1	0.8016235	1
1	0.98428136	1
1	0.7256945	0
1	0.887783	0
0	0.4004376	1
0	0.795322	0
1	0.8637682	0
1	0.6253438	0
0	0.003980768	0
1	0.84914833	0
0	0.4808888	0
0	0.087584205	0
1	0.032742567	0
0	0.5689605	0
1	0.9954485	0
0	0.09483321	0
0	0.012260553	1
0	0.20377563	1
1	0.83868164	1
0	0.45887446	1
0	0.005968669	1
1	0.1190934	0
1	0.9737178	1
0	0.001013866	1
0	0.89390934	1
0	0.012179783	0
0	0.004360883	1
1	0.9158259	1
0	0.035056844	0
0	0.007340585	1
1	0.7564715	1
0	0.00344179	0
0	0.1834343	1
1	0.84478563	1
0	0.1075256	0
1	0.9516463	1
0	0.009029022	0
0	0.00118907	0
0	0.003517308	1
0	0.06833705	1
0	0.004983078	1
0	0.03102218	1
0	0.001420143	0
1	0.8518735	1
0	0.060939085	0
0	0.9027857	0
0	0.31727368	1
0	0.27154446	1
1	0.99675864	1
0	0.010054618	1
1	0.6725245	1
1	0.95534694	1
1	0.7854352	1
0	0.02609736	0
0	0.09595606	1
0	0.004275163	0
0	0.006225961	1
0	0.3009896	0
1	0.9924596	0
1	0.87315184	0
0	0.013657209	1
1	0.10198695	0
1	0.9730954	1
1	0.9637477	1
0	0.01687745	0
0	0.014415095	1
1	0.99873894	1
1	0.7711496	1
1	0.6762338	0
1	0.98590904	1
0	0.72979724	0
1	0.879879	1
0	0.32174352	1
0	0.003287323	0
0	0.026692312	0
0	0.002367466	0
0	0.005479755	0
0	0.023777505	1
1	0.441015	1
1	0.92951006	1
0	0.01882208	1
1	0.6944396	0
1	0.9869444	1
0	0.002120441	1
0	0.57178426	1
0	0.24309267	0
1	0.9802439	1
1	0.679765	1
0	0.7344318	0
0	0.3661502	0
1	0.97243756	1
1	0.98441887	0
0	0.6870192	1
0	0.007608576	0
1	0.8060149	0
1	0.6747487	1
0	0.32320827	1
1	0.9915038	0
0	0.5170845	0
1	0.9124107	1
1	0.99713385	1
0	0.7884724	0
0	0.1608648	1
0	0.003598619	1
0	0.005859028	0
0	0.7283441	0
0	0.003201914	0
0	0.4256913	0
0	0.000872397	0
0	0.005601393	1
1	0.82581407	0
0	0.36593658	0
0	0.057471547	1
0	0.13733235	1
1	0.49209687	0
1	0.7844586	1
1	0.7501727	1
0	0.005806616	0
1	0.9729494	0
1	0.9988201	0
0	0.90098816	0
1	0.74891233	1
1	0.9706391	1
1	0.9827974	0
0	0.32425648	1
1	0.9803485	0
1	0.9509096	1
0	0.28002	0
0	0.003158123	1
0	0.14346348	1
1	0.6874597	1
0	0.000708097	1
0	0.001822017	0
0	0.006285382	0
0	0.000712459	1
0	0.000767955	1
1	0.71474063	0
1	0.31545696	0
1	0.51210725	0
1	0.1291394	0
0	0.025244953	0
1	0.909694	0
1	0.8484674	0
0	0.09738828	0
1	0.49959734	0
1	0.2549874	0
0	0.009334308	1
0	0.004667136	1
0	0.6239944	1
1	0.95606655	0
1	0.8907207	1
0	0.018777112	1
0	0.028686244	0
1	0.8487866	1
0	0.012288257	0
0	0.016918434	0
0	0.003969892	0
0	0.048213486	1
0	0.012007282	0
0	0.0540181	0
1	0.6552174	1
1	0.6744975	1
0	0.3390131	0
0	0.809225	0
1	0.9800402	1
1	0.8028615	0
0	0.002084234	1
0	0.001631655	1
0	0.1490101	1
1	0.980796	0
1	0.89894694	0
0	0.76643044	0
1	0.9868334	1
0	0.11928617	1
0	0.002052509	0
0	0.002579629	1
0	0.72218585	1
1	0.9580197	1
0	0.009510184	0
0	0.45310116	1
1	0.7588675	0
1	0.6081211	1
1	0.5544968	0
1	0.85960656	1
1	0.9696266	0
0	0.012307641	0
0	0.000724174	1
0	0.007504942	0
1	0.42650557	1
0	0.5435361	0
1	0.9840835	1
0	0.040030994	1
0	0.01030528	1
1	0.9544482	1
0	0.16602667	1
0	0.043751627	0
0	0.85526216	0
0	0.011277493	1
0	0.02022186	0
1	0.75143874	1
1	0.93182486	0
1	0.6955695	0
1	0.7687647	0
1	0.6621267	0
1	0.92960244	1
0	0.00344348	0
0	0.38088706	1
0	0.5511452	1
1	0.04979428	0
0	0.22806464	0
0	0.17317241	1
0	0.033140894	1
0	0.05431999	1
0	0.24056806	0
0	0.009595675	0
0	0.7975985	0
1	0.8622282	0
1	0.95495194	1
0	0.006634796	0
1	0.99416536	0
0	0.09840549	0
0	0.005751618	1
0	0.4297695	1
1	0.8770966	1
0	0.50112784	0
0	0.002208309	0
1	0.45723975	0
0	0.13949253	1
1	0.8582094	0
0	0.010209296	1
0	0.020382207	1
1	0.63868994	0
0	0.011533547	1
1	0.90384716	1
0	0.09399714	0
0	0.001243424	0
1	0.42237002	0
1	0.87475115	1
1	0.87293977	1
1	0.98555344	0
0	0.8629338	1
1	0.97079754	0
0	0.022498995	0
1	0.04014616	1
0	0.091212854	0
0	0.005306348	1
0	0.019150397	1
0	0.015878247	1
1	0.80385023	1
0	0.003143094	1
0	0.008739104	0
0	0.012961715	0
0	0.009330407	0
0	0.5563397	1
0	0.059373897	1
1	0.29379237	0
0	0.009663967	0
1	0.9813098	1
0	0.003342334	0
0	0.010644016	0
0	0.032979712	1
0	0.2578441	0
1	0.9139811	1
1	0.6628069	0
1	0.81329757	0
1	0.788608	1
1	0.92703235	0
1	0.94478124	0
0	0.17402117	1
0	0.306276	0
0	0.036396928	0
0	0.030215416	0
0	0.000622308	0
0	0.021519167	1
0	0.005821977	1
0	0.20459533	1
0	0.3438291	0
0	0.6193297	0
0	0.005928093	0
0	0.7523685	0
1	0.92406696	1
1	0.2830978	0
0	0.057922393	1
0	0.002284042	1
0	0.04305378	1
1	0.9943816	1
0	0.08600909	0
0	0.04105315	1
0	0.00385359	0
0	0.4034575	1
0	0.5518	0
1	0.98665875	1
1	0.77031267	1
1	0.83820397	1
1	0.6376911	0
0	0.07666701	0
1	0.71370125	1
0	0.44694135	0
1	0.35541064	1
0	0.00410737	0
1	0.9224215	0
0	0.0923929	1
0	0.2693329	1
0	0.7307808	1
0	0.45772675	0
0	0.27212903	1
0	0.002288364	0
0	0.003543369	0
1	0.9877791	0
0	0.6033032	1
0	0.004169526	0
1	0.79903084	0
0	0.001864578	0
0	0.000742939	1
0	0.23192227	0
1	0.9796346	0
1	0.78371626	1
1	0.8882938	1
0	0.15831563	0
1	0.94830614	0
0	0.7311412	0
1	0.5776872	0
0	0.024335414	0
0	0.2023533	1
1	0.9906082	1
0	0.2034787	0
1	0.94083065	0
0	0.6513652	0
1	0.8248186	1
0	0.20097376	1
1	0.9695832	1
1	0.975069	1
0	0.50790805	1
1	0.7812297	1
1	0.97159606	1
1	0.67957014	1
0	0.004081748	1
0	0.6140144	0
1	0.9197767	1
1	0.5543865	1
0	0.002732618	0
0	0.12298307	1
0	0.00932245	1
1	0.98500776	1
0	0.047246635	0
0	0.004089406	0
0	0.30978575	0
0	0.9382769	0
0	0.000631648	1
0	0.002455102	0
1	0.8832099	1
1	0.9174999	0
0	0.64879805	1
1	0.8760503	1
1	0.8454625	0
1	0.73543465	1
1	0.80249465	1
1	0.96627456	1
1	0.7805002	0
0	0.001170616	0
1	0.6007294	1
0	0.000665562	0
1	0.38704357	1
1	0.14760998	1
1	0.8810006	1
1	0.99493295	1
1	0.9359553	0
1	0.80541867	0
0	0.013913005	0
1	0.59757674	1
1	0.9190891	0
0	0.029545736	0
0	0.6576809	0
0	0.12460095	0
0	0.04143519	0
0	0.008052757	0
0	0.011491058	0
0	0.61913574	0
0	0.029418875	1
0	0.033366278	0
0	0.08336167	0
0	0.16214684	1
0	0.01194945	1
0	0.8277099	1
0	0.003360382	0
1	0.90400404	1
0	0.016202081	1
0	0.012419568	0
0	0.004214707	0
0	0.011492846	0
1	0.21683237	1
1	0.6684676	0
0	0.040854037	1
0	0.005236785	1
1	0.9885399	0
1	0.9191999	1
0	0.005003799	1
1	0.9568358	0
0	0.056444492	1
0	0.005744549	0
0	0.018422766	0
0	0.025057752	1
0	0.086385384	1
0	0.003329462	0
0	0.006429367	0
0	0.008871057	1
0	0.004817693	0
1	0.5329468	1
1	0.87357384	0
0	0.005949986	0
1	0.7654728	1
1	0.8154701	1
1	0.8091629	0
0	0.285312	1
0	0.005763664	0
0	0.003359657	1
0	0.001749959	1
0	0.003809889	1
0	0.57669896	0
1	0.10613954	1
1	0.7143747	1
0	0.004617845	0
0	0.005038191	1
1	0.81379014	0
1	0.85233927	1
0	0.000701968	1
1	0.6284068	1
0	0.000897508	1
1	0.08227936	0
0	0.002155199	0
0	0.3432213	1
1	0.98887604	0
0	0.025200713	0
1	0.9683824	0
0	0.005785173	0
1	0.9893401	1
1	0.99666387	1
0	0.024899684	0
0	0.14451209	0
1	0.05395847	1
1	0.9933391	0
0	0.005191417	1
1	0.8778787	0
0	0.003579648	1
0	0.9652035	0
1	0.7170197	0
0	0.017020233	1
0	0.02390863	1
0	0.2238767	1
0	0.008378773	1
0	0.35024884	0
1	0.9634242	1
0	0.16467306	1
0	0.016004115	1
1	0.96114904	0
0	0.016345194	1
1	0.7677221	1
0	0.047750063	0
1	0.5733832	0
1	0.9698775	1
1	0.9405315	1
0	0.001581	1
0	0.01459784	1
1	0.80681044	1
0	0.811268	0
1	0.87594205	0
1	0.58951175	1
1	0.94575375	0
0	0.004026649	1
0	0.002292953	0
0	0.00389948	1
0	0.05806004	0
1	0.9841128	1
0	0.002518526	1
1	0.8113293	1
1	0.99440163	0
0	0.001403866	0
0	0.05475814	0
0	0.056995068	1
1	0.7608757	0
0	0.004102315	0
0	0.030449072	0
1	0.9668795	1
0	0.596097	0
1	0.82217944	0
0	0.000963676	0
1	0.88497275	1
0	0.037069894	1
0	0.000907484	0
1	0.9668159	0
1	0.9099705	0
0	0.002872274	0
0	0.015398526	0
1	0.876627	1
1	0.9897166	0
0	0.116863474	0
0	0.27658337	0
0	0.002383193	0
0	0.26256436	0
0	0.000862891	0
1	0.7148209	0
1	0.59477085	0
0	0.000990494	1
1	0.9616545	1
1	0.7158998	0
1	0.99179614	1
0	0.60471845	0
0	0.63933265	1
1	0.99320835	0
1	0.37217715	0
0	0.003231402	0
0	0.2862916	0
0	0.3070317	0
0	0.002292255	0
1	0.83646166	0
0	0.003902211	0
0	0.24834242	1
0	0.012440288	0
1	0.98026204	0
1	0.62841815	1
0	0.000907311	1
1	0.72320014	0
1	0.639753	0
1	0.72605824	1
1	0.46715307	0
1	0.9447926	0
0	0.000585842	0
1	0.96736467	1
1	0.9977665	0
1	0.9278563	0
0	0.025139185	0
0	0.044430356	1
0	0.33575538	1
0	0.25918382	1
1	0.8494702	1
1	0.9314523	1
0	0.000599259	1
1	0.9964657	0
0	0.003970374	1
0	0.006741652	0
1	0.7084443	0
0	0.005043011	0
0	0.035504606	0
1	0.7400701	1
0	0.17246482	0
1	0.50656104	1
0	0.044052012	0
1	0.95855874	0
1	0.6800835	1
1	0.32999548	1
1	0.9243784	1
0	0.013767645	0
0	0.11551443	1
0	0.025908625	0
1	0.9061334	1
0	0.060907744	1
1	0.7680208	0
1	0.22656813	0
0	0.110502034	0
1	0.9028815	1
0	0.42851105	0
1	0.46334964	0
1	0.561201	0
0	0.09708513	1
0	0.009046886	0
0	0.6862305	0
1	0.27038845	0
0	0.22543558	0
0	0.3132716	1
1	0.9956137	0
0	0.11460954	0
1	0.9897077	0
0	0.6128875	0
1	0.83535796	1
0	0.012911494	0
1	0.9771498	1
0	0.04952244	1
1	0.9734023	1
1	0.339028	1
0	0.009573256	0
0	0.004183416	0
1	0.6835183	0
0	0.011189474	1
1	0.9767696	1
0	0.3524518	1
1	0.9486271	0
1	0.96948135	0
0	0.03380254	1
0	0.003351196	0
0	0.16156673	1
0	0.32430285	0
0	0.024377039	1
0	0.09330635	0
0	0.24534269	0
0	0.014195195	0
0	0.000629709	0
1	0.22944404	0
0	0.17777139	1
1	0.8645139	0
0	0.43684545	0
1	0.9482221	1
1	0.9851751	1
1	0.6945397	1
1	0.9948408	1
1	0.9802756	1
0	0.021975538	0
0	0.001676837	0
0	0.02510044	0
0	0.81857216	1
0	0.019973574	0
1	0.8760351	0
1	0.043665476	1
0	0.022090374	0
0	0.21868092	1
1	0.40270588	1
0	0.53943086	0
1	0.83001846	0
0	0.5597208	0
1	0.9702545	0
0	0.005820288	0
1	0.95072997	0
0	0.012899831	1
0	0.002149806	0
0	0.003355567	1
0	0.004538945	0
1	0.88356376	1
0	0.7054744	0
0	0.21465695	1
0	0.007738237	1
0	0.16729228	0
1	0.90362465	1
1	0.707272	0
0	0.001040453	1
0	0.013128492	0
1	0.6303998	1
1	0.9799943	0
1	0.91843665	1
0	0.15331692	1
1	0.71940047	1
0	0.001178237	1
0	0.009933126	1
1	0.98856366	0
1	0.08438113	1
1	0.60345954	0
0	0.0862829	1
1	0.97680956	0
1	0.96827656	1
0	0.38331935	0
0	0.62560076	0
0	0.004045866	0
0	0.003238407	0
1	0.99806863	1
1	0.8545009	1
1	0.9415107	0
1	0.34621173	0
0	0.08504247	1
1	0.7506683	1
0	0.002539104	0
0	0.014772931	1
0	0.012228465	1
1	0.99503726	1
0	0.050184317	1
1	0.8667652	1
0	0.042677045	1
0	0.030521737	0
1	0.6727648	0
0	0.025873164	0
1	0.26411936	1
1	0.9220856	1
0	0.011856924	0
0	0.0880603	0
0	0.053060077	1
0	0.015671812	1
1	0.8252949	1
0	0.026875185	1
0	0.004749512	1
0	0.33131003	1
0	0.22379437	0
0	0.23231308	1
1	0.9857621	1
0	0.016885148	0
1	0.6631917	0
0	0.003209719	1
1	0.9981756	1
0	0.00692273	1
1	0.8853057	0
0	0.024441298	0
0	0.003662915	1
0	0.0517538	0
0	0.095485084	1
1	0.6966578	0
0	0.004074413	1
0	0.19337726	0
0	0.008436543	1
0	0.45808178	0
0	0.4665268	1
1	0.9800882	0
0	0.035179406	1
1	0.9515078	0
0	0.003133175	1
0	0.40341833	0
0	0.014598826	0
1	0.94037545	0
1	0.88900965	1
0	0.08943103	1
1	0.3270998	1
1	0.78372234	0
1	0.87273693	0
0	0.74796134	0
1	0.9956767	1
1	0.37175345	0
1	0.75987166	1
1	0.010582275	0
1	0.8997389	0
0	0.017800037	1
0	0.76642436	0
0	0.2773083	0
1	0.44800276	1
1	0.88156885	0
0	0.007982631	0
1	0.99248475	0
0	0.003943938	0
1	0.8881486	1
1	0.82574856	1
0	0.002790722	0
1	0.9764357	0
0	0.86157405	1
1	0.54530805	0
1	0.9805423	1
1	0.7250151	0
0	0.002322772	1
0	0.004633462	0
1	0.72682965	0
0	0.10449898	0
0	0.158699	1
1	0.99674916	0
0	0.21822646	0
1	0.83964753	1
0	0.06676724	1
0	0.5224102	0
1	0.85211813	1
1	0.7199753	1
0	0.000754232	1
0	0.000856736	1
0	0.59462553	0
1	0.9836616	0
0	0.006074113	0
0	0.001971762	0
0	0.005340041	0
1	0.95685923	1
1	0.9910368	0
1	0.96331495	1
1	0.8094446	1
0	0.3423805	0
0	0.021886269	0
0	0.1703261	1
0	0.011091553	0
0	0.010208173	1
1	0.964299	0
0	0.033207744	1
1	0.96913356	0
0	0.022814833	1
0	0.9478294	0
1	0.8348993	1
1	0.85101724	1
1	0.590935	0
0	0.001257451	0
0	0.02889613	0
1	0.96035856	1
1	0.6943963	1
0	0.038476963	1
0	0.0063631	0
1	0.99013966	1
1	0.62330467	0
1	0.97873837	0
0	0.002702182	1
0	0.007803754	0
1	0.6683586	1
0	0.00990595	1
1	0.9363174	1
0	0.064132094	0
0	0.002507766	1
0	0.005731983	1
0	0.011218501	1
1	0.9774489	0
0	0.029607898	1
1	0.918742	0
1	0.64088666	1
1	0.5853007	0
0	0.17983325	0
1	0.9782793	1
1	0.5531224	1
0	0.020459833	1
0	0.003621462	1
1	0.7405734	0
1	0.577785	1
0	0.12571064	1
0	0.010452871	0
1	0.66764987	1
1	0.73418695	0
1	0.64822537	1
0	0.6543045	0
0	0.002318912	0
0	0.7710532	0
0	0.12355143	0
0	0.12761755	1
1	0.7492751	1
1	0.76789546	0
0	0.05071883	1
1	0.91759586	0
0	0.09648592	1
1	0.9826711	0
0	0.009155631	0
1	0.5196863	0
0	0.002747374	1
0	0.001751556	0
1	0.6891873	1
1	0.94810605	1
0	0.003537701	1
1	0.6833531	1
0	0.001282785	1
1	0.7176726	1
1	0.6153914	1
1	0.6196426	1
0	0.5698266	0
0	0.006159793	0
1	0.95524085	0
0	0.01837441	1
1	0.69901747	0
0	0.001914374	1
0	0.002737588	0
1	0.9775588	1
1	0.75614303	1
0	0.005398992	0
1	0.98999584	0
0	0.005612663	1
0	0.007103497	1
0	0.00797878	1
0	0.032768756	1
0	0.7181082	0
1	0.96405554	0
0	0.30315202	1
0	0.7467416	1
1	0.9435007	0
0	0.48237836	0
0	0.004632453	1
1	0.61686593	0
0	0.9080431	0
0	0.011758616	0
0	0.005153331	0
0	0.00453868	0
1	0.9494554	0
0	0.2814651	0
1	0.97871417	0
1	0.988689	0
0	0.19184199	0
0	0.033650786	0
0	0.82209975	1
1	0.85683364	1
1	0.9015959	0
1	0.7584382	0
1	0.44945312	1
0	0.003271029	0
0	0.064090714	1
1	0.26531667	1
0	0.07093457	0
1	0.7870973	0
0	0.007744302	0
0	0.002875392	0
0	0.000792218	0
0	0.0228274	1
1	0.40590185	1
0	0.23146982	0
1	0.79699165	1
1	0.6963138	1
1	0.79049426	1
0	0.010490997	0
0	0.3726191	0
0	0.004568104	0
0	0.48752835	0
1	0.9896624	0
0	0.006646167	1
1	0.9428432	0
1	0.9969386	0
1	0.9791545	1
1	0.7394375	1
1	0.9905194	0
0	0.001442803	0
0	0.010443937	1
1	0.7047599	1
1	0.94101876	0
0	0.007123337	0
1	0.68687683	0
0	0.25865754	0
0	0.004721098	1
1	0.7533619	0
1	0.9978381	1
0	0.002902229	1
0	0.62645066	0
0	0.07347549	1
1	0.6034431	1
0	0.20837116	0
0	0.13640878	1
1	0.961889	0
0	0.002713216	0
0	0.26347244	0
0	0.045717854	1
0	0.62466985	0
0	0.74602157	1
0	0.001128688	1
0	0.5060671	1
1	0.9898795	1
1	0.079054035	1
0	0.00688756	0
0	0.08613913	0
1	0.8300164	1
0	0.003458092	1
0	0.16306318	1
1	0.70974267	0
0	0.37720215	0
0	0.40411752	1
0	0.010742721	0
0	0.19476406	0
1	0.9812345	0
0	0.003877101	1
0	0.018458588	0
0	0.003590317	1
1	0.49936625	1
0	0.007303175	0
0	0.019702364	0
1	0.75082093	1
0	0.23941873	1
0	0.03733578	1
0	0.00791751	1
0	0.006710023	0
0	0.03263042	1
1	0.4081841	0
1	0.9700566	0
0	0.013038887	0
1	0.9402243	1
0	0.05169021	1
1	0.45651713	1
1	0.9259402	1
1	0.42593244	0
1	0.99299157	0
1	0.93349487	0
0	0.5725375	1
0	0.005884133	1
0	0.03142244	0
0	0.001998932	1
0	0.00579063	0
1	0.9073431	0
0	0.014241532	0
0	0.14567071	1
0	0.001766035	1
0	0.004012597	1
1	0.5759811	1
0	0.007458522	1
1	0.97208655	0
0	0.16449298	0
0	0.2729574	0
1	0.8258632	0
0	0.13911463	0
0	0.0462076	0
1	0.64053553	1
1	0.9856371	1
0	0.18577977	1
1	0.9748131	0
1	0.7531563	0
0	0.002443218	1
0	0.15027793	0
0	0.06272814	1
0	0.003495947	0
1	0.78738785	0
0	0.034029387	1
0	0.61589795	0
0	0.693539	0
1	0.9806138	1
0	0.001998283	1
1	0.7723539	1
1	0.98743016	1
0	0.00955531	0
0	0.006206661	0
0	0.005464717	1
1	0.87511617	1
1	0.6435874	1
0	0.002508072	0
0	0.024634343	1
0	0.03670817	0
0	0.001863301	0
0	0.006696291	0
0	0.002090425	1
0	0.101749755	1
1	0.99251705	1
0	0.001015512	1
0	0.027277205	0
1	0.95592415	1
0	0.00166065	1
0	0.038644817	0
0	0.013521643	0
0	0.004066735	0
0	0.34151587	1
0	0.06315017	1
0	0.002699468	1
0	0.4151593	1
0	0.005309464	0
0	0.15720025	1
0	0.025540257	1
1	0.75408435	0
1	0.43484217	1
0	0.008125301	1
0	0.001464039	1
0	0.028204592	0
0	0.051630463	0
1	0.83204806	1
1	0.61484474	1
0	0.015902847	1
0	0.01572526	1
0	0.79545337	0
1	0.98967373	0
0	0.18933488	0
0	0.038883124	0
1	0.9380052	1
0	0.4812029	0
0	0.006936066	0
0	0.16489087	0
0	0.017722057	0
0	0.02855634	0
0	0.005769159	1
1	0.5296136	0
1	0.9974758	0
0	0.053464286	0
0	0.20943841	0
1	0.9036935	0
0	0.07464694	0
1	0.9863837	0
1	0.9314811	0
0	0.041714665	0
0	0.002648496	1
0	0.03659917	0
0	0.002965216	1
0	0.00283616	1
0	0.15384275	0
1	0.9798998	0
1	0.98762405	1
1	0.86516726	0
1	0.9033778	0
1	0.9613741	0
1	0.67956287	1
1	0.10201886	1
0	0.001022095	1
0	0.001191	1
1	0.94626236	0
1	0.8895481	1
1	0.87582	1
0	0.15784955	1
1	0.7427651	0
1	0.78323096	1
1	0.85256493	0
0	0.005271839	1
0	0.25262865	1
0	0.060114153	1
1	0.99547845	0
0	0.003705276	0
1	0.6548393	0
0	0.120577894	1
1	0.41934377	1
1	0.93544805	1
0	0.002274236	1
1	0.93899316	0
0	0.002273832	0
1	0.75636244	0
1	0.5914522	1
1	0.08502433	0
0	0.001880129	0
0	0.000918401	0
0	0.06531103	1
1	0.88203776	0
1	0.7661121	0
1	0.7328069	1
1	0.97187465	0
1	0.687923	1
0	0.01400256	0
0	0.22219011	0
1	0.9966762	1
0	0.15651485	1
0	0.6634845	0
0	0.002818217	0
0	0.39271423	0
0	0.005104424	1
1	0.86406916	1
0	0.006342713	1
1	0.302821	1
1	0.8950479	0
0	0.06967942	1
1	0.8716546	0
0	0.02791915	1
1	0.98755777	1
0	0.60896957	0
1	0.96397823	1
0	0.008618762	0
0	0.005146257	1
1	0.9531365	0
1	0.025685722	0
0	0.008636405	0
0	0.3811713	1
1	0.8852631	0
0	0.7145734	0
0	0.000586728	1
0	0.045100257	0
1	0.87646246	0
1	0.94683707	1
0	0.012472931	0
0	0.03670311	0
0	0.095260575	1
0	0.00068432	1
0	0.015582565	1
0	0.009415378	1
1	0.11502639	0
0	0.002062966	1
0	0.14650612	1
0	0.6933166	0
0	0.002869027	0
1	0.011460124	0
1	0.9940957	0
0	0.048300833	0
0	0.006327363	0
1	0.9688598	0
0	0.110409856	1
0	0.005930307	1
1	0.75064796	0
0	0.002144763	0
0	0.36416557	0
0	0.003784127	0
0	0.011629502	1
0	0.004293014	1
0	0.003807837	1
0	0.027371403	0
1	0.8052542	1
0	0.000719293	0
1	0.6467629	0
0	0.015009305	1
0	0.002621008	0
0	0.003398983	1
1	0.91525346	0
1	0.9950971	0
0	0.001364398	1
1	0.9386517	1
1	0.8454434	0
0	0.001967343	0
1	0.8604109	1
0	0.4885304	1
1	0.86136585	0
1	0.6455343	1
0	0.5933996	0
0	0.5850385	0
1	0.77944034	0
0	0.18757637	0
0	0.02412472	1
0	0.5118238	1
0	0.002455085	0
0	0.6839986	0
0	0.16411671	1
1	0.93997085	0
1	0.56706697	0
1	0.79557174	0
1	0.16939318	0
0	0.010124498	1
0	0.022679016	1
1	0.988128	1
0	0.0043403	0
0	0.002397368	1
1	0.86335796	1
0	0.010962927	1
0	0.001034065	0
0	0.010023767	1
1	0.75930864	1
0	0.010092521	1
0	0.4032445	1
0	0.060447514	1
1	0.6621249	1
0	0.258696	0
1	0.83161783	0
0	0.19658229	1
0	0.04977569	1
0	0.42571887	1
0	0.032064073	0
1	0.8240127	1
0	0.006866717	1
1	0.9848999	1
1	0.78604674	0
1	0.015552947	0
0	0.000856375	0
1	0.96331805	1
1	0.8312517	0
0	0.34324542	0
1	0.9452202	0
0	0.026755236	1
1	0.7760239	1
1	0.99003524	1
0	0.03880012	1
1	0.7181025	1
1	0.56965965	0
1	0.55282015	1
1	0.86318004	0
0	0.008721062	1
1	0.94939595	0
0	0.14333408	1
0	0.01689949	0
0	0.002399178	0
1	0.45431513	1
1	0.94413877	1
0	0.07097288	0
0	0.009835511	0
0	0.004653073	0
0	0.6055404	1
1	0.96422535	1
0	0.010340647	0
0	0.024147967	1
1	0.7874141	0
1	0.9746071	1
0	0.14677943	0
0	0.1037496	1
0	0.011663544	0
0	0.49842805	0
1	0.877142	1
0	0.038646065	1
0	0.11010269	0
1	0.8113194	0
0	0.015820753	1
0	0.000655014	1
0	0.004905887	0
0	0.011733459	1
0	0.033149663	0
1	0.8069056	1
0	0.43995252	1
0	0.064907044	0
0	0.60317004	1
0	0.46782097	1
1	0.99695265	0
0	0.006014467	1
0	0.32521144	0
1	0.98378456	0
0	0.001982802	0
0	0.004377166	0
0	0.37691182	0
1	0.9718269	0
1	0.7143476	1
0	0.022696244	0
0	0.009440583	1
0	0.063378215	0
0	0.68952036	0
0	0.005525082	1
0	0.019944483	0
0	0.15306203	0
1	0.9357929	0
0	0.16863346	0
0	0.09026383	0
1	0.9679148	1
1	0.8294735	1
1	0.9716413	0
0	0.001610137	0
1	0.5137	0
0	0.013510047	0
0	0.55622387	0
0	0.061506025	0
0	0.9356139	0
0	0.001656229	0
0	0.004384749	1
1	0.47978002	0
0	0.059402164	1
0	0.002898486	1
0	0.016891325	0
0	0.004489188	0
0	0.020736204	1
0	0.01841511	1
0	0.4028895	0
0	0.013820214	0
1	0.80815643	1
0	0.04501164	0
0	0.8595834	0
1	0.69232875	0
0	0.9761595	0
1	0.77386713	1
0	0.005403409	0
0	0.13717972	1
0	0.006081326	0
0	0.060813315	1
0	0.029872742	0
0	0.0152462	1
1	0.8584105	0
0	0.060060177	1
0	0.6264096	0
0	0.005870103	1
0	0.001816417	1
1	0.96279967	0
1	0.58827543	0
0	0.004529418	0
0	0.096807666	1
1	0.79478604	1
1	0.52886885	1
0	0.035037864	0
0	0.17861181	1
0	0.18101622	1
0	0.089347236	0
0	0.019022264	0
0	0.005325215	0
1	0.9634154	0
1	0.9968501	0
1	0.99252933	0
0	0.012341865	1
0	0.66355336	0
1	0.9669725	0
0	0.013551692	1
1	0.34425524	1
1	0.674603	0
0	0.04606326	1
1	0.9164403	1
0	0.001201081	1
0	0.003690149	1
0	0.001566677	0
0	0.011664923	1
0	0.39242277	0
0	0.0558734	0
1	0.87555265	0
0	0.07522687	1
1	0.7438261	1
0	0.005222957	0
0	0.567935	1
1	0.7950499	0
0	0.71309495	0
1	0.9976432	0
0	0.017831177	1
0	0.004051618	0
1	0.9899939	1
0	0.38545817	1
1	0.9814371	0
0	0.21267073	0
0	0.005594337	1
1	0.02658331	0
0	0.006011586	0
1	0.26361555	0
0	0.08013237	1
0	0.6231268	0
0	0.28455564	0
0	0.009625812	0
1	0.95387733	0
1	0.29898447	0
0	0.093119554	1
1	0.98627126	1
0	0.013204138	0
0	0.81512403	0
1	0.03696979	0
0	0.005291898	0
0	0.001854831	0
0	0.004916329	1
1	0.9547878	1
0	0.01756467	1
1	0.81987536	1
0	0.5872006	1
0	0.13064949	0
0	0.012042372	1
1	0.9704617	1
1	0.8398451	0
0	0.001877347	0
1	0.8426013	1
1	0.68980175	0
1	0.8294779	1
1	0.7385143	1
0	0.001712883	0
1	0.86223364	1
0	0.46949115	0
1	0.45565066	1
1	0.8214481	0
0	0.43543807	0
0	0.030676235	0
1	0.99180424	0
0	0.004782606	0
0	0.22729187	1
1	0.8553877	1
0	0.5452057	1
0	0.009189921	1
0	0.003144211	1
0	0.028117497	1
0	0.003263633	1
0	0.036123484	0
0	0.6954125	1
0	0.002770055	0
0	0.20453921	1
0	0.031169917	1
1	0.7121773	1
0	0.001243674	0
0	0.02164505	1
0	0.42774487	1
0	0.000578404	0
0	0.9539038	1
0	0.16751845	1
1	0.9332923	1
0	0.000799508	0
0	0.009636119	1
0	0.008240419	1
1	0.9539408	0
0	0.004702589	1
0	0.021319818	1
0	0.02872762	1
0	0.4577735	0
1	0.99297607	1
1	0.8900074	0
0	0.027187658	1
1	0.84242815	1
0	0.004143193	0
1	0.711712	1
1	0.77294	1
0	0.026265623	1
1	0.94323397	0
1	0.95764357	1
0	0.44510278	1
1	0.98962796	0
0	0.003290284	1
1	0.97515035	0
1	0.80110395	0
0	0.82025665	1
0	0.083608	0
1	0.87684137	0
0	0.123968616	0
0	0.19906491	0
1	0.991046	0
1	0.6216311	1
1	0.1911936	0
1	0.989345	0
1	0.9652506	0
0	0.10324738	1
1	0.93886423	1
0	0.008942539	0
1	0.8012331	1
1	0.9971199	1
1	0.71044755	0
0	0.6054717	0
0	0.20811205	0
0	0.03595237	1
0	0.015059446	0
1	0.18195742	0
1	0.7335581	0
0	0.07363282	1
0	0.000649044	1
0	0.17045932	1
1	0.99552625	0
0	0.006140202	1
0	0.003286869	1
0	0.5329301	1
1	0.9863339	1
1	0.671612	1
1	0.83725727	1
1	0.9780537	1
0	0.14243339	1
1	0.97929925	0
0	0.004637052	1
1	0.9980749	1
1	0.9935982	1
1	0.7126288	1
0	0.386938	1
1	0.55362326	1
1	0.9975746	1
0	0.05339686	0
0	0.8545459	0
1	0.8809071	1
1	0.8057391	1
1	0.94884825	1
0	0.020118421	1
1	0.8554258	1
1	0.84217	0
0	0.08173869	0
1	0.9437836	1
1	0.99120003	1
1	0.6862524	1
0	0.11737311	1
0	0.013393302	0
0	0.003170067	0
0	0.006761148	1
0	0.005428408	1
0	0.20181355	0
1	0.691804	1
1	0.99528545	0
0	0.3204566	0
1	0.46899742	0
1	0.94699496	0
0	0.026060492	1
0	0.024722103	1
1	0.65899754	1
0	0.06948	1
1	0.001805483	0
0	0.01654589	1
1	0.86504376	0
1	0.97505873	1
1	0.60615826	1
1	0.74397653	1
0	0.08905478	0
0	0.61797756	0
0	0.004886808	1
0	0.015021146	0
0	0.016898887	0
1	0.12547652	0
1	0.5590417	1
0	0.011298521	1
0	0.005668422	1
0	0.28138542	0
0	0.012275235	1
0	0.01540661	1
0	0.015479379	1
1	0.27542973	1
1	0.99704605	0
0	0.001776538	0
1	0.9819301	0
0	0.00929862	1
0	0.001142167	1
0	0.002529032	0
1	0.58497787	0
1	0.92374104	0
0	0.001056407	1
0	0.004715454	1
1	0.97536725	1
1	0.9939786	0
0	0.010710579	0
0	0.59621507	0
1	0.89913416	1
1	0.7523402	0
0	0.95159924	0
0	0.092126556	1
0	0.00332782	0
1	0.79119855	0
1	0.93082523	1
0	0.023031555	0
1	0.92150575	0
1	0.9464417	1
1	0.9543532	0
0	0.30772248	0
0	0.001011114	0
1	0.95900875	1
1	0.9039507	0
0	0.008224258	1
1	0.9824086	0
1	0.74164057	1
0	0.14153345	1
0	0.85086834	0
1	0.9592666	1
0	0.08853576	0
0	0.34790307	0
0	0.000671963	0
0	0.032279752	0
0	0.002650715	0
0	0.00130427	1
1	0.82848066	1
0	0.04912718	1
0	0.25286216	1
0	0.02636919	1
0	0.49099222	0
0	0.52812225	0
0	0.024496911	0
0	0.32886288	1
0	0.05171934	0
0	0.005856367	0
1	0.86838204	0
0	0.7825931	0
0	0.005323727	1
0	0.002039477	1
0	0.24709319	1
0	0.48816383	0
0	0.002885414	1
0	0.02753396	0
1	0.9311791	1
1	0.9437158	1
1	0.9087741	1
1	0.5128288	1
0	0.012807702	1
0	0.006976539	0
1	0.8716049	0
0	0.507364	0
0	0.007279137	1
1	0.51588446	0
1	0.9858051	1
0	0.013458763	0
0	0.3544338	0
0	0.070481844	0
0	0.00664884	1
1	0.6075911	1
1	0.8394174	0
0	0.007130554	0
0	0.018750567	0
1	0.7365013	1
0	0.3723744	1
1	0.96999747	0
0	0.4337973	1
0	0.000571672	0
1	0.45584	1
0	0.11673044	1
0	0.029528135	1
0	0.009673623	1
1	0.98568904	0
0	0.003550332	0
0	0.014275444	0
1	0.61521685	0
1	0.9925271	0
1	0.9695851	0
1	0.9855063	0
0	0.46373606	1
0	0.015702507	0
1	0.48927835	1
0	0.006301573	1
0	0.00189843	1
0	0.05216294	1
1	0.74768364	1
0	0.16965134	0
0	0.50184035	1
1	0.9466199	0
0	0.34535152	0
0	0.004386046	1
1	0.9718598	1
0	0.003255164	1
0	0.00274781	1
0	0.002044109	0
0	0.00854766	0
1	0.9365364	1
1	0.74133885	1
0	0.6864678	1
1	0.82146865	0
1	0.7377749	1
0	0.001774603	1
1	0.9593581	0
0	0.003472636	1
1	0.9521492	1
0	0.009978128	1
1	0.9934524	0
1	0.9853791	1
0	0.015772482	0
1	0.9855289	0
0	0.07976376	1
1	0.97921145	1
0	0.10204468	1
1	0.7811473	0
0	0.05142913	1
1	0.83772755	0
0	0.002052205	0
0	0.046887536	0
1	0.81163734	1
0	0.6214625	1
1	0.96447396	0
1	0.9893714	1
0	0.007248232	1
1	0.9260342	1
1	0.99354905	1
0	0.027767044	1
1	0.21547134	0
1	0.9980394	0
0	0.13573435	1
0	0.6531327	1
1	0.84467906	1
0	0.15761352	0
1	0.7582821	0
0	0.02268761	1
1	0.45314234	0
1	0.90405947	1
1	0.9860692	1
0	0.002068178	1
0	0.035396654	1
0	0.049495213	1
0	0.002026803	0
0	0.15228009	0
1	0.9782853	1
1	0.9350928	0
1	0.91628134	0
0	0.002097262	1
0	0.36819133	0
1	0.9827256	0
0	0.001464498	1
1	0.99438137	0
1	0.34113917	1
0	0.8892791	1
0	0.48113838	0
0	0.038324643	0
0	0.048729066	0
0	0.002335402	1
1	0.5657221	1
0	0.001514794	1
0	0.003227534	0
0	0.004498092	1
0	0.25162777	1
0	0.001416262	0
0	0.01739365	1
0	0.41759208	0
0	0.012389542	1
0	0.03829643	0
1	0.60064566	0
1	0.930724	1
0	0.46415797	1
0	0.000618036	1
0	0.39797032	0
0	0.010473903	1
0	0.02387966	1
0	0.000887489	1
1	0.9020964	0
0	0.013534505	1
0	0.08386093	1
1	0.6652105	1
1	0.6400046	0
0	0.0692297	0
0	0.69407666	1
0	0.017751101	0
0	0.002868925	0
0	0.009809771	0
0	0.026123682	1
0	0.68646604	0
1	0.5177613	1
1	0.9006376	1
1	0.9311736	0
0	0.00637984	0
0	0.46081382	0
0	0.35728064	1
1	0.8212447	1
0	0.13207148	1
0	0.045227706	1
0	0.00257625	0
1	0.35645145	1
1	0.94084406	1
0	0.009864953	1
1	0.73622674	1
0	0.013695467	0
1	0.99046844	1
0	0.04054775	1
0	0.00806629	1
1	0.9106218	1
1	0.6903314	1
0	0.005887604	1
1	0.57730687	1
0	0.48770025	0
1	0.8835145	0
0	0.5262881	0
1	0.7093497	0
1	0.5063662	1
0	0.037217885	1
1	0.98973364	0
0	0.29488	1
1	0.50064135	0
1	0.5827268	0
1	0.99416614	0
1	0.93427277	1
0	0.003767905	0
1	0.9849781	0
0	0.07517716	0
0	0.069379814	0
1	0.9962519	1
1	0.7616615	0
0	0.02078477	0
0	0.004292133	1
1	0.914834	0
1	0.84143305	0
0	0.08993093	0
0	0.59278655	0
0	0.0827292	1
0	0.002619616	0
0	0.007329739	1
1	0.645953	0
1	0.15079613	0
1	0.91438943	0
1	0.56997985	0
0	0.008253483	0
1	0.9938461	0
0	0.19705987	0
0	0.018165894	0
0	0.007227647	0
0	0.6918568	0
0	0.95753634	0
0	0.23452197	1
0	0.002708012	1
1	0.6126594	1
1	0.7603523	1
1	0.9394127	0
1	0.7757489	0
0	0.004315571	1
0	0.016883448	0
0	0.42231894	0
0	0.5925221	1
1	0.8097069	0
0	0.002318072	1
0	0.008220392	1
0	0.15313238	1
0	0.003538204	1
0	0.005380986	1
0	0.027319165	1
0	0.2742263	1
1	0.9811802	1
0	0.33870134	1
0	0.0147262	1
1	0.5822991	0
0	0.17466384	0
1	0.73144406	1
0	0.03681221	1
1	0.97101235	1
1	0.743508	0
1	0.77182096	1
0	0.69942397	1
1	0.8399323	1
1	0.8616622	0
0	0.20146167	0
0	0.009231002	1
1	0.96597046	0
1	0.48137012	1
0	0.06390294	0
0	0.003038729	0
1	0.9557441	1
0	0.009101175	1
0	0.017273007	1
0	0.69511425	1
0	0.002853038	0
1	0.9654116	0
0	0.003804563	0
0	0.8148175	1
0	0.002737365	0
0	0.001082084	1
0	0.03610293	0
1	0.9249651	1
1	0.28505555	1
0	0.17902504	1
0	0.030014057	0
1	0.9914334	0
0	0.000936787	0
0	0.29514152	1
0	0.002504435	1
1	0.9852465	1
1	0.9929102	0
0	0.006002213	0
1	0.8112656	1
0	0.001378029	1
1	0.84583	0
0	0.008700134	1
0	0.022577677	0
1	0.8999639	1
0	0.02391288	1
0	0.28869933	0
1	0.8284812	1
1	0.6538301	0
0	0.6317493	0
0	0.29692668	1
1	0.9952217	1
0	0.004657563	0
0	0.011168069	1
0	0.011012132	1
0	0.003430549	1
0	0.001914236	1
1	0.51654446	1
1	0.72518957	0
1	0.55867624	1
0	0.004793602	0
0	0.9383111	0
1	0.7445635	0
0	0.002449599	0
1	0.9809095	1
0	0.003324685	0
1	0.9881621	1
1	0.83241	1
0	0.001956677	0
0	0.37630793	0
1	0.6750343	1
0	0.5898327	1
1	0.7101037	0
0	0.6392402	1
0	0.037154224	0
1	0.54537284	0
0	0.022894785	1
1	0.78078824	1
0	0.04035022	0
0	0.15137148	1
1	0.8383294	0
1	0.93518806	1
1	0.7887374	1
0	0.24364631	1
0	0.22624868	1
0	0.010894884	0
1	0.4068355	0
1	0.98902774	1
0	0.025124306	1
0	0.050994296	0
0	0.028135099	1
1	0.8230624	1
1	0.7800757	0
1	0.8900103	0
0	0.6066182	1
0	0.000887218	0
0	0.40146768	1
0	0.07348373	0
0	0.004460083	0
1	0.8962053	0
1	0.8508067	1
1	0.97267705	0
1	0.7727052	1
1	0.93198234	1
0	0.015095986	0
0	0.04302896	1
0	0.003652978	1
0	0.003319751	1
0	0.001829057	0
1	0.8925303	0
0	0.010547677	0
0	0.006929018	1
0	0.004225131	0
0	0.003933337	1
1	0.7163615	0
0	0.006962282	0
0	0.001398537	1
0	0.05867813	1
0	0.09300234	0
0	0.00462648	0
0	0.030690772	0
0	0.4068442	0
0	0.027422532	1
1	0.005903363	0
1	0.948176	1
1	0.8774583	1
0	0.004924863	0
0	0.013474289	1
0	0.1974539	0
0	0.3027515	1
0	0.08048719	0
0	0.000726399	1
0	0.0712371	1
1	0.89131904	0
0	0.30196658	1
0	0.001493979	1
0	0.002300389	0
0	0.08084349	0
1	0.9122668	1
0	0.16404146	1
0	0.05447374	1
0	0.013404448	1
0	0.009342663	0
0	0.059690714	0
0	0.15025829	0
0	0.00292507	1
0	0.008895416	0
1	0.9943915	1
0	0.1687015	1
0	0.75453216	0
0	0.00320536	0
0	0.000685497	0
0	0.019293118	0
1	0.990573	0
1	0.9975821	1
0	0.36041895	0
0	0.18681355	1
0	0.070970215	0
0	0.0045774	0
0	0.003551215	1
0	0.001211785	0
0	0.000832391	1
0	0.001939165	1
0	0.002261877	1
1	0.78707224	0
1	0.9653184	1
0	0.015256121	0
1	0.9768222	1
0	0.09582536	1
1	0.8347784	0
0	0.026822371	1
0	0.86925083	0
0	0.01040311	1
1	0.8207005	0
0	0.50777584	0
0	0.002547886	0
0	0.02219248	0
0	0.19731128	1
0	0.036187675	0
0	0.01528084	0
1	0.96448267	0
0	0.73896337	1
0	0.006788105	1
0	0.2758062	1
0	0.008921514	1
1	0.003705983	0
1	0.38663083	0
0	0.51461047	1
0	0.15707442	1
0	0.5013276	0
0	0.009341277	1
1	0.38156435	1
1	0.8874116	1
1	0.97973937	1
1	0.66821015	0
1	0.7667349	0
0	0.7302098	0
1	0.7244927	0
1	0.37271068	0
0	0.6056165	0
0	0.1230325	1
0	0.031939823	1
1	0.69917643	0
0	0.005988831	1
0	0.13383067	1
0	0.003059719	0
1	0.53219295	0
0	0.6197169	1
0	0.008968088	1
1	0.60004455	1
1	0.9733276	0
0	0.006849397	0
1	0.6360811	1
0	0.45627674	0
0	0.001917714	0
0	0.21497403	0
0	0.017177047	0
1	0.9523149	1
1	0.7671606	0
1	0.9926393	1
0	0.1398609	0
1	0.7922044	1
0	0.16335745	0
1	0.7685872	0
0	0.019406218	0
1	0.75471956	0
0	0.06237864	0
0	0.20938955	0
1	0.8208439	0
0	0.043176774	1
1	0.9672775	1
0	0.4519504	0
1	0.42202976	0
0	0.014487326	1
1	0.8091823	0
0	0.002912424	0
1	0.9806204	0
1	0.9790662	1
1	0.7597428	0
1	0.9621735	1
1	0.8241086	1
1	0.73936623	0
0	0.2833643	1
1	0.8156911	1
0	0.006501408	0
0	0.13343936	1
0	0.009469285	1
0	0.006701133	0
0	0.06252063	1
0	0.005120609	0
0	0.001058552	1
0	0.010395759	0
0	0.030799666	1
1	0.8176615	0
0	0.04175936	1
0	0.70392925	0
1	0.9699247	1
1	0.8838327	1
0	0.076082766	1
0	0.000492282	0
1	0.3577289	0
1	0.7361638	1
0	0.42381048	0
0	0.060029082	1
0	0.036445566	0
0	0.08219581	0
0	0.005393974	1
1	0.8754883	0
0	0.007687626	1
1	0.79489535	0
0	0.014141042	0
1	0.6204411	1
0	0.16852278	1
0	0.05604994	1
0	0.001777768	1
0	0.08224993	0
1	0.7119609	1
1	0.8148518	0
1	0.8062613	0
0	0.005161449	0
0	0.14664677	0
1	0.9923126	0
0	0.03589439	0
1	0.4978257	1
1	0.8108456	0
0	0.5928269	0
0	0.022404132	1
1	0.9965455	1
0	0.002282162	1
1	0.9912588	0
0	0.002796972	1
0	0.004108811	1
1	0.44948986	1
0	0.003236373	0
0	0.47631693	0
0	0.010452027	0
0	0.00277346	1
0	0.18271823	0
0	0.017569944	0
1	0.9986941	0
0	0.06924078	1
1	0.9975406	1
1	0.8934652	1
0	0.022838019	0
1	0.25048837	0
0	0.13722904	1
1	0.94199026	1
1	0.7477086	1
0	0.004287699	1
0	0.06590462	1
1	0.9766382	0
0	0.2797152	1
1	0.6967303	0
1	0.31907842	0
0	0.20322926	1
0	0.13276693	0
1	0.9407432	1
0	0.008420172	1
1	0.97144	1
0	0.18093298	0
0	0.000992023	0
1	0.30534983	1
1	0.8889355	0
0	0.002104916	1
0	0.35738263	1
1	0.82396907	1
0	0.014505564	1
1	0.9565689	1
0	0.062489867	0
0	0.107106484	0
0	0.005849082	0
0	0.000935733	1
0	0.07993271	0
1	0.5881657	0
0	0.028744364	0
0	0.048203833	1
1	0.9989329	0
1	0.9496291	0
0	0.02618059	0
1	0.6194962	0
0	0.03335188	0
0	0.039304767	1
0	0.002476131	1
0	0.105583996	0
0	0.11637748	1
1	0.72847104	0
0	0.05408307	1
0	0.003614911	0
1	0.8728719	0
1	0.5639591	0
1	0.43730333	1
0	0.001895445	0
0	0.18296401	0
0	0.014168756	0
1	0.3372149	0
0	0.24669662	0
0	0.022473598	0
1	0.9530853	1
0	0.3496266	0
1	0.9887057	1
1	0.9926621	1
0	0.085811496	0
0	0.098182544	0
1	0.8714622	1
1	0.99629325	0
0	0.008583915	0
0	0.003412549	1
0	0.008032591	0
0	0.09931015	0
0	0.11544486	0
0	0.19696891	1
0	0.1456418	0
0	0.009092007	0
0	0.007381304	1
1	0.99224055	0
1	0.8720966	1
0	0.024823733	0
1	0.73147106	0
1	0.9323817	0
0	0.002579432	0
1	0.9093325	1
1	0.93302876	1
1	0.9784824	1
1	0.5439557	1
0	0.002015989	1
0	0.008207209	0
1	0.9028758	1
1	0.9351379	0
1	0.5776061	0
1	0.83025753	0
0	0.000524992	1
0	0.001513953	1
0	0.005823553	1
0	0.012950427	1
0	0.21055879	1
0	0.04772563	0
0	0.005936141	0
0	0.001383845	0
1	0.74719393	0
0	0.035489548	0
0	0.6967265	0
1	0.98686963	1
0	0.00391847	1
1	0.76630825	1
1	0.97662044	0
0	0.013047559	1
1	0.96768314	0
1	0.7808166	0
0	0.21291076	1
1	0.93618983	1
1	0.46083453	1
0	0.42553928	0
1	0.95862806	0
0	0.003257499	0
1	0.992708	0
0	0.02029714	1
0	0.607753	0
0	0.001611242	1
1	0.3423598	0
1	0.727219	0
0	0.0723929	0
0	0.007177728	0
1	0.9897647	1
1	0.9293561	0
0	0.00379236	0
0	0.053272687	1
0	0.03032702	0
1	0.5744427	1
1	0.64215034	0
0	0.41888943	1
1	0.7150637	1
0	0.008234454	1
0	0.084230684	1
0	0.033746995	1
0	0.033674706	0
1	0.8767234	1
1	0.94096154	1
0	0.10648127	0
0	0.006109619	0
1	0.97520995	1
0	0.062335122	0
0	0.30207783	1
0	0.05518158	1
0	0.007788842	1
0	0.1659824	0
0	0.55279523	1
0	0.1245264	1
0	0.014724581	0
0	0.00212572	1
0	0.8576972	0
0	0.005956496	0
1	0.96039593	1
1	0.9257919	0
0	0.4046376	1
1	0.9849547	1
0	0.034462187	1
0	0.6358261	1
0	0.04942742	1
0	0.008309957	1
0	0.000943136	0
1	0.6939424	1
0	0.007757871	0
1	0.3263942	0
1	0.9452012	0
0	0.9238775	0
0	0.14632839	0
0	0.010583697	0
0	0.081028394	0
0	0.000947318	0
0	0.4403275	1
0	0.61443406	1
1	0.87456334	0
0	0.008872131	0
0	0.02830235	1
0	0.00278154	0
0	0.38385764	1
1	0.97375566	0
0	0.020468498	1
0	0.005760235	1
1	0.56222826	0
0	0.00747159	1
0	0.84386265	1
0	0.29626045	0
0	0.08395182	0
1	0.9832961	1
0	0.12078707	1
0	0.2660441	0
1	0.7070925	0
1	0.9715697	1
0	0.003457346	1
1	0.43240246	0
0	0.008556239	1
1	0.72603196	1
0	0.008156576	1
1	0.96299136	1
0	0.003026668	0
1	0.9654807	0
0	0.017246325	1
1	0.8598261	1
0	0.010731664	0
0	0.022787329	0
1	0.4541139	0
1	0.8734011	1
0	0.008678258	0
0	0.003879124	0
1	0.6477818	1
1	0.96371144	1
0	0.029436192	0
0	0.115086496	0
0	0.34609598	1
1	0.602564	1
1	0.89439255	1
0	0.014199313	0
0	0.002744974	1
0	0.13602795	0
1	0.18976176	0
1	0.9929376	1
1	0.9744757	1
0	0.001858821	1
1	0.8106723	0
0	0.5254473	1
0	0.34896407	1
0	0.122636095	0
0	0.07363425	1
0	0.1628097	0
1	0.5948572	0
1	0.8530619	1
0	0.027495824	0
0	0.029246561	1
0	0.006286047	1
0	0.14541753	1
0	0.68135035	0
0	0.54657835	0
0	0.46515042	1
1	0.8529775	1
0	0.005767676	1
0	0.7165557	0
0	0.012078318	0
0	0.004405581	1
0	0.41070038	0
1	0.64232737	1
1	0.6288444	1
0	0.063654885	1
1	0.8143927	1
1	0.9077194	0
0	0.6544149	0
0	0.005326202	1
1	0.96501577	1
0	0.06102295	0
0	0.18428116	0
0	0.03130856	1
0	0.003930037	1
0	0.02690161	0
0	0.004133532	1
1	0.92693347	0
0	0.000829113	0
0	0.43573338	1
1	0.9686354	0
0	0.001618819	1
0	0.007246105	1
1	0.7894191	1
1	0.9706033	0
1	0.93839675	0
0	0.1289141	1
0	0.42744246	1
0	0.002864021	0
1	0.996407	0
0	0.853541	0
0	0.26769823	0
0	0.001221217	0
1	0.90561014	1
1	0.49035677	0
0	0.070798226	1
0	0.116635576	1
1	0.86711866	0
1	0.67149246	0
0	0.029659577	0
0	0.047354363	1
0	0.04429051	0
0	0.045044918	0
0	0.002670102	1
1	0.897206	1
1	0.9016533	0
0	0.069126904	0
0	0.47621614	0
1	0.862208	1
1	0.97857785	1
0	0.002228869	0
1	0.9534741	0
1	0.44119674	0
1	0.3631207	1
1	0.97698647	1
0	0.050999664	1
0	0.0887121	0
1	0.8266336	0
0	0.00140874	0
0	0.003288852	0
1	0.7869328	1
0	0.002433398	1
0	0.00813501	1
0	0.46861732	0
0	0.92440057	0
1	0.6817105	1
1	0.83782643	0
0	0.27864233	1
0	0.10209328	1
0	0.004117791	1
1	0.995769	0
1	0.3898228	0
0	0.033508793	0
0	0.003125407	1
1	0.89168495	0
1	0.9549704	0
0	0.24583246	0
0	0.005506874	1
0	0.28419456	1
1	0.8269048	1
0	0.005424463	0
0	0.028575724	1
1	0.6575016	1
0	0.004327132	1
0	0.020420406	1
0	0.010006549	0
0	0.001612918	0
0	0.21106458	0
1	0.44928753	1
0	0.15832965	1
0	0.025426375	0
1	0.87589914	1
1	0.77429235	1
1	0.5322259	0
0	0.003120455	0
0	0.00227376	1
1	0.5559484	1
1	0.99176383	0
0	0.042654704	1
0	0.13954745	1
0	0.5080922	1
0	0.015140615	0
0	0.01621783	0
0	0.009249179	1
1	0.43975574	1
0	0.00904371	0
1	0.6525122	1
0	0.14042361	0
1	0.6606444	1
0	0.039578084	0
1	0.7559805	1
1	0.6634582	1
0	0.58771586	0
1	0.026083153	0
1	0.89058053	1
0	0.024306115	0
0	0.109291054	1
0	0.002890242	0
1	0.69502425	1
0	0.004633525	1
0	0.001277129	1
1	0.66792697	1
1	0.98967874	0
0	0.007636447	0
1	0.634999	1
1	0.94029987	1
1	0.31596163	1
0	0.002985364	1
1	0.64612645	0
0	0.002364379	1
0	0.001897084	0
1	0.9541251	0
1	0.529857	0
0	0.003323181	0
1	0.6778743	1
0	0.09932138	1
1	0.9144983	1
0	0.33846232	0
1	0.9615629	0
0	0.065248325	0
1	0.9534997	0
1	0.9813695	0
1	0.42611244	0
0	0.1960106	0
0	0.17620157	1
0	0.4866465	0
1	0.9815398	0
1	0.31002754	1
0	0.00256706	1
0	0.008557113	0
0	0.12926593	0
0	0.9450646	0
1	0.9743893	1
1	0.9966851	0
0	0.004040587	0
1	0.9622071	0
0	0.40670043	0
0	0.48298794	1
0	0.006181388	0
1	0.95486397	0
1	0.44074094	1
0	0.040638782	0
0	0.002031004	0
1	0.6499993	1
0	0.6605884	1
1	0.9690285	0
1	0.9097735	1
0	0.8074236	0
1	0.4535525	0
1	0.94402075	0
0	0.001896351	0
0	0.03625723	0
0	0.000623701	1
1	0.9471313	0
1	0.83491904	1
0	0.06824092	1
1	0.95357597	1
0	0.3753255	0
1	0.96204334	1
1	0.57389015	0
0	0.03199349	1
0	0.010474546	1
1	0.7273646	0
1	0.9976568	1
0	0.11248299	0
0	0.44727364	0
0	0.03980684	1
0	0.5859379	0
0	0.049608633	1
0	0.011857053	1
0	0.6975168	0
1	0.62132394	0
1	0.95981616	0
1	0.9673935	0
1	0.8028481	1
0	0.2095043	0
0	0.27757257	1
1	0.97738475	0
0	0.09645101	0
0	0.004743971	1
0	0.005614271	1
1	0.9539411	0
1	0.74508667	1
1	0.7595973	0
1	0.99557674	0
1	0.97458535	0
0	0.001318164	1
0	0.012114052	0
0	0.002840386	0
0	0.001391864	1
1	0.52080363	0
1	0.69380194	1
0	0.001259749	1
0	0.103665076	0
0	0.14456142	0
1	0.9250793	1
0	0.002131454	0
1	0.94383997	1
0	0.8883637	0
1	0.99731135	1
0	0.12835766	0
1	0.792509	0
1	0.8569362	1
1	0.7925908	0
0	0.004284673	1
0	0.027625179	1
0	0.3112303	1
0	0.62155586	0
0	0.004653071	0
0	0.20588395	0
0	0.003751356	0
0	0.009469763	1
0	0.0476008	1
1	0.15802674	0
0	0.09521131	1
0	0.6029091	1
0	0.111410476	1
1	0.9941924	1
1	0.9940202	0
0	0.004544004	1
1	0.35636747	1
0	0.004812764	1
1	0.9846869	1
0	0.03415964	0
0	0.000855407	0
0	0.005700769	0
1	0.6997749	0
1	0.8962314	1
0	0.003627513	1
1	0.390448	1
0	0.09771647	0
1	0.9296111	0
0	0.17026931	1
0	0.513088	0
0	0.4420534	0
1	0.60850734	0
1	0.69538826	0
0	0.001680536	1
1	0.97537917	0
1	0.95944536	1
0	0.002070277	1
0	0.40668568	0
0	0.045458462	0
1	0.87113154	1
0	0.11133699	0
1	0.9013751	0
0	0.004541925	1
0	0.005123063	0
0	0.07314353	1
0	0.5682728	0
1	0.42888188	0
0	0.5493846	0
1	0.2603033	1
0	0.013818653	1
0	0.001956143	1
0	0.55475026	0
1	0.61963254	0
0	0.47358438	1
0	0.009589088	0
1	0.7421158	0
0	0.006632895	1
0	0.086728975	0
0	0.8570038	0
1	0.8118279	0
0	0.009071324	1
1	0.8196768	1
1	0.97617084	0
0	0.003044121	0
0	0.4347175	0
0	0.058226947	1
0	0.75451726	1
0	0.008425505	1
1	0.7833583	1
0	0.018626442	1
0	0.071482755	0
1	0.99761677	0
0	0.28063172	1
1	0.87110436	0
0	0.62919164	0
1	0.34929875	0
0	0.009638917	1
0	0.009720757	1
0	0.31052193	0
0	0.000796891	1
0	0.024237381	1
1	0.95582134	0
0	0.000968804	1
0	0.0664271	1
1	0.6975713	0
0	0.008875621	1
0	0.007747351	1
0	0.1644904	1
0	0.002644546	1
1	0.73596954	0
0	0.6758413	1
0	0.000752645	1
1	0.9542203	1
0	0.001616808	0
0	0.004822586	1
1	0.9695199	0
0	0.058716953	0
1	0.83890224	0
1	0.97127634	0
0	0.25978613	0
0	0.043163072	1
1	0.93429846	0
1	0.84382224	0
0	0.4498928	0
0	0.008653405	1
1	0.9208301	1
0	0.002055655	0
1	0.30714744	1
0	0.00256053	0
0	0.1223087	1
1	0.6251317	1
1	0.73131484	0
1	0.7602885	1
0	0.006845146	0
0	0.003905144	1
1	0.98040366	1
0	0.049688008	0
1	0.64120275	1
0	0.024691029	1
0	0.007913193	1
0	0.005109721	1
0	0.000600486	1
0	0.00099962	1
0	0.010556284	0
0	0.011167247	1
1	0.817677	0
0	0.006900115	0
0	0.6614288	0
1	0.8166405	1
0	0.013251386	1
0	0.005084117	1
1	0.95470846	0
0	0.22134775	1
0	0.009842204	0
0	0.052338626	1
1	0.70149744	1
0	0.056787066	1
0	0.0006444	0
1	0.83205765	1
1	0.78472704	0
1	0.8165287	1
0	0.048258808	1
0	0.19017449	1
0	0.004708786	0
1	0.78941596	0
1	0.9929554	0
1	0.959658	0
0	0.10791657	1
0	0.029568797	0
1	0.9191559	0
0	0.014095101	1
0	0.003962445	1
0	0.00882003	1
0	0.005810981	0
1	0.33420083	0
0	0.001079117	0
1	0.9137895	1
1	0.9101322	1
1	0.97815293	0
1	0.9970884	0
1	0.6601769	0
1	0.65366626	0
1	0.9972458	1
1	0.770476	0
0	0.002447524	1
1	0.9669111	1
1	0.13483557	0
1	0.7068864	0
0	0.05441589	1
0	0.07995779	1
0	0.011918908	0
0	0.028320307	1
1	0.5553293	0
0	0.003428905	1
0	0.049284656	0
0	0.013768332	0
1	0.49706677	1
1	0.91362494	0
0	0.004330128	0
1	0.71075153	1
1	0.70964986	1
0	0.004392918	0
0	0.004680352	0
0	0.000795307	1
1	0.97844875	1
1	0.99446195	0
1	0.590906	0
0	0.004988765	1
1	0.75658274	0
1	0.89943546	1
1	0.72425723	1
1	0.62513644	1
0	0.006929756	1
0	0.14100589	1
1	0.49645242	1
1	0.52339274	1
1	0.9862808	1
0	0.0627322	1
1	0.43977717	1
0	0.09631759	1
1	0.8886068	1
0	0.004873232	1
1	0.76631737	1
1	0.1330902	0
1	0.98152024	1
0	0.001951155	1
0	0.004774889	1
0	0.003732451	0
0	0.001084771	1
1	0.96210647	0
0	0.017569918	1
0	0.030246075	1
0	0.007638186	1
0	0.50212693	1
1	0.8933076	0
0	0.005474286	1
0	0.06743477	1
1	0.34227276	0
1	0.63089424	0
1	0.9954791	0
1	0.6053438	1
0	0.020280175	1
1	0.68122137	1
1	0.9748268	1
0	0.01693944	1
1	0.9944851	0
1	0.78033644	1
1	0.5695901	0
0	0.4541794	0
1	0.9907865	0
1	0.69389606	0
0	0.06599	1
1	0.9481714	1
1	0.11115364	0
0	0.003251278	1
0	0.005141816	1
1	0.98119307	0
0	0.048445154	0
1	0.4074487	0
0	0.006314275	1
0	0.3644974	1
0	0.005671263	1
1	0.9828011	1
0	0.016497048	1
0	0.008869527	1
1	0.83034176	1
0	0.42330363	1
1	0.711947	1
0	0.08940973	0
0	0.002920103	0
0	0.7791547	0
0	0.060266647	0
1	0.7284527	0
1	0.9711185	0
1	0.979541	1
0	0.82194066	0
0	0.013510631	0
0	0.8804258	0
1	0.9979819	1
0	0.041648123	1
1	0.8797858	1
0	0.003018077	1
0	0.005474771	1
0	0.0069905	1
1	0.9136912	0
0	0.002227218	1
1	0.99681383	0
0	0.28581932	1
0	0.07362427	0
0	0.00346646	0
0	0.00119331	1
1	0.8076326	0
0	0.90637326	0
0	0.010299387	0
0	0.03074215	0
1	0.48104858	1
0	0.047408007	1
0	0.17411849	1
0	0.3813159	0
0	0.09643249	0
1	0.6236292	0
1	0.9176387	0
1	0.9681686	0
0	0.051086955	1
1	0.57811004	1
1	0.970295	0
0	0.011929345	1
0	0.002904829	0
1	0.96672785	0
0	0.021726228	1
0	0.003098897	1
0	0.001600097	1
0	0.01748164	1
0	0.005098623	0
1	0.9116236	1
0	0.33849296	1
0	0.000730114	1
0	0.1701031	0
0	0.001665799	1
0	0.000720807	0
1	0.94502586	1
0	0.05405218	0
0	0.7057333	1
0	0.007867363	0
0	0.000894102	0
1	0.81209934	0
1	0.60551435	0
0	0.00313932	0
1	0.67011374	0
1	0.59746283	0
0	0.44846871	1
0	0.8141246	0
0	0.30707303	1
0	0.005070805	0
1	0.9312677	0
1	0.4934083	0
1	0.7192742	0
1	0.85825366	0
1	0.9766946	1
1	0.72400534	0
1	0.72649556	0
0	0.011473333	0
0	0.326653	1
1	0.995665	1
0	0.013263606	0
1	0.9578583	1
0	0.009050434	1
0	0.047235936	0
0	0.18693426	1
0	0.26823163	1
0	0.003521559	1
1	0.011420621	0
1	0.87396616	1
0	0.5069578	0
0	0.001984352	0
0	0.5089899	0
0	0.020286934	1
1	0.8018819	1
0	0.22015221	1
0	0.7551447	1
0	0.002369755	0
1	0.81696707	0
1	0.8582396	1
0	0.1005026	1
0	0.03419236	0
1	0.7849098	0
1	0.7264619	0
1	0.7931141	0
1	0.96175855	0
0	0.39650542	1
1	0.95593065	1
1	0.001076018	0
0	0.003134307	1
1	0.85816383	0
0	0.004030588	1
0	0.013644047	0
0	0.5150408	1
1	0.7541838	0
0	0.001028205	0
1	0.8239876	1
0	0.027221289	1
1	0.11961208	1
1	0.97524977	0
1	0.9612753	1
1	0.0890632	0
1	0.52295214	0
1	0.8227113	1
0	0.033865012	0
0	0.002716354	1
1	0.99388844	0
0	0.006665527	1
0	0.5559782	0
0	0.17676482	0
1	0.7479364	0
0	0.047957875	0
0	0.00351843	1
1	0.80914867	1
0	0.017219482	0
1	0.97035	1
0	0.010716725	1
1	0.8571141	1
0	0.00146561	1
0	0.032217167	1
0	0.003209882	1
0	0.004373221	0
0	0.33045682	0
1	0.9792893	1
0	0.04172983	1
1	0.9443148	0
1	0.8739974	0
1	0.93050534	1
0	0.03518136	0
0	0.9275634	0
0	0.004412111	0
0	0.3445907	1
1	0.84087235	1
0	0.011046006	0
0	0.0739348	0
1	0.9932494	1
0	0.02082554	1
0	0.73035926	0
1	0.77911437	1
0	0.00895752	0
1	0.9026207	1
1	0.6319303	1
1	0.632988	1
1	0.81345713	1
0	0.33084512	0
0	0.0018688	1
0	0.18000391	0
1	0.95407575	0
1	0.5525341	0
0	0.003265681	1
1	0.9799299	1
0	0.43241897	0
1	0.80760586	1
1	0.88992023	0
0	0.00243025	1
0	0.4036121	1
1	0.8775419	0
1	0.87367517	0
1	0.9777483	0
0	0.004640372	1
0	0.00447526	0
1	0.9436237	1
0	0.00490397	0
1	0.98396367	0
0	0.01435672	0
0	0.117826104	1
1	0.65197384	0
0	0.02201726	0
1	0.8184573	0
1	0.694936	1
0	0.28170544	1
1	0.98475534	0
0	0.26841757	1
0	0.010623403	0
1	0.849265	0
0	0.002130778	0
0	0.06547342	1
1	0.35867798	0
0	0.11480479	0
0	0.014228297	1
0	0.005677217	0
0	0.5968932	0
0	0.2994207	0
1	0.99679095	1
0	0.02167087	0
0	0.036873646	0
0	0.010670462	0
1	0.9947562	1
0	0.04688675	0
1	0.9917282	0
1	0.9688056	1
0	0.44489524	0
0	0.02802618	1
0	0.003489494	1
0	0.014761983	0
0	0.27523297	1
1	0.86739945	1
0	0.00233351	1
0	0.002063525	1
0	0.001972339	1
0	0.000941829	0
0	0.069791146	0
0	0.35389617	0
0	0.08108487	0
1	0.9388681	1
0	0.18501131	1
0	0.002767625	0
0	0.6969145	1
0	0.002040862	0
0	0.15629789	0
0	0.6784364	1
0	0.4144041	1
1	0.86630356	0
0	0.043547887	0
0	0.001449021	0
0	0.09410614	0
0	0.050800946	1
0	0.006221888	1
1	0.99738795	0
1	0.8738045	0
0	0.2889426	0
0	0.005317481	0
0	0.30149442	0
1	0.9867703	0
0	0.017395386	0
0	0.30483654	0
1	0.9561346	0
0	0.000636558	1
0	0.003023475	1
0	0.003944851	1
0	0.004455428	0
1	0.8806061	0
0	0.012600122	0
0	0.09841655	0
0	0.026152438	1
0	0.003667139	1
1	0.9353691	1
0	0.023992058	0
0	0.009204186	1
0	0.004833631	1
1	0.9578142	0
0	0.004494282	0
1	0.96298707	0
0	0.16338098	0
0	0.005232891	0
0	0.057490423	0
1	0.7486052	0
0	0.09737255	0
1	0.8687579	0
0	0.000944746	1
0	0.03858498	1
0	0.011385638	1
1	0.13461316	0
0	0.28650317	1
1	0.921819	0
1	0.96655524	1
0	0.5276268	0
1	0.98486054	1
0	0.08252341	0
0	0.007480373	0
0	0.049794506	0
1	0.9794127	1
0	0.21093139	1
0	0.001643139	1
0	0.00199243	1
0	0.018178187	0
1	0.89151835	1
1	0.81042016	0
1	0.8468058	0
0	0.010149651	0
1	0.8751993	0
1	0.45753762	1
0	0.15249361	0
0	0.014551728	0
1	0.74461305	0
0	0.003555439	1
0	0.6632718	1
0	0.004294516	0
1	0.5085721	1
0	0.030987088	0
1	0.98994523	0
0	0.001416343	0
0	0.5459647	0
0	0.17815813	0
1	0.9191367	1
1	0.8303399	1
1	0.76981944	0
1	0.94715554	0
0	0.00511313	0
0	0.001465161	0
1	0.97586614	0
1	0.33428293	1
0	0.02167585	1
0	0.003925645	1
1	0.5081526	1
0	0.10491044	1
0	0.000560673	0
1	0.9584629	0
1	0.84291065	1
0	0.001279082	1
0	0.055764195	1
1	0.88389397	1
0	0.081406474	0
0	0.14130521	1
1	0.5160208	0
0	0.1542183	1
0	0.054601766	0
1	0.99577785	1
0	0.008382716	1
1	0.98207927	0
0	0.20551875	0
1	0.6843064	0
0	0.007155719	1
0	0.72585917	0
0	0.05434967	1
1	0.966233	0
0	0.0225418	0
0	0.002431301	1
0	0.002482415	0
1	0.94968325	1
1	0.25873476	0
1	0.8923743	1
1	0.8019631	1
0	0.10309308	0
1	0.6733002	1
0	0.002575007	1
0	0.89237565	1
0	0.218598	0
1	0.18651362	0
0	0.001917986	1
0	0.14308104	1
1	0.9879616	1
0	0.5027365	1
1	0.40462098	1
1	0.9178316	1
0	0.33434832	0
1	0.7641596	1
1	0.9963702	0
0	0.056443326	1
0	0.014474656	1
0	0.47786632	0
1	0.9944143	0
0	0.36503068	0
0	0.004730466	1
1	0.8793372	1
0	0.8709052	0
0	0.052204534	0
1	0.9653122	0
1	0.7184247	0
0	0.030577853	1
0	0.015508473	1
1	0.99149126	0
0	0.012703856	1
1	0.8890758	0
0	0.987025	0
0	0.002523219	0
1	0.8003662	1
1	0.9837226	1
0	0.004356875	0
1	0.78156066	1
1	0.92736757	1
0	0.000948469	1
0	0.13185067	0
0	0.003286947	0
1	0.48415533	0
1	0.6932023	1
1	0.98243594	0
0	0.056970406	0
1	0.99867177	1
1	0.96775347	1
1	0.98139864	0
0	0.001774256	0
1	0.72934043	1
0	0.059140395	0
0	0.09929806	1
1	0.9380905	1
1	0.9973767	1
0	0.004899023	1
0	0.021324543	1
1	0.96846783	1
0	0.00612512	1
0	0.001022039	1
0	0.005017945	1
1	0.96431667	0
1	0.94610715	0
0	0.000595481	1
1	0.8674314	0
1	0.86728585	1
1	0.98539263	1
1	0.98439306	0
1	0.9590709	1
0	0.026123835	1
0	0.005032165	1
0	0.003248714	1
1	0.3707749	0
1	0.9735665	0
1	0.752747	0
0	0.003851236	1
0	0.15545413	1
0	0.18142547	0
1	0.9950492	0
0	0.055360615	1
0	0.003387824	1
1	0.57731867	1
1	0.44547132	1
0	0.000640036	0
0	0.71600544	0
1	0.8433338	0
0	0.005140506	1
1	0.96469915	0
0	0.030790137	1
0	0.021419894	1
0	0.005100573	0
1	0.43367237	1
0	0.41605932	0
0	0.003070043	0
1	0.418424	1
1	0.25435582	1
0	0.22194177	1
0	0.015235015	0
0	0.001412323	1
1	0.9127467	1
1	0.9376586	0
1	0.6209749	1
1	0.007313689	0
0	0.3056555	1
0	0.000916442	0
0	0.000610982	1
0	0.002122695	0
0	0.002038979	0
1	0.80737644	1
1	0.78942764	1
0	0.011726777	0
0	0.017457226	1
0	0.35954285	0
1	0.7114788	0
1	0.99211746	0
0	0.006367223	1
1	0.61619705	1
0	0.024470096	1
0	0.06768395	1
0	0.004481291	0
1	0.92065454	1
0	0.043880753	0
1	0.6576404	0
1	0.9568576	1
0	0.04297606	1
1	0.980702	0
0	0.7084143	1
1	0.8329187	0
1	0.9566748	0
1	0.99472517	1
0	0.00071576	1
1	0.928371	0
0	0.003991982	1
1	0.57862955	1
1	0.9896694	0
0	0.011593914	0
0	0.13318653	1
0	0.040454756	0
1	0.9680712	1
0	0.000758305	1
1	0.6789162	0
0	0.005487897	0
0	0.4246177	1
0	0.1266511	1
1	0.63168955	0
0	0.026590131	1
0	0.5694242	0
0	0.11045886	1
0	0.12636408	0
0	0.06451118	1
0	0.05481218	1
0	0.39230153	0
1	0.86921656	1
0	0.021979269	1
1	0.8722471	1
0	0.004768216	1
0	0.4531886	0
0	0.014924319	1
0	0.28116256	0
0	0.001391117	0
1	0.7303704	1
0	0.001566854	0
0	0.03371288	0
0	0.03471929	0
1	0.96933305	0
1	0.6583529	0
0	0.005967164	1
1	0.9319644	1
1	0.99082446	0
0	0.033628047	0
1	0.7524436	1
0	0.039504062	0
0	0.08005015	1
0	0.5501181	0
1	0.87831867	0
1	0.55340165	1
0	0.016804608	1
0	0.65336335	1
0	0.000984824	0
1	0.030311756	0
0	0.41546202	0
0	0.050432164	0
1	0.5972912	0
1	0.98544645	0
1	0.69721234	1
0	0.032341827	1
0	0.07049315	1
1	0.85523367	1
0	0.00581333	0
0	0.00142594	0
0	0.55719763	1
1	0.90010995	1
1	0.7520467	1
0	0.4137256	0
0	0.5638427	1
0	0.012737511	1
1	0.9798963	0
1	0.7457204	1
0	0.002143443	1
0	0.793715	0
0	0.002333196	1
0	0.002750645	0
0	0.058508623	1
0	0.004095895	0
1	0.03983844	1
0	0.79770184	1
1	0.7469341	1
0	0.002148388	1
1	0.5774933	0
1	0.69309735	1
0	0.017879032	0
0	0.012476967	1
0	0.0649862	0
0	0.004015149	0
1	0.8942604	0
0	0.03615802	1
0	0.004376949	1
0	0.000581202	1
0	0.069980845	0
0	0.14494298	0
0	0.16858621	0
1	0.7001382	1
1	0.99510527	1
0	0.27764702	0
1	0.992183	1
0	0.089991495	1
1	0.8504382	0
0	0.001558871	1
1	0.91511863	0
1	0.902525	0
0	0.003613125	0
1	0.98606825	0
1	0.9727585	1
0	0.0038478	1
0	0.07497365	0
1	0.8139753	1
0	0.19202341	0
0	0.04019836	1
0	0.001926159	1
1	0.8943043	0
0	0.09293811	1
1	0.8137248	1
1	0.9661058	1
0	0.03216702	1
0	0.003656067	1
1	0.7934873	0
0	0.029661883	0
0	0.011281599	0
0	0.03731142	0
0	0.011013945	1
0	0.37594795	1
0	0.05277737	1
0	0.00255411	1
1	0.96793747	0
1	0.95010877	1
0	0.8279709	0
1	0.22827128	0
1	0.32493553	1
0	0.014142937	1
1	0.97997916	0
1	0.9826012	1
0	0.17014433	0
0	0.01677365	0
0	0.003161391	1
0	0.005476038	1
1	0.7857656	1
0	0.047565293	0
0	0.01679103	1
1	0.9946201	0
0	0.013050513	1
1	0.9595498	1
0	0.006097805	1
0	0.001744782	0
1	0.6243178	0
1	0.9937338	0
0	0.008021929	1
0	0.007444056	1
0	0.006066814	1
0	0.00667547	1
1	0.49653864	0
0	0.1628776	0
0	0.005101454	1
0	0.015279887	1
0	0.00727112	1
1	0.73594385	1
0	0.34196818	0
0	0.024669915	1
0	0.36502638	0
0	0.08050375	1
1	0.32178745	1
1	0.9833635	1
1	0.9700842	1
1	0.75425076	1
1	0.83121765	1
0	0.011098966	0
1	0.9930306	1
0	0.9096803	0
0	0.001467155	0
1	0.9894979	0
0	0.00522487	0
1	0.8762331	0
0	0.46692738	0
0	0.003301107	1
1	0.98004365	1
1	0.91548616	0
0	0.075739145	0
0	0.38385493	0
1	0.8210548	0
0	0.00644868	1
0	0.011522939	1
1	0.8760399	1
0	0.19982515	1
0	0.012184947	1
1	0.4902303	0
1	0.9782835	1
1	0.47298113	1
1	0.83598876	1
0	0.002211928	0
0	0.001312493	1
1	0.57441986	1
0	0.012173295	1
0	0.004125794	1
0	0.001485805	1
0	0.4633343	0
0	0.010353421	1
0	0.5459916	0
0	0.20719415	1
0	0.299668	1
0	0.001695484	1
1	0.6160978	0
0	0.026748711	1
0	0.08902579	1
1	0.2606695	0
1	0.98438317	1
0	0.27585268	0
0	0.364666	0
1	0.82756025	1
1	0.84218496	1
0	0.10649234	0
0	0.36388242	0
0	0.078640915	1
0	0.002010361	1
1	0.9504783	1
0	0.006885962	1
0	0.77242905	1
1	0.8289933	1
1	0.84227675	1
0	0.029596	0
0	0.2113635	1
0	0.568646	0
0	0.079341866	1
1	0.18972428	0
0	0.06354245	1
0	0.04892382	1
0	0.002153314	1
0	0.010267807	1
0	0.08526226	0
1	0.9623061	0
0	0.32905865	1
0	0.09340826	0
0	0.15384115	0
1	0.93570495	0
1	0.9563534	1
1	0.49939492	1
0	0.43677154	0
1	0.89500374	0
0	0.347291	1
0	0.00287707	0
0	0.001889273	0
0	0.56972194	1
1	0.49641117	1
1	0.980309	1
1	0.98951775	0
1	0.9860687	1
0	0.004145344	1
0	0.004024514	1
0	0.10958347	1
1	0.9893882	1
1	0.8851571	1
0	0.003703565	1
0	0.001017561	1
0	0.029147044	0
0	0.29714674	0
0	0.00064997	0
0	0.35648292	1
1	0.67903364	0
0	0.002920349	0
0	0.008473272	1
1	0.70609325	0
1	0.97715753	0
0	0.07861778	0
1	0.9858986	0
1	0.76725984	1
0	0.4677448	0
0	0.001741039	0
1	0.8947208	0
0	0.012203114	1
1	0.9895558	0
0	0.008299762	0
1	0.9698304	1
0	0.42292696	1
0	0.002800587	0
0	0.7985594	0
0	0.2070776	0
0	0.001948089	1
0	0.0435227	1
0	0.90780085	0
1	0.9707512	0
1	0.7684513	1
0	0.39701298	0
0	0.020219058	1
1	0.9488389	1
1	0.9974445	1
1	0.9211781	0
1	0.24901104	0
1	0.8339158	0
1	0.8280998	1
0	0.006763954	1
1	0.73560905	1
1	0.01248044	0
1	0.78047496	0
1	0.4036529	0
0	0.100973815	1
0	0.015886221	0
0	0.003406554	0
1	0.9862244	1
0	0.52123886	0
0	0.000774534	0
1	0.69590753	0
0	0.002252848	1
1	0.5126747	1
0	0.017871488	0
1	0.8313789	1
0	0.023314884	1
1	0.987377	0
0	0.047266793	0
0	0.13041374	1
1	0.995105	1
1	0.9053373	0
0	0.14670533	1
0	0.20692335	1
0	0.27713436	0
0	0.000560859	0
0	0.11135893	1
1	0.95531523	0
1	0.60935843	1
1	0.44954592	0
1	0.99445146	0
1	0.9710162	1
0	0.001707838	1
0	0.05783722	0
1	0.990324	0
0	0.066215664	1
0	0.047077984	1
0	0.024813917	0
0	0.15956433	1
0	0.040001877	0
1	0.866728	1
1	0.39074633	1
0	0.007143905	0
1	0.9882258	0
0	0.017118605	0
1	0.55011994	0
0	0.011336792	0
0	0.006251966	0
0	0.04801142	0
0	0.02650109	0
0	0.001496054	1
0	0.012822337	1
1	0.11995992	0
0	0.00873919	0
0	0.11025659	1
1	0.747732	1
1	0.8693533	0
0	0.000644503	1
0	0.050036743	0
0	0.087006934	1
0	0.000908764	0
0	0.2747411	0
1	0.9935416	1
0	0.005572437	1
1	0.9753201	0
0	0.011455933	0
1	0.94521326	1
0	0.00409006	1
1	0.6351326	1
1	0.98831046	0
1	0.9851335	0
1	0.99444914	1
0	0.002907354	1
1	0.9651527	0
0	0.00081143	1
1	0.9692816	1
0	0.38113198	0
1	0.92142856	1
0	0.745864	0
0	0.58898515	0
0	0.028290687	0
0	0.003208182	1
0	0.53874385	0
0	0.5218282	1
1	0.93638605	1
0	0.035043348	0
1	0.51986545	1
1	0.9946926	1
0	0.001971882	1
1	0.9913765	1
0	0.002421637	1
1	0.97477776	1
1	0.87731934	0
1	0.4819153	0
1	0.8965386	1
0	0.005599725	0
0	0.10143311	1
1	0.7665273	1
0	0.07784397	1
0	0.10720815	1
0	0.07069588	0
0	0.005874159	1
1	0.8363346	0
0	0.08015308	1
0	0.36908713	1
0	0.013440655	1
1	0.9431651	0
0	0.008872366	0
0	0.009570805	0
1	0.973354	1
1	0.98439264	0
1	0.09582802	0
0	0.010235666	0
0	0.47183546	0
0	0.022404063	0
1	0.87158877	1
0	0.038738463	0
1	0.93737173	1
0	0.001745901	0
1	0.931567	1
0	0.00185582	1
1	0.9510184	1
0	0.002186438	0
1	0.9884986	0
1	0.07190377	0
0	0.87900716	1
0	0.002308223	0
1	0.31495154	0
1	0.6997985	0
0	0.000847284	1
1	0.99837697	0
0	0.000862611	0
0	0.002514901	1
0	0.90506375	1
0	0.02306542	1
0	0.050964776	0
0	0.020303708	0
0	0.08801683	1
0	0.024572928	0
1	0.94461477	0
0	0.001252379	0
1	0.9259826	1
0	0.13041715	0
0	0.003384066	1
0	0.63528	0
1	0.7762631	1
0	0.005481031	1
1	0.8593584	1
1	0.9173136	1
0	0.022330169	1
1	0.92553777	0
0	0.006241014	1
0	0.000614336	1
0	0.065392725	0
0	0.37572145	1
0	0.02257048	1
1	0.60899067	0
0	0.018066438	1
0	0.001699806	0
0	0.002570033	0
1	0.6842626	1
0	0.6549997	1
0	0.12894215	0
1	0.9654084	0
0	0.8115577	0
0	0.14166977	0
0	0.036505606	1
0	0.008183113	0
0	0.42979434	0
0	0.73744875	1
0	0.007032636	0
1	0.69283736	1
0	0.03612293	0
1	0.9721957	1
0	0.026069453	1
1	0.44339576	0
0	0.001619307	0
0	0.006915205	0
0	0.00209283	1
1	0.9454014	0
0	0.014059991	0
0	0.000719423	1
0	0.010748692	0
0	0.003185442	0
0	0.015857106	1
1	0.56040734	0
0	0.018801307	1
0	0.012042774	0
0	0.024907338	1
1	0.41966385	0
0	0.003296941	1
1	0.94289386	0
0	0.480196	1
0	0.014203444	0
0	0.015908705	1
0	0.661358	0
0	0.0399615	0
1	0.5579979	1
1	0.8248769	1
0	0.53096	1
0	0.000716522	1
1	0.9610366	1
1	0.61755	0
0	0.005445575	1
0	0.09602556	0
0	0.002547687	1
0	0.03801834	1
0	0.019896919	0
1	0.8036628	0
0	0.6548281	1
0	0.6282638	0
0	0.6860741	1
1	0.73760813	1
0	0.761882	0
1	0.3001284	0
1	0.45472148	1
1	0.9838892	0
1	0.7585851	1
1	0.77739525	1
0	0.7573608	1
1	0.7393903	0
1	0.8503935	0
1	0.15392274	1
1	0.85828304	1
1	0.629652	1
0	0.018915916	0
0	0.040859282	1
1	0.992324	0
0	0.009861945	1
1	0.9935787	1
1	0.96390134	1
1	0.653905	1
0	0.011872555	0
0	0.003110694	1
0	0.36024466	0
0	0.07177714	1
0	0.014332307	0
1	0.83784866	0
1	0.6118946	1
0	0.002421757	1
1	0.9310608	0
1	0.8514295	0
1	0.80734545	0
1	0.20509535	0
1	0.9776133	0
0	0.12607086	0
0	0.009517998	0
0	0.020443708	1
1	0.8760738	1
0	0.001240319	0
0	0.051370922	0
0	0.001890691	1
0	0.004853446	1
0	0.27145243	0
0	0.2167999	1
0	0.55586815	1
0	0.22111844	0
0	0.81774014	0
0	0.001263733	1
1	0.8098767	0
0	0.69388664	0
0	0.66851693	0
0	0.2971597	1
0	0.22164549	0
0	0.10882396	1
1	0.9267883	0
0	0.005045859	0
0	0.005076226	1
0	0.007206642	0
1	0.78655064	0
1	0.99535	0
1	0.8753482	1
1	0.78470117	1
1	0.96816003	0
0	0.004910431	0
1	0.9172573	0
0	0.23012544	0
0	0.43597305	0
1	0.968845	1
1	0.892581	0
1	0.9913761	1
0	0.005398979	0
0	0.037596714	1
0	0.001203436	0
0	0.002609332	1
0	0.5642658	1
1	0.84678406	1
0	0.066469364	1
0	0.004759467	0
1	0.733652	1
0	0.011052759	1
0	0.00250977	1
1	0.8429658	1
0	0.003511036	0
0	0.047109492	0
1	0.9885804	0
0	0.02572516	1
1	0.9838684	0
0	0.007905945	0
0	0.19578484	1
0	0.16603749	1
1	0.21214174	0
1	0.9532937	1
1	0.98195535	1
1	0.45813408	0
1	0.7305901	1
1	0.67214084	0
1	0.4542412	1
0	0.00506596	0
1	0.97511464	1
1	0.41516232	0
0	0.07160807	0
1	0.85418403	1
0	0.00292417	1
1	0.18880072	0
1	0.9805578	1
0	0.0403549	1
0	0.100225314	1
1	0.7653406	1
0	0.016759202	1
1	0.74807036	1
0	0.001010392	0
1	0.01595034	0
1	0.7096923	1
0	0.10069452	1
0	0.001972281	0
0	0.78704387	0
0	0.022693945	0
0	0.006063655	1
1	0.9176763	1
0	0.52246696	1
0	0.38931152	1
0	0.001129219	0
1	0.54499346	1
0	0.003202413	0
0	0.00251656	0
0	0.002146384	1
1	0.62120473	1
1	0.07630802	0
1	0.8043028	1
0	0.006707414	0
0	0.055253312	1
0	0.3296366	0
0	0.018553779	1
0	0.37136966	0
0	0.004374517	1
1	0.59857196	0
0	0.5083525	1
0	0.0888059	0
0	0.001855059	0
0	0.15407503	1
0	0.104312636	1
1	0.7873165	1
0	0.10927968	0
1	0.5746336	0
1	0.45594612	1
1	0.91670513	0
1	0.9937982	1
1	0.6285924	0
0	0.005792256	1
1	0.60358274	0
0	0.6290797	0
1	0.9133649	1
0	0.9756153	0
1	0.765077	1
1	0.8671198	0
0	0.002266743	1
1	0.14363031	1
0	0.014373227	0
0	0.005071371	1
0	0.5523472	0
0	0.02964681	0
0	0.8761822	0
0	0.09013084	1
0	0.33118114	0
1	0.9534054	1
0	0.53009284	1
0	0.010340662	1
1	0.61551785	0
0	0.004988164	1
1	0.957455	1
0	0.00652135	1
0	0.003134955	0
1	0.96258205	0
0	0.34126884	1
0	0.048186447	1
1	0.66249216	1
1	0.67564434	0
0	0.1551482	0
1	0.025138073	0
0	0.000649891	0
0	0.013164069	1
0	0.003578848	1
0	0.003647706	1
0	0.4754714	1
0	0.000975917	1
1	0.9435574	0
0	0.020838592	1
0	0.009571294	0
0	0.043557055	1
0	0.006742399	1
1	0.9857846	0
0	0.000953244	1
0	0.055740625	1
1	0.88779694	0
1	0.99704534	1
1	0.11493605	0
1	0.9985018	1
1	0.58256936	1
0	0.045221653	0
0	0.003556123	1
0	0.00892164	1
0	0.06364431	0
0	0.000980189	1
0	0.46185365	0
1	0.8027338	1
0	0.006176966	1
0	0.004138389	1
0	0.94652563	0
0	0.2012734	0
1	0.5255876	1
0	0.8647671	0
0	0.012777177	1
0	0.013089657	0
1	0.71362984	1
1	0.8911242	1
1	0.17449999	0
0	0.01466218	0
1	0.9879049	0
0	0.017169127	1
0	0.060219936	1
0	0.094365194	0
1	0.9700392	0
0	0.0750037	0
1	0.5944723	0
0	0.009618165	0
0	0.43166763	0
1	0.37197238	0
1	0.9693737	0
1	0.33101988	1
0	0.11481188	0
0	0.06535817	1
0	0.623316	0
0	0.024829429	0
0	0.000937199	1
0	0.002792619	1
1	0.9543465	0
1	0.98366493	0
0	0.006075414	1
0	0.3175594	1
0	0.24435906	1
1	0.95119965	1
0	0.6320971	0
0	0.05079785	1
1	0.8339169	0
1	0.6487517	0
0	0.001414707	1
0	0.02809965	1
1	0.9298199	0
1	0.66939753	0
0	0.60122854	1
0	0.6218833	0
1	0.79465103	1
1	0.303867	0
1	0.87169003	1
1	0.99154294	1
0	0.014148235	1
1	0.7841045	1
0	0.07667769	1
1	0.98042256	0
1	0.9781714	0
0	0.51915336	0
1	0.8437645	1
0	0.008505711	0
1	0.98492986	0
0	0.3651023	1
1	0.8931781	0
1	0.9657616	0
0	0.007371608	1
0	0.6027751	1
1	0.56489074	0
1	0.99734014	1
0	0.02959299	0
0	0.3944096	1
1	0.47163624	0
1	0.96221715	1
0	0.079250015	0
0	0.048730522	1
1	0.9885655	0
0	0.00593829	1
0	0.002517658	0
0	0.003399734	0
0	0.45575646	0
0	0.006145719	1
0	0.5332021	0
0	0.002113692	0
0	0.13397442	1
1	0.65254194	0
0	0.04751069	0
0	0.41877827	1
0	0.042057853	1
1	0.9965346	0
0	0.011717855	0
1	0.39358726	1
1	0.9519728	1
1	0.86274076	0
0	0.017886853	1
0	0.008860628	0
0	0.06166952	1
0	0.001793173	1
1	0.17593198	1
0	0.007390327	0
1	0.6368384	0
1	0.98527664	1
1	0.9775859	0
0	0.006232553	0
0	0.001187399	1
0	0.010657372	0
0	0.030745886	0
1	0.9453687	0
1	0.964868	0
1	0.95906097	1
0	0.021951197	1
1	0.9881705	0
0	0.48904097	1
0	0.07114428	1
1	0.56365913	0
0	0.04972514	0
0	0.00522425	0
1	0.96525174	1
0	0.27118096	1
0	0.54967576	1
0	0.00059401	1
0	0.015663333	1
1	0.9600675	0
0	0.005805275	0
0	0.46643564	0
0	0.001791645	1
0	0.19374938	1
0	0.026248287	1
0	0.023160499	1
0	0.11493808	1
1	0.7648738	0
0	0.024524542	1
0	0.005453711	0
1	0.9921211	1
0	0.021340521	1
0	0.003727008	1
0	0.081075154	1
0	0.3191244	0
0	0.01897315	0
0	0.052012227	0
1	0.96558493	1
0	0.003154852	0
0	0.003502626	0
0	0.003376133	1
0	0.034556232	1
0	0.025884956	1
0	0.041318845	1
0	0.002645599	1
1	0.9969716	0
0	0.26675582	0
1	0.40669248	1
0	0.03714849	1
0	0.002324049	1
1	0.92521906	1
0	0.12789737	1
0	0.027995588	0
0	0.00856426	1
0	0.56516856	0
1	0.8096985	1
0	0.64449304	0
0	0.16653013	0
1	0.5496234	1
0	0.004564084	0
0	0.32974783	1
0	0.04369351	0
0	0.017460572	0
0	0.04777511	1
0	0.29035753	0
1	0.46674106	1
1	0.76915693	1
0	0.03642173	0
0	0.037055522	0
0	0.000472172	0
0	0.001303211	0
1	0.79234135	0
0	0.45877555	0
1	0.912736	1
1	0.3434469	1
1	0.97814	0
1	0.98454213	0
0	0.09197213	0
0	0.005897428	1
1	0.95341504	0
1	0.815556	1
0	0.001030071	1
0	0.002944579	0
1	0.9245852	1
1	0.99886286	1
0	0.015914485	0
0	0.2688413	1
0	0.12171217	0
0	0.37692565	1
0	0.023172382	1
1	0.47229648	0
0	0.002131013	1
1	0.72593653	1
1	0.8726869	0
1	0.57881594	0
1	0.42174372	0
0	0.13050161	0
1	0.7359288	0
0	0.27121827	1
0	0.007689696	1
0	0.004396327	0
0	0.003075945	1
1	0.99209213	1
0	0.009262599	0
1	0.89071316	0
0	0.03684993	0
0	0.06634135	1
1	0.8338126	0
0	0.251968	1
0	0.014591044	1
0	0.6449783	1
0	0.086215526	0
1	0.97719246	0
1	0.9250695	1
0	0.04268	0
0	0.027164973	1
0	0.007737288	1
1	0.9838345	1
0	0.24761745	0
0	0.5542375	1
1	0.7547934	0
0	0.001399788	0
0	0.026257757	1
0	0.20387647	1
0	0.16494502	0
1	0.59264034	0
0	0.001179233	1
0	0.12741898	0
1	0.7761041	1
0	0.33700654	0
0	0.002644277	1
1	0.8929935	0
0	0.006920911	1
0	0.04130688	1
0	0.13635094	0
1	0.8510428	0
0	0.30396885	0
0	0.001513223	0
0	0.001181388	1
0	0.7591742	1
0	0.00646221	1
1	0.7377824	1
1	0.8565918	0
1	0.83751523	0
0	0.001128157	1
0	0.28864002	0
1	0.8204577	1
1	0.9900624	0
1	0.837677	1
1	0.68528724	0
0	0.00348526	0
0	0.031283855	1
0	0.004142951	1
0	0.002804741	0
0	0.001336506	1
0	0.5283469	1
1	0.09842334	1
1	0.95179766	0
0	0.002010413	1
1	0.7269133	0
1	0.7555788	1
0	0.08414848	1
1	0.98854876	1
1	0.8815695	1
1	0.880476	0
0	0.015855886	0
1	0.91191256	0
0	0.016076975	1
1	0.781602	0
1	0.8879098	0
0	0.07326847	0
0	0.06776096	0
0	0.3506685	0
0	0.006827921	1
1	0.8951971	0
1	0.71868783	1
1	0.9820479	1
0	0.28682813	0
0	0.002817781	0
0	0.002956754	1
0	0.33926165	0
0	0.01053671	1
1	0.9200638	1
0	0.49638668	0
0	0.001489603	0
0	0.016967287	1
0	0.29759008	0
1	0.92106605	1
0	0.4312001	0
1	0.99222094	0
1	0.9403059	0
0	0.002266235	1
1	0.87652016	1
1	0.9807026	0
0	0.059710197	1
0	0.2063015	1
0	0.015152004	0
0	0.167784	1
0	0.8848707	0
0	0.002386223	1
0	0.005466974	1
1	0.9848969	0
1	0.96571	1
0	0.40367198	1
1	0.8529707	0
1	0.67603785	0
0	0.30695543	1
0	0.3868106	1
1	0.6400628	0
0	0.78794616	0
1	0.92525256	1
1	0.826624	0
1	0.97115445	1
0	0.014810817	1
0	0.005462662	1
0	0.03153029	1
0	0.005495338	1
1	0.9655117	0
1	0.716776	0
1	0.77482486	1
0	0.094370365	1
0	0.001620527	1
0	0.17563838	1
0	0.005474529	0
1	0.8586821	0
1	0.9810909	1
1	0.86316305	0
0	0.39785638	1
0	0.002912698	1
1	0.7041479	1
0	0.00388669	0
1	0.953912	1
1	0.65922856	1
1	0.7997389	1
1	0.9552635	0
1	0.8834484	0
1	0.06685881	1
0	0.0763131	1
0	0.039131984	0
0	0.00050037	1
1	0.8936884	1
0	0.006613419	1
1	0.5989995	0
0	0.001425952	1
1	0.99691737	1
0	0.17162466	1
0	0.46158817	0
0	0.006749556	0
1	0.82761157	0
0	0.115432344	0
0	0.4775678	0
0	0.11330674	1
0	0.004696297	1
1	0.9704149	0
1	0.9932214	0
1	0.9453622	0
0	0.035427023	1
0	0.03213323	0
1	0.4693403	1
0	0.2510923	0
1	0.9941521	0
0	0.034688625	0
0	0.00118737	0
0	0.56630415	0
1	0.8757967	1
0	0.033394095	1
0	0.095553026	1
0	0.23625351	1
0	0.003288125	0
0	0.7795062	1
0	0.019679068	0
1	0.9383518	1
0	0.4203913	1
0	0.001227981	1
0	0.001706332	1
0	0.59213036	0
0	0.11888173	0
0	0.50176144	0
0	0.40353686	1
1	0.9400235	1
1	0.9533092	1
0	0.018406063	0
0	0.040476482	1
1	0.8170372	1
0	0.001793812	1
0	0.33133203	0
0	0.003491732	0
1	0.10952725	0
0	0.010381126	0
0	0.007611616	0
0	0.24084412	1
1	0.91382885	0
1	0.35672343	1
0	0.012247117	0
0	0.001122217	1
0	0.005977307	1
1	0.719796	0
1	0.9670544	1
1	0.98037374	0
1	0.9258753	0
1	0.97929937	1
0	0.003380161	1
0	0.003553679	0
1	0.63373697	1
1	0.9806662	1
1	0.7839625	1
0	0.039890856	0
0	0.023235166	1
0	0.6530898	1
1	0.975443	0
0	0.000927643	0
0	0.011888022	0
1	0.77427405	1
0	0.58762306	1
0	0.16374846	1
0	0.45940456	0
1	0.63802403	0
0	0.00657171	0
1	0.64269674	0
0	0.32849425	1
1	0.6629819	1
1	0.81500065	0
1	0.5563319	1
0	0.7283363	0
0	0.004524983	0
1	0.4466266	0
0	0.026510643	0
0	0.002265296	0
0	0.006141741	1
1	0.6757847	0
0	0.059040856	1
0	0.00089296	1
1	0.99294937	1
0	0.2642734	0
1	0.9979804	1
1	0.93373936	1
0	0.105730556	1
1	0.90719885	1
1	0.9944026	0
1	0.95702493	0
1	0.7143745	1
1	0.9703831	0
1	0.8036768	1
0	0.007331154	1
1	0.9821716	1
1	0.9667518	0
0	0.07470616	0
1	0.9618611	0
1	0.6793181	1
0	0.48273274	1
0	0.008166594	0
0	0.030397829	1
0	0.006509948	0
0	0.10003974	0
0	0.007508243	1
1	0.5794823	0
1	0.9381759	0
0	0.23294768	1
1	0.5283128	0
0	0.034098823	0
1	0.9930894	0
1	0.87221247	0
0	0.004210471	1
0	0.000548114	0
1	0.9728889	0
1	0.99545443	1
1	0.96807307	0
0	0.34910607	0
0	0.001834128	0
1	0.6945519	1
0	0.038670074	1
0	0.006918755	1
0	0.07437937	0
0	0.002459884	0
0	0.003116322	1
1	0.90418035	1
0	0.044859402	0
0	0.25494546	0
1	0.9630496	1
1	0.8396754	0
1	0.747083	1
0	0.005287824	0
1	0.29575405	0
1	0.95388806	0
1	0.90052456	1
1	0.66612625	1
1	0.9886568	1
0	0.05968694	0
1	0.87554437	0
0	0.00048037	1
1	0.7733923	0
0	0.014278121	1
0	0.002038341	0
1	0.9805226	1
0	0.074030176	0
1	0.994253	0
0	0.002831411	1
1	0.74316025	0
0	0.033692352	0
0	0.002517704	1
1	0.99326974	0
0	0.16829275	1
0	0.002163898	1
1	0.9961438	0
1	0.46264607	0
1	0.8747745	0
0	0.092259094	1
0	0.004029817	1
0	0.06429486	1
1	0.630797	1
0	0.01937617	0
0	0.5671944	1
0	0.26531276	0
0	0.00500101	0
0	0.14498352	0
1	0.62732667	0
0	0.36500654	0
0	0.14440152	0
0	0.11370363	0
1	0.9969578	0
1	0.954052	0
1	0.95209044	0
0	0.36592308	0
1	0.96392506	0
0	0.19986646	1
0	0.001704287	0
0	0.002416716	0
0	0.09235534	1
0	0.001429946	0
1	0.79525745	1
1	0.6392185	0
1	0.88718694	0
0	0.006110731	1
0	0.0399803	0
1	0.9689864	1
0	0.003879865	1
1	0.60227364	1
1	0.99093926	1
0	0.027672514	1
1	0.49239206	0
1	0.98735374	1
0	0.08402511	1
1	0.69242907	0
1	0.42799956	0
0	0.004549391	0
0	0.009270265	1
1	0.8293559	1
0	0.514806	0
0	0.27544227	0
0	0.050907623	0
0	0.0268795	0
1	0.97237813	1
0	0.002240352	1
1	0.93991804	1
1	0.50718534	0
0	0.002773643	1
0	0.36104408	0
0	0.08086583	1
1	0.9786063	0
1	0.07751849	0
1	0.9911442	1
0	0.014588028	0
0	0.10342852	0
0	0.00840611	1
0	0.007685549	1
1	0.8535499	0
0	0.004159636	1
0	0.3295949	1
1	0.99324316	1
0	0.12902695	0
0	0.63942134	0
1	0.98938376	1
0	0.02155206	1
0	0.34103322	0
1	0.97439235	1
0	0.004332574	0
1	0.6328338	0
0	0.002345058	0
0	0.003863066	1
0	0.22004032	1
0	0.48008534	1
0	0.049489863	0
0	0.022705311	1
1	0.9149458	0
1	0.7840305	1
0	0.06513395	1
0	0.46472624	1
1	0.9930621	1
1	0.85410607	1
1	0.7095313	0
0	0.51642066	0
0	0.3510126	1
0	0.21000099	1
0	0.3668065	0
0	0.003895317	0
1	0.8288308	0
1	0.83649355	1
0	0.13531429	1
0	0.001876145	1
1	0.17879634	0
1	0.91346693	0
0	0.002314642	0
0	0.001278824	1
0	0.00465602	0
0	0.68443674	1
0	0.014651905	1
0	0.056499884	1
0	0.053878963	0
0	0.002460567	1
1	0.9964971	1
1	0.97584677	0
1	0.96513325	0
1	0.8321115	0
1	0.7186613	0
0	0.037819415	1
0	0.001496957	1
0	0.006357341	1
0	0.00506324	1
0	0.10223455	1
0	0.04133358	0
1	0.9628158	1
0	0.1638334	0
0	0.061113734	1
1	0.97770065	0
0	0.001523084	0
1	0.7770503	0
0	0.00160494	1
0	0.035745885	0
0	0.32060272	1
0	0.022540407	1
0	0.554124	0
0	0.13062887	1
0	0.022997841	1
0	0.000884793	1
0	0.006265258	1
1	0.86947256	0
1	0.9196156	1
1	0.9737781	1
0	0.003161387	1
0	0.000963749	1
0	0.009115506	0
1	0.8997151	1
0	0.072347775	0
1	0.7396999	0
1	0.5145384	0
1	0.22600906	1
0	0.2814362	0
1	0.9930294	1
1	0.9364624	0
0	0.026356326	1
0	0.563096	0
0	0.03925093	0
0	0.004080552	0
1	0.9027398	1
0	0.12455054	1
0	0.18404031	1
1	0.9471013	1
0	0.18959373	0
0	0.00584754	0
1	0.9942022	0
0	0.018725688	1
1	0.07382968	1
1	0.938788	1
1	0.54341125	1
0	0.2177255	1
0	0.54072946	0
0	0.03413384	1
0	0.04260381	1
0	0.0433023	0
1	0.6792963	0
0	0.06889204	0
0	0.01334896	0
0	0.06484022	1
1	0.97014195	1
0	0.058006443	0
0	0.000846076	1
0	0.00075405	0
1	0.8242073	0
0	0.00550801	1
1	0.9638839	1
0	0.58100474	1
0	0.09358748	1
1	0.78392506	1
1	0.97287905	0
1	0.99631196	1
0	0.3690864	1
1	0.6792876	0
0	0.014276168	0
1	0.7224617	0
1	0.8663114	0
1	0.9314386	0
0	0.001005177	1
0	0.003576574	1
0	0.008684118	1
1	0.8758885	1
0	0.00816299	0
0	0.002640691	0
0	0.000728428	0
0	0.11892686	0
0	0.11779707	0
0	0.004955232	0
1	0.18453518	1
1	0.9886253	0
1	0.31065914	1
1	0.7880812	1
1	0.98944163	1
1	0.97175086	1
0	0.022356208	1
0	0.005543762	0
1	0.8905973	1
0	0.06413789	1
1	0.7409727	1
0	0.002014719	1
0	0.26819637	0
0	0.27238205	0
0	0.000665984	0
1	0.2386014	1
1	0.4192655	1
1	0.9569267	1
1	0.7622048	1
1	0.91673887	0
1	0.31126198	0
1	0.71876395	0
0	0.007218678	0
0	0.002816781	1
0	0.014977031	0
1	0.3054927	0
0	0.006699457	1
0	0.003471024	1
0	0.032732777	1
0	0.004291624	1
1	0.9437784	1
0	0.47982046	1
1	0.94031274	1
0	0.01363987	1
0	0.000534913	1
0	0.41814223	0
1	0.6649155	1
0	0.08487935	1
1	0.48182124	1
0	0.9643475	1
0	0.034189474	0
1	0.8834798	0
0	0.001844362	1
0	0.014281121	0
0	0.009567304	1
1	0.9703451	0
1	0.6708348	1
1	0.81424963	1
1	0.98228747	0
0	0.005674956	1
0	0.04258268	0
0	0.004074439	0
0	0.19408223	1
0	0.04360697	1
1	0.85968876	0
1	0.7930909	0
0	0.08409653	0
1	0.8567145	1
0	0.31060004	0
1	0.9634788	1
1	0.87774134	0
0	0.053351253	0
0	0.003697702	1
0	0.64794135	0
1	0.88105804	1
1	0.9905144	0
1	0.7092346	0
1	0.35701716	0
0	0.014857819	1
0	0.52610064	1
1	0.86471134	1
0	0.015469282	0
0	0.07732508	1
0	0.016459782	0
0	0.003730637	1
1	0.95189816	0
0	0.010774907	0
0	0.89799887	0
0	0.044886023	0
0	0.016570745	1
0	0.000523934	0
1	0.99416405	0
0	0.36094174	1
1	0.98440254	1
0	0.002116898	1
0	0.002348741	1
1	0.9600128	0
0	0.026316421	1
1	0.6087805	1
0	0.009877659	1
0	0.019651517	0
1	0.9941049	1
0	0.002185949	1
1	0.945305	0
1	0.9150768	0
0	0.004725267	1
0	0.08262298	1
0	0.094299786	0
1	0.99024	0
1	0.85726964	1
0	0.07112401	0
1	0.9880036	1
1	0.94653875	1
0	0.45603868	0
0	0.00474556	1
0	0.38438863	1
0	0.12871614	0
1	0.9852373	0
0	0.28429276	0
0	0.003196139	0
0	0.4970362	0
1	0.907848	1
1	0.86128116	1
0	0.50689596	1
0	0.19548829	0
1	0.97957164	0
0	0.04228996	0
1	0.9894937	0
0	0.007589352	0
1	0.8956168	0
0	0.7156992	0
1	0.9381843	1
0	0.6877139	1
1	0.8206221	0
1	0.7600278	0
1	0.5660336	0
0	0.007168189	1
1	0.68802124	0
0	0.57529396	0
0	0.006924055	1
1	0.8796709	1
0	0.002933744	1
1	0.3044409	0
1	0.04923346	1
0	0.025986815	0
0	0.001014317	1
0	0.008039246	1
0	0.0318905	0
0	0.4010932	1
1	0.77098286	0
0	0.00195055	0
0	0.012979107	1
0	0.009642004	0
0	0.073454864	1
1	0.9734691	1
0	0.019482346	0
0	0.005952796	1
0	0.003082469	1
0	0.8432786	0
0	0.16766658	1
0	0.012912807	1
1	0.98783094	1
0	0.18334469	1
1	0.9737544	0
0	0.008496271	0
0	0.0034416	0
0	0.047919787	1
0	0.006049749	0
0	0.000620976	1
1	0.8904205	1
0	0.02393435	0
1	0.639384	0
1	0.92999357	0
0	0.006028369	0
1	0.9818257	0
1	0.812648	1
0	0.45886296	0
0	0.020077173	0
1	0.9886691	1
0	0.3589406	1
0	0.076386586	1
0	0.5739523	0
1	0.97917604	0
1	0.88752544	1
0	0.02009685	1
0	0.016150651	0
0	0.41539893	0
0	0.24268913	0
0	0.011012184	0
0	0.035191394	0
0	0.000723808	0
1	0.8956437	1
1	0.78116107	1
1	0.92661166	0
1	0.6785945	1
0	0.011850189	0
0	0.07321761	0
0	0.0619866	1
1	0.8701499	1
0	0.011131856	1
0	0.007980935	1
0	0.13495407	1
0	0.006747475	1
1	0.80115074	0
0	0.44474208	1
1	0.3512627	0
0	0.005117566	1
1	0.9898169	0
0	0.012626216	0
0	0.7897363	1
1	0.60746664	0
1	0.9724636	1
1	0.9446812	0
0	0.000918548	0
0	0.007227165	1
1	0.86971074	1
1	0.95504826	0
1	0.9780427	0
0	0.11746537	1
0	0.060391407	1
1	0.44667614	1
0	0.003799271	1
1	0.97409105	1
1	0.47133535	0
0	0.018449223	0
0	0.024826687	1
1	0.913055	0
0	0.19049509	0
1	0.63070464	1
0	0.040233754	0
0	0.004120171	0
0	0.047969643	1
1	0.644268	1
0	0.029837646	1
1	0.28480032	1
1	0.9974246	1
1	0.80045223	0
0	0.005646793	1
0	0.003359497	1
0	0.12250046	1
0	0.0588977	0
0	0.03134819	1
1	0.7825283	0
0	0.03256534	1
0	0.14880204	0
1	0.9963619	1
0	0.6237747	1
1	0.9735329	0
0	0.25858155	1
0	0.29716027	1
1	0.96289474	1
0	0.004774388	1
1	0.7873916	0
0	0.4238187	1
0	0.10474402	1
0	0.006203053	0
0	0.001615953	0
0	0.13398921	1
1	0.7295288	0
0	0.17676802	0
0	0.037809316	0
0	0.01384628	1
0	0.56171983	1
0	0.003657493	1
0	0.012497848	0
1	0.11590884	0
0	0.000724427	1
0	0.010702029	1
0	0.35412	1
1	0.84013563	1
0	0.026329895	1
1	0.9904102	0
0	0.003556302	1
1	0.7849949	0
1	0.591161	1
0	0.1946528	1
1	0.70910245	1
1	0.7004062	0
0	0.004973113	0
1	0.73046005	0
0	0.008731655	0
0	0.002796365	1
0	0.00086122	1
0	0.04284674	1
0	0.061247025	0
0	0.003397592	1
1	0.87138706	0
1	0.9807421	0
0	0.10065149	1
0	0.5273744	0
0	0.003295522	1
0	0.000861499	1
1	0.78353083	1
0	0.023217916	0
1	0.64027166	0
1	0.55141306	0
1	0.92466074	1
0	0.028184317	1
1	0.99317217	0
0	0.34294778	1
0	0.026443448	1
1	0.75416046	0
0	0.001853237	1
1	0.7500738	1
0	0.16371888	1
0	0.036541995	1
0	0.013800355	1
0	0.894588	0
0	0.03538695	0
0	0.014576626	1
0	0.002297471	1
0	0.4005529	0
0	0.1907997	1
1	0.56904554	0
1	0.98299545	1
1	0.7112672	1
1	0.99033445	0
1	0.9738106	1
0	0.021193499	0
1	0.78510946	0
0	0.43066117	0
0	0.001055616	0
0	0.22550812	1
0	0.000662735	0
0	0.005336086	1
0	0.001148087	1
1	0.50756896	0
0	0.68319935	0
1	0.02171876	0
0	0.004195371	0
0	0.39001706	1
0	0.5124206	0
0	0.045288168	0
0	0.47805157	0
1	0.8315352	0
0	0.038982064	1
0	0.000661419	1
1	0.38612753	0
0	0.7077357	1
1	0.878411	0
0	0.20964187	0
0	0.086758286	0
1	0.50421613	0
0	0.120498024	1
0	0.004173674	1
1	0.8578291	0
0	0.19717845	1
0	0.004710974	0
0	0.020514902	1
0	0.04438053	0
0	0.011304867	0
0	0.02480417	0
0	0.13971974	0
0	0.107710265	1
0	0.021590933	0
0	0.5448572	0
1	0.6899534	0
1	0.97329026	0
0	0.000653216	1
1	0.98006594	1
1	0.32916558	1
1	0.8515574	1
1	0.9703509	0
1	0.9952094	0
0	0.001477925	0
0	0.03671283	1
0	0.004387212	0
1	0.96507484	0
1	0.84085596	1
0	0.008811276	1
0	0.056836456	1
0	0.000586351	1
0	0.08450998	1
0	0.84931415	0
1	0.4594559	1
1	0.93498504	1
0	0.004232476	1
0	0.007692342	0
0	0.016314037	0
0	0.003670595	0
0	0.005347127	0
0	0.26876524	0
1	0.763934	0
0	0.6930616	0
1	0.9935504	1
1	0.73246396	0
1	0.9946984	1
1	0.82114196	0
0	0.18809286	1
1	0.98864704	0
1	0.986217	1
1	0.75966245	1
0	0.31905755	1
0	0.70230204	0
0	0.00805046	0
1	0.6995246	0
0	0.25968775	0
0	0.001123133	1
0	0.53235155	1
1	0.8599235	1
0	0.00100197	1
1	0.7104167	0
0	0.33502415	0
0	0.56125295	0
1	0.93258846	1
0	0.110655345	0
1	0.92221564	0
0	0.001106692	1
1	0.70575017	0
1	0.9914486	1
1	0.6027294	1
1	0.9129921	1
1	0.92806894	1
0	0.09505958	0
0	0.09862818	1
0	0.004594594	1
0	0.005798432	1
0	0.96342146	0
1	0.6813283	1
1	0.61630905	1
1	0.9217571	1
1	0.9957009	1
0	0.11830618	0
0	0.007922856	0
0	0.007704322	0
0	0.013061211	0
0	0.6961273	0
0	0.002006288	0
0	0.13944498	0
0	0.075348616	1
0	0.007920773	0
0	0.11512934	0
1	0.9748615	1
0	0.023026561	0
0	0.001839633	1
1	0.5662606	0
1	0.8646239	0
0	0.04391724	0
0	0.007720206	1
0	0.019823322	0
1	0.9678605	1
1	0.97697157	1
0	0.008701219	0
1	0.8000267	0
0	0.0006454	1
1	0.8966551	1
0	0.4951642	0
0	0.21307798	0
0	0.004087973	0
0	0.2886783	1
0	0.5781801	0
1	0.967957	0
0	0.14205533	1
1	0.3531413	1
0	0.014045774	1
1	0.9648333	0
0	0.002519655	1
0	0.000989608	0
1	0.9863485	1
0	0.001829885	0
1	0.7730735	1
0	0.10692827	1
0	0.003877549	1
0	0.4508043	1
1	0.6984442	0
0	0.005287488	1
1	0.45336235	1
1	0.98799187	1
0	0.004310863	0
0	0.069667906	0
0	0.5716193	0
1	0.71589077	1
0	0.000915584	0
1	0.94010586	1
1	0.90858525	0
1	0.91749537	1
0	0.3209236	0
1	0.84613955	0
0	0.19144426	0
1	0.99448216	0
1	0.7528238	1
1	0.046325218	0
1	0.9748077	0
1	0.992623	1
1	0.66353935	0
1	0.9770735	0
0	0.012760485	1
0	0.007759784	1
1	0.9960477	1
1	0.80328447	0
1	0.43202126	1
0	0.021282405	0
1	0.5241159	0
1	0.7903161	1
1	0.8627385	1
0	0.002696527	0
0	0.02007018	1
1	0.99205726	0
1	0.9878352	0
0	0.015019706	0
0	0.5202676	1
0	0.25254545	0
0	0.001916521	0
0	0.60622585	1
0	0.005664026	0
0	0.040235024	1
0	0.13568065	0
0	0.023330405	1
0	0.49766752	0
1	0.8016175	1
0	0.00251067	1
0	0.08311823	0
1	0.39925167	0
1	0.6041058	0
0	0.002365179	0
1	0.7911339	1
0	0.23365842	0
0	0.018504519	0
1	0.85492873	0
0	0.03581432	1
1	0.99638903	1
1	0.9956228	0
0	0.28536177	0
0	0.45967314	1
0	0.006384989	1
0	0.020717327	1
0	0.003863694	0
0	0.042940203	0
0	0.021800961	0
1	0.9937065	1
0	0.07570027	0
1	0.4640479	0
0	0.00057274	1
0	0.39971045	1
1	0.5061654	1
0	0.013532505	0
1	0.9463944	0
0	0.22142561	1
1	0.9926972	0
1	0.6164431	0
1	0.6481054	0
0	0.002443598	0
1	0.9696326	1
0	0.003608121	1
0	0.48164684	0
0	0.094740584	1
1	0.9851296	0
0	0.019810759	1
1	0.98461294	0
1	0.9895906	1
1	0.67940044	0
0	0.003701753	1
0	0.015902922	1
0	0.007841456	0
0	0.90464085	0
1	0.87075293	1
0	0.09982706	1
1	0.8115886	0
0	0.018766694	1
0	0.46500787	1
1	0.7739014	0
1	0.40095565	1
1	0.88531816	1
1	0.6574114	1
0	0.11937077	0
1	0.77379984	1
1	0.9905657	0
1	0.37201896	1
0	0.590027	0
1	0.8209553	0
0	0.010343971	0
0	0.26989442	1
1	0.8657881	1
1	0.9842568	0
1	0.9832601	1
0	0.07969321	1
0	0.7473091	0
0	0.024037674	1
0	0.25210556	1
0	0.000555873	1
0	0.13888623	1
1	0.8947198	1
0	0.11869899	0
0	0.5346694	0
0	0.000854792	1
1	0.8765792	0
1	0.99612147	1
0	0.006929284	1
0	0.1306281	0
1	0.25728393	1
1	0.97663486	1
1	0.8431812	0
1	0.99684626	0
0	0.003093257	0
1	0.7846856	1
0	0.086747624	0
0	0.00235236	1
0	0.006528274	0
0	0.004041093	0
0	0.06328122	1
0	0.005321846	0
1	0.99726737	1
1	0.9603116	0
0	0.004635657	0
0	0.014762455	1
0	0.16567378	1
0	0.022146448	0
0	0.64165103	0
0	0.004335918	1
0	0.010012337	0
0	0.27071866	1
0	0.013056049	0
0	0.006090963	0
0	0.001770086	1
0	0.33886477	0
1	0.8605307	0
0	0.05758915	0
0	0.08885823	0
1	0.35849327	0
0	0.1992152	1
1	0.8043176	0
1	0.9494041	1
0	0.081005104	1
0	0.17621766	1
1	0.9226594	0
0	0.017275501	1
1	0.7047277	1
0	0.025765806	0
0	0.007309014	0
0	0.095574856	1
1	0.99567586	0
0	0.65095	0
0	0.001257618	1
0	0.079404674	0
0	0.015044685	1
1	0.9846336	1
0	0.6316152	1
1	0.95494026	0
0	0.008407594	0
0	0.011100542	1
1	0.7045242	0
1	0.8938617	1
1	0.875601	0
1	0.7193807	1
1	0.71687925	0
0	0.25705364	1
0	0.3396456	1
0	0.4965324	1
0	0.004046465	1
0	0.070832804	0
0	0.43473986	0
1	0.95059204	1
1	0.96834457	1
0	0.45337936	0
0	0.71379906	0
0	0.0035023	0
1	0.6656819	0
1	0.9295566	0
1	0.89987785	1
1	0.6931593	1
0	0.003436144	0
1	0.8955897	0
0	0.32917768	0
0	0.3308683	0
1	0.9374414	1
1	0.9033595	1
1	0.90600395	0
0	0.041086324	1
1	0.939092	1
1	0.9650737	0
0	0.30473724	1
1	0.9565204	0
1	0.820387	0
0	0.10968435	1
0	0.024975972	1
0	0.056562573	1
1	0.9877137	0
0	0.00348678	0
0	0.5357999	0
0	0.001147855	1
1	0.99390584	1
0	0.31298456	1
0	0.005374161	1
0	0.05066415	0
1	0.83584726	1
0	0.002794906	0
0	0.000537726	1
0	0.0009288	1
1	0.9883542	1
0	0.45433664	1
0	0.37346983	0
1	0.95361143	1
1	0.9485343	1
1	0.9987789	1
0	0.47980604	1
1	0.40091518	0
1	0.9709325	1
0	0.017243003	0
0	0.7192413	1
0	0.12057856	1
0	0.002444433	1
0	0.12945622	0
1	0.33913344	0
1	0.9981528	0
1	0.5764792	0
0	0.83023804	0
1	0.98194855	1
1	0.65284127	1
1	0.63163745	1
0	0.006611192	0
0	0.29459238	0
1	0.77863485	0
1	0.2475606	0
0	0.004914832	1
1	0.9847038	1
0	0.030095262	0
1	0.9241072	1
0	0.586044	0
0	0.001272022	1
0	0.17769851	1
0	0.59251064	1
0	0.006256621	1
1	0.7638241	1
0	0.005396187	1
0	0.27626136	0
0	0.010053939	0
1	0.13739198	0
0	0.007332047	1
0	0.013319418	0
1	0.9240652	0
0	0.084428005	1
1	0.67431	0
1	0.88107085	1
0	0.030361263	1
1	0.91733134	0
0	0.003019835	0
0	0.013885269	0
1	0.22538185	1
1	0.79743326	0
0	0.002212898	0
0	0.049119364	1
0	0.474815	0
1	0.9941586	1
0	0.05805607	1
0	0.83449006	0
0	0.005906061	0
0	0.050465286	1
0	0.46395177	1
1	0.9099961	0
1	0.42133933	1
0	0.03339873	1
0	0.1459248	0
1	0.98080724	0
1	0.9817379	1
1	0.9302582	1
1	0.6140009	0
0	0.05554554	1
1	0.48575968	0
0	0.016712703	1
0	0.002232931	1
0	0.27661842	1
0	0.001695812	0
1	0.39668122	0
0	0.8035201	0
0	0.3381575	1
0	0.002953826	1
0	0.001900745	0
1	0.99380714	0
1	0.74078894	1
1	0.9961887	0
0	0.03286762	0
1	0.69706553	0
0	0.961011	0
0	0.04306733	0
0	0.014297945	1
0	0.004369568	0
1	0.8038898	1
1	0.7537815	1
0	0.007593976	1
0	0.01347564	0
0	0.015388084	0
0	0.037476595	0
0	0.004581047	1
0	0.002051219	0
0	0.004364696	0
1	0.888112	0
1	0.70119166	0
0	0.00941701	1
0	0.040736634	1
1	0.99638015	1
1	0.8063817	0
1	0.8815829	1
0	0.6567999	1
1	0.6087921	1
0	0.027653566	0
0	0.001283595	1
0	0.9843106	0
0	0.8070127	0
0	0.3763713	1
0	0.003983887	1
1	0.98509884	1
0	0.16780667	1
0	0.06256544	0
0	0.5859885	0
1	0.8792535	0
1	0.99519414	0
1	0.9968041	0
0	0.014082694	0
0	0.05434674	0
0	0.023299584	1
0	0.51823694	0
1	0.14326759	1
1	0.83850944	1
0	0.005858158	1
0	0.10311513	1
0	0.25288463	1
1	0.93613946	1
0	0.13787727	1
1	0.9923982	0
1	0.97987455	1
0	0.002587433	0
0	0.00197025	1
0	0.047823712	0
1	0.92936474	0
0	0.002979838	1
0	0.043807514	0
0	0.006843545	1
0	0.04711524	1
0	0.010062067	0
1	0.89491886	1
0	0.002406867	1
1	0.41291624	1
0	0.5261062	0
0	0.002681937	1
0	0.012533407	1
0	0.010550648	0
1	0.94987786	0
1	0.85707563	0
0	0.025833322	1
1	0.6883916	0
1	0.7307508	0
0	0.00534483	0
0	0.015588271	0
0	0.19084223	0
0	0.002973052	1
1	0.73628587	1
1	0.7748112	1
0	0.002058215	0
0	0.00079497	0
0	0.026157618	0
1	0.9905137	1
0	0.018581241	0
1	0.6133237	0
0	0.02018612	1
0	0.405681	0
1	0.86159474	1
1	0.16392949	1
1	0.9963516	1
0	0.059700444	1
1	0.9773566	0
1	0.82247454	0
0	0.5707776	1
1	0.9703498	0
1	0.46574563	1
0	0.005605885	0
0	0.11983488	0
0	0.6129209	1
0	0.54873276	0
1	0.842236	0
1	0.48398942	1
1	0.99186736	1
1	0.92829156	0
0	0.012475675	0
0	0.10366393	1
0	0.030503739	0
0	0.45946878	1
0	0.6408689	0
1	0.9861269	1
0	0.408269	1
0	0.013123908	1
0	0.48013964	0
0	0.33393714	1
0	0.003872287	1
1	0.984637	1
0	0.022435997	0
1	0.984021	1
0	0.013322798	0
1	0.8607057	0
0	0.003737646	1
0	0.56322587	1
1	0.62512577	1
0	0.042217743	0
0	0.13224499	0
0	0.098979875	0
0	0.64094937	0
1	0.62962717	1
1	0.8616029	0
0	0.96401423	0
1	0.6618858	1
1	0.9802501	1
0	0.5715057	1
0	0.002939306	1
1	0.11212565	0
1	0.96310115	1
1	0.90478957	0
1	0.7423213	0
0	0.07207017	1
0	0.3693557	0
1	0.95845425	0
0	0.006540882	0
0	0.07582922	0
0	0.002504803	0
1	0.9454457	0
1	0.99704105	0
1	0.5899434	1
1	0.9545814	1
0	0.36137208	0
1	0.96205103	1
0	0.003998312	1
0	0.001116362	0
0	0.004977825	1
1	0.70073736	1
0	0.063061565	0
0	0.0046491	0
1	0.9566577	0
0	0.02844996	1
0	0.015360242	1
0	0.007206536	0
0	0.013399599	0
0	0.010844801	1
0	0.015290874	0
0	0.0212745	1
0	0.016244175	1
1	0.96398365	1
1	0.61062986	1
1	0.9711809	0
1	0.81534445	0
0	0.014773382	0
0	0.010935672	0
1	0.69662154	1
1	0.9791821	1
0	0.027214115	1
1	0.71959794	1
0	0.003126254	1
1	0.6362257	0
1	0.69713664	0
0	0.25269762	1
0	0.006146467	0
1	0.6937635	0
0	0.04935583	1
1	0.9946354	0
1	0.5139285	0
1	0.783081	0
1	0.930361	0
0	0.008478033	1
0	0.004378415	1
1	0.8388487	1
1	0.8501864	0
0	0.07925031	0
0	0.018079858	1
0	0.064499445	1
0	0.004574796	0
0	0.006385468	1
0	0.04773143	1
0	0.03311311	0
1	0.9960521	0
0	0.003416196	0
0	0.08467912	1
1	0.9888359	1
0	0.58318657	0
0	0.23637483	1
0	0.9579787	0
0	0.010040214	1
1	0.53603756	0
1	0.7031466	0
1	0.7242375	0
1	0.62657815	0
0	0.008211802	0
1	0.7593511	0
0	0.000897027	0
0	0.65520716	0
1	0.92722744	0
0	0.018797658	0
1	0.62828356	0
1	0.8949548	0
0	0.038023338	0
0	0.20942013	1
0	0.13187587	1
0	0.005132757	1
0	0.003852517	1
1	0.85669446	1
0	0.76379657	0
0	0.015667472	0
1	0.8584646	1
0	0.003438079	0
0	0.003376507	0
1	0.045927163	0
0	0.004635589	0
0	0.3200562	1
0	0.00251345	1
0	0.021623956	0
1	0.6741572	0
0	0.002026592	0
1	0.97860783	1
0	0.038572602	0
0	0.005442936	0
1	0.006874865	0
1	0.94344485	0
1	0.9940455	1
0	0.023255952	0
0	0.008960454	0
0	0.06604467	1
0	0.02707138	0
0	0.118946046	1
1	0.99005646	0
1	0.8965239	1
1	0.9140513	1
1	0.18814133	1
0	0.04384456	1
0	0.006927345	1
0	0.006454949	0
0	0.4812336	1
0	0.001674638	1
0	0.002295696	0
0	0.000659166	1
0	0.93575025	0
0	0.41612983	0
0	0.052546643	0
0	0.027352711	1
1	0.934758	0
1	0.97044855	1
0	0.005803066	0
1	0.73794067	0
1	0.503317	0
1	0.97912335	1
0	0.058882136	0
1	0.7341977	0
0	0.004027355	1
0	0.000911188	0
1	0.8215755	0
1	0.81167054	0
0	0.22248918	1
0	0.06432332	0
1	0.33458814	1
1	0.9437823	0
0	0.063492596	0
0	0.003281877	1
1	0.72774357	0
0	0.103691086	1
1	0.5516521	1
0	0.002408093	1
0	0.008921067	0
1	0.47470862	1
1	0.9930549	1
0	0.31200907	1
1	0.8458138	0
1	0.5972437	1
1	0.8836475	1
1	0.8276325	1
0	0.000989754	0
0	0.6043855	1
1	0.9785992	1
1	0.55658984	0
0	0.043242995	1
1	0.94274044	0
0	0.006377065	1
0	0.005515469	0
0	0.00086317	0
0	0.1847676	1
0	0.029529354	0
0	0.17666216	1
0	0.026700594	0
0	0.00129403	0
0	0.5123272	1
0	0.4875104	0
1	0.98418945	1
0	0.27778006	1
0	0.014915329	0
1	0.9789908	1
1	0.97903454	0
1	0.8517031	0
0	0.3365583	0
0	0.000990662	0
0	0.0220464	1
0	0.10478466	0
0	0.75268245	0
0	0.001699757	0
1	0.97531223	1
0	0.054854132	0
0	0.6416867	1
0	0.07763584	1
1	0.61883926	1
0	0.07580323	1
0	0.14354998	1
1	0.9495954	1
1	0.9135239	1
0	0.07064727	0
1	0.2646411	1
1	0.9816265	0
1	0.9477508	0
1	0.85339713	1
1	0.2935805	0
0	0.021217596	1
0	0.006366994	0
1	0.60033894	0
1	0.7197821	0
0	0.011047335	1
0	0.23954822	0
1	0.6721683	1
1	0.927486	1
1	0.89256454	1
0	0.022548094	1
1	0.77850664	1
1	0.955733	1
1	0.9927591	0
0	0.025842156	1
0	0.047488283	0
0	0.027466614	0
1	0.6759741	1
1	0.9514557	0
0	0.05542844	0
0	0.008183206	0
0	0.072804905	0
0	0.025331141	0
0	0.5199164	1
1	0.97751504	1
0	0.009397352	1
0	0.12477566	1
0	0.8276511	0
1	0.62621075	0
0	0.004512831	1
1	0.9349043	1
1	0.9214299	1
1	0.87462217	0
0	0.16296035	1
1	0.04100769	0
1	0.9883958	1
1	0.6816399	0
0	0.003275186	1
0	0.13183106	0
1	0.97805154	1
0	0.003672984	0
0	0.004037493	1
1	0.82279086	1
1	0.8258593	0
0	0.74480003	0
0	0.37547836	0
1	0.6643657	0
0	0.020708729	0
1	0.051502384	0
0	0.43745545	0
1	0.44406623	1
0	0.008642442	0
0	0.006640729	0
0	0.6269184	1
0	0.2657266	0
1	0.89458495	1
0	0.82230896	1
1	0.7478816	1
0	0.0680004	0
1	0.8191758	1
0	0.010314855	1
0	0.027975619	0
0	0.33270764	0
0	0.544099	0
1	0.7840014	1
0	0.81097305	0
0	0.021673752	1
1	0.8112656	0
1	0.9221319	0
0	0.02535881	1
1	0.85031456	0
1	0.49520785	1
0	0.001766453	1
1	0.2812938	0
1	0.9486785	0
1	0.8616296	1
0	0.08011879	0
0	0.050230842	1
1	0.8223474	1
0	0.000566671	0
0	0.033328872	0
1	0.68122226	0
0	0.089166634	1
0	0.002060024	0
1	0.96108305	0
0	0.025325892	1
0	0.08678224	0
1	0.8042877	0
1	0.801793	1
1	0.95935744	1
0	0.04205728	0
0	0.73624307	0
0	0.003013876	0
0	0.008387533	1
1	0.86222416	1
1	0.7376683	0
0	0.00257116	1
0	0.00525216	0
1	0.30996427	0
0	0.002713828	0
1	0.8957057	1
0	0.016081763	1
1	0.99790585	1
0	0.042775396	0
0	0.001802112	1
0	0.071857944	0
0	0.006829315	1
1	0.8600471	1
0	0.07252493	0
1	0.5693508	1
1	0.8365495	0
0	0.5471028	1
0	0.001148755	0
0	0.56821054	1
0	0.06711698	1
