1	0.9784371	1
1	0.99759454	0
0	0.04160171	0
1	0.6359972	1
1	0.861979	0
0	0.21323363	0
1	0.67332566	1
0	0.16092177	1
1	0.878883	0
1	0.50781745	0
1	0.9877793	0
0	0.24482107	0
0	0.06306338	0
1	0.9775557	1
0	0.14926983	1
1	0.45139328	0
0	0.26984406	1
0	0.001234776	0
0	0.30253717	1
1	0.80387676	0
0	0.022346105	1
1	0.96877676	1
1	0.64963216	1
0	0.75540614	0
1	0.69895685	1
1	0.13029684	1
0	0.23504765	1
0	0.4654783	0
1	0.9080796	0
1	0.8050992	0
1	0.9810472	1
0	0.06524449	0
1	0.5120299	0
1	0.985546	1
0	0.009111726	0
1	0.7859456	1
0	0.001283672	0
1	0.8743237	1
1	0.34644032	0
0	0.014752872	0
0	0.045917783	0
1	0.9229864	1
1	0.9989189	1
0	0.00102702	0
1	0.99808586	1
0	0.019909123	1
0	0.73217505	1
1	0.8412926	1
1	0.84635586	1
0	0.004545279	1
1	0.4083569	0
0	0.23161367	1
1	0.8314896	0
1	0.9847298	1
0	0.16792007	1
0	0.019386044	1
0	0.047550865	0
0	0.006178579	1
0	0.004476456	0
0	0.020583585	0
0	0.001213128	1
1	0.7940306	0
0	0.001720715	1
0	0.00060741	1
0	0.7924427	1
1	0.77794045	1
1	0.9436122	0
1	0.7286213	1
0	0.492015	1
1	0.9808132	0
0	0.33055082	0
1	0.6389462	0
1	0.9907454	0
0	0.025200116	1
0	0.008329565	1
1	0.6887424	0
0	0.003844923	0
1	0.9541564	1
0	0.025219938	0
0	0.012061358	0
0	0.15698873	1
0	0.030900097	1
1	0.6887757	0
0	0.036722157	1
0	0.020887297	1
0	0.046351578	1
1	0.79472554	1
0	0.016356025	1
1	0.8268887	1
0	0.3070534	0
1	0.95980144	0
0	0.049526773	0
0	0.005014513	1
0	0.027345221	1
1	0.7445139	1
0	0.3288276	1
0	0.007334538	1
1	0.8072194	1
0	0.004321113	1
0	0.6330883	1
1	0.76538074	0
1	0.69964224	1
0	0.39750695	1
0	0.002168791	0
0	0.3916862	0
0	0.004693543	0
0	0.3524082	1
1	0.7935155	0
0	0.013047651	1
0	0.00490193	0
0	0.015850402	1
0	0.7135943	0
0	0.0493303	0
1	0.99748	0
1	0.97742724	0
1	0.85201526	1
0	0.003947482	1
1	0.89248115	0
1	0.9653976	0
0	0.034871314	1
0	0.32669926	0
1	0.8383465	1
1	0.9796465	0
0	0.000742155	0
0	0.000481111	1
1	0.9974602	0
1	0.8842522	1
1	0.98687774	0
0	0.27549216	1
1	0.9800432	0
0	0.34271458	1
0	0.7326192	1
1	0.6676495	0
1	0.9956631	1
0	0.020876564	0
1	0.9653679	1
0	0.007229943	0
0	0.008265948	0
0	0.019873273	1
1	0.98645884	1
0	0.008687887	1
1	0.8606694	0
0	0.023786405	1
0	0.1393299	0
0	0.25715065	1
0	0.22447135	0
1	0.64056903	1
1	0.9986291	0
0	0.008385931	0
0	0.014578749	0
1	0.77536964	0
1	0.9396573	0
0	0.22196409	0
0	0.177386	0
0	0.14333144	1
0	0.000929093	0
1	0.5629654	1
1	0.9970059	0
0	0.000724392	0
1	0.95069915	0
0	0.003887445	0
0	0.01299391	0
0	0.019939613	1
1	0.927741	0
1	0.88644904	1
0	0.013638676	1
1	0.9544756	1
1	0.78519815	1
1	0.9146025	1
1	0.9828122	1
0	0.004769341	1
0	0.04126725	1
1	0.99741757	1
0	0.3456687	1
1	0.98972815	0
0	0.33623913	0
0	0.024457391	0
1	0.99381626	0
1	0.75587857	1
1	0.83693266	0
0	0.035835754	0
1	0.9932433	1
1	0.7044805	0
0	0.001415676	0
1	0.9803069	1
1	0.48315725	0
1	0.6031567	0
0	0.5164361	1
1	0.7761996	0
0	0.013309177	1
0	0.014881695	1
0	0.009440851	0
1	0.8052471	0
1	0.7947046	1
1	0.9787072	0
0	0.010539618	0
1	0.9800111	0
1	0.88131624	1
0	0.006934542	0
0	0.002984083	0
0	0.19006562	1
1	0.4755671	1
1	0.99808156	1
0	0.06735396	1
0	0.6991531	1
0	0.3932031	0
1	0.993343	0
1	0.9266406	1
0	0.003153774	0
1	0.54292953	0
0	0.002605944	1
1	0.9577124	0
1	0.8146442	1
0	0.013371589	1
0	0.01914762	1
1	0.74224514	1
1	0.66966915	1
0	0.62637144	1
0	0.16401008	0
1	0.9920724	1
0	0.08416774	1
1	0.9709227	0
1	0.7848531	1
1	0.5716379	1
0	0.14593248	0
1	0.8795637	0
1	0.8946506	0
0	0.58348364	0
0	0.9040826	0
1	0.8768821	1
0	0.00093038	0
0	0.001053008	1
0	0.003930775	0
0	0.053371523	1
1	0.7766433	0
1	0.9290396	0
0	0.004604593	0
0	0.004178294	1
1	0.69475466	0
0	0.27269	0
0	0.000706919	1
0	0.01883538	0
1	0.7623036	1
1	0.7100834	0
0	0.033091217	1
1	0.96084124	1
0	0.07025758	0
0	0.00669139	0
1	0.99665266	1
1	0.9834653	1
0	0.007476681	1
0	0.001263204	1
0	0.002004094	0
0	0.001541565	0
0	0.97332835	0
1	0.9842642	1
1	0.7433241	1
0	0.051093172	0
0	0.025141684	0
0	0.033353247	0
0	0.022953553	1
1	0.8255694	0
1	0.9768669	0
0	0.020809935	1
1	0.9484257	0
0	0.005811264	1
1	0.9447834	1
0	0.00445087	0
1	0.20960563	1
1	0.96929866	0
0	0.6618285	0
0	0.11660112	1
0	0.78206915	0
1	0.5602573	1
1	0.6724815	0
0	0.003502903	1
0	0.2059383	1
1	0.9790181	0
0	0.007804179	1
1	0.70436037	1
0	0.002622876	0
1	0.5299325	1
0	0.003238565	1
0	0.27642974	0
0	0.284202	0
0	0.326637	0
0	0.29929096	1
0	0.68194246	1
1	0.8588071	1
1	0.82313395	0
1	0.55513227	1
1	0.4396263	0
0	0.5981818	0
0	0.007688765	0
0	0.012711842	0
1	0.3206212	1
0	0.022450447	0
0	0.1656532	1
0	0.09640354	0
1	0.7522343	0
0	0.31372845	1
1	0.40158716	1
1	0.74729145	1
1	0.64515567	1
0	0.007938036	0
1	0.98822314	1
0	0.004590864	1
0	0.43096977	1
1	0.4161684	1
1	0.5977078	0
0	0.00315071	1
0	0.006094324	1
0	0.1970095	0
0	0.059108526	0
0	0.7841241	1
0	0.53243095	0
0	0.014299983	1
1	0.9773266	1
0	0.004955354	0
0	0.016348138	0
0	0.5378707	0
0	0.026074238	0
0	0.008984508	1
0	0.006063551	0
0	0.00437056	0
1	0.94842106	0
1	0.59701246	0
0	0.014561229	1
0	0.011673952	0
0	0.002637912	0
0	0.074952126	0
1	0.7978918	1
0	0.021877782	1
0	0.023687359	0
0	0.55423284	0
0	0.00561018	1
1	0.9746723	0
1	0.99647516	0
1	0.98951066	1
1	0.21030374	0
1	0.0195149	0
0	0.053157322	1
1	0.9957123	0
0	0.030618826	1
1	0.9694677	0
1	0.7578952	0
0	0.008375814	0
1	0.83540773	0
0	0.09359114	1
0	0.6372196	0
1	0.9963546	0
0	0.006610428	0
0	0.49816546	1
0	0.3134108	0
1	0.9188231	0
0	0.40348965	1
0	0.010854396	0
0	0.23687811	1
1	0.9305111	1
1	0.9203792	1
0	0.16055997	0
1	0.7937439	1
0	0.38919523	0
0	0.73450375	0
0	0.6294445	0
0	0.007958892	0
0	0.006606637	0
1	0.011904725	0
0	0.07705886	0
1	0.7625314	0
0	0.7258478	0
0	0.6027064	1
0	0.004650954	0
0	0.060747053	1
0	0.12458205	0
0	0.03674355	0
1	0.9864269	1
1	0.9253921	1
1	0.97133595	0
0	0.029960738	0
0	0.01611282	1
0	0.10545714	1
0	0.01314045	0
0	0.30130738	0
0	0.00300506	1
1	0.95684737	1
0	0.033668287	0
1	0.7451426	0
1	0.9657218	1
1	0.89931667	1
0	0.003445996	1
0	0.001686503	0
0	0.008697022	0
0	0.036520895	1
1	0.9285006	1
1	0.97728026	0
0	0.12329841	1
0	0.010425597	0
1	0.549428	1
1	0.92699885	1
1	0.96164113	0
0	0.01819655	0
0	0.015589426	0
1	0.9894986	1
1	0.94201356	0
0	0.0335398	0
1	0.7090975	1
0	0.09514403	1
0	0.16683802	1
0	0.64852905	0
0	0.003859156	1
0	0.018408539	1
1	0.9979814	0
1	0.98335683	1
0	0.003530068	0
1	0.98736215	1
0	0.41821665	0
1	0.80391955	0
0	0.006789112	0
0	0.021419333	1
0	0.15231033	1
1	0.7256787	1
1	0.99715173	0
0	0.00644369	1
1	0.9960245	0
0	0.5906189	1
0	0.006765806	0
0	0.008453109	1
1	0.8571021	1
1	0.98977214	1
0	0.83115715	0
1	0.75127584	0
0	0.033407196	0
0	0.016055077	0
0	0.0982396	1
1	0.70255744	0
0	0.011251397	0
1	0.83963555	0
1	0.951426	0
1	0.7952932	0
0	0.003037883	1
1	0.64962703	1
1	0.7767772	0
1	0.95526	1
0	0.09092926	0
1	0.63112193	1
0	0.005995872	1
0	0.036142286	0
1	0.75233966	0
1	0.99378395	0
1	0.9927296	1
1	0.051426824	0
0	0.011343785	1
0	0.001053275	0
1	0.7487629	1
0	0.001896892	1
1	0.997666	1
1	0.9929062	0
0	0.005922259	1
1	0.8501597	0
0	0.21822181	1
0	0.007601793	0
0	0.007210935	0
1	0.8434442	0
0	0.12544937	1
1	0.9356114	1
0	0.029249722	1
0	0.004989144	0
0	0.3818989	1
0	0.663318	0
1	0.7463592	1
1	0.9284419	1
0	0.006948525	0
1	0.007346832	0
0	0.05680417	0
1	0.99088895	0
0	0.27295136	1
1	0.80153906	0
1	0.984634	1
0	0.01157062	0
0	0.039620075	1
0	0.5718333	1
0	0.18971527	0
0	0.001848885	1
0	0.008008504	0
0	0.005501917	1
0	0.085113116	1
1	0.6797396	1
0	0.13969487	1
1	0.99279904	0
1	0.8422023	1
1	0.76406574	1
0	0.002078641	0
0	0.008419038	1
0	0.001804186	1
0	0.42125428	0
1	0.99614394	0
0	0.023790896	1
0	0.011100672	1
0	0.009832818	0
0	0.018943131	1
0	0.14332692	0
1	0.98719144	1
1	0.78274876	0
0	0.001308722	1
0	0.2510715	0
1	0.99424404	1
0	0.01530427	0
1	0.8271218	0
0	0.43366364	0
0	0.014873127	1
0	0.9318791	0
1	0.95272106	1
1	0.9491159	0
1	0.99756324	0
0	0.002777999	1
1	0.26359805	0
0	0.00035649	0
0	0.009030682	0
0	0.7965701	1
1	0.95729196	0
0	0.009893374	0
0	0.32239276	1
0	0.008158035	0
1	0.7974326	0
0	0.040650155	0
1	0.71003014	1
0	0.013809404	1
1	0.9526039	0
0	0.00708107	0
1	0.9691756	0
1	0.7912949	0
0	0.004600451	0
1	0.21479139	1
0	0.010109074	0
0	0.6488708	1
1	0.55219215	0
0	0.016432924	0
0	0.20746495	1
0	0.02705148	1
1	0.89585644	1
1	0.91759497	1
1	0.66645247	0
1	0.9238065	1
0	0.1057494	1
1	0.9737891	0
0	0.013791692	1
1	0.74391913	1
0	0.57181287	1
0	0.011180434	0
0	0.020483872	1
0	0.54814005	0
0	0.005690235	1
0	0.026125435	0
1	0.9918006	0
0	0.00081936	0
0	0.001270882	0
0	0.32996398	0
0	0.006427835	0
0	0.01917207	1
1	0.75976753	1
0	0.061896108	1
0	0.003010727	0
1	0.098122984	0
0	0.42593026	1
0	0.009094147	0
0	0.005993244	0
1	0.9956226	0
1	0.76688343	0
1	0.56398284	0
0	0.03716875	0
0	0.044885583	0
0	0.375769	1
1	0.97951424	1
0	0.08929456	0
0	0.039625827	0
0	0.003324876	1
0	0.025258128	0
0	0.11907772	0
0	0.24751964	1
1	0.98106444	0
0	0.031538893	0
0	0.001210393	1
0	0.018214323	0
1	0.4996174	0
1	0.9895494	1
0	0.004875476	0
1	0.98341006	0
1	0.9057536	1
0	0.017007817	1
0	0.0715378	0
0	0.003337767	1
1	0.6850722	1
0	0.003601679	1
0	0.013500708	1
1	0.88319564	0
0	0.00727341	0
0	0.6642272	1
1	0.774925	1
0	0.004357572	1
0	0.13976099	1
1	0.42292365	0
1	0.633714	1
1	0.7124294	0
0	0.013552954	1
0	0.47889596	0
0	0.15991926	0
0	0.007708833	0
1	0.9014363	1
1	0.697436	1
1	0.95630246	1
1	0.74417853	1
0	0.2624898	0
1	0.8876941	0
0	0.12769237	0
0	0.04034595	0
0	0.45602906	0
1	0.27462104	0
1	0.3223154	0
1	0.9507375	0
1	0.9562969	0
0	0.9131233	0
1	0.8048105	1
0	0.08425678	0
0	0.003767282	1
1	0.22165298	1
0	0.006729957	0
1	0.7192196	1
1	0.5562093	0
0	0.016282668	0
0	0.48421425	1
0	0.004242175	0
1	0.8921867	1
0	0.01151586	0
0	0.39639118	1
1	0.46926168	0
1	0.7532392	0
0	0.005117928	1
1	0.6351286	1
1	0.99395543	1
0	0.001422934	0
0	0.09942512	1
0	0.003697245	0
0	0.088821754	0
0	0.020444276	1
1	0.8506958	0
1	0.8180102	0
0	0.18043315	1
0	0.42076212	1
0	0.06454542	0
0	0.007589686	0
0	0.001042609	1
1	0.48852095	0
0	0.69708776	1
0	0.002207677	1
0	0.5446375	0
0	0.00833687	0
1	0.880336	1
0	0.6098955	0
1	0.9774481	1
0	0.001267081	1
0	0.004122966	0
1	0.28362978	0
0	0.001781908	1
1	0.605284	1
0	0.56212354	1
1	0.9861085	1
0	0.08066222	1
0	0.003609419	1
1	0.40638342	0
0	0.48293144	1
0	0.002129214	1
1	0.98024017	0
1	0.7066401	0
0	0.22008078	0
1	0.9616613	1
0	0.00411266	0
1	0.17737843	0
1	0.98925066	1
1	0.86656016	1
0	0.028671747	0
0	0.000762688	1
1	0.99557614	0
1	0.57527876	0
0	0.2573336	1
0	0.000916443	1
0	0.051113207	0
1	0.91796196	0
0	0.008386031	1
0	0.000718993	1
0	0.4960433	0
0	0.029558077	0
0	0.80099785	0
1	0.6690166	1
1	0.8172908	1
1	0.9927769	0
0	0.22191286	1
1	0.99167097	1
1	0.4741032	0
0	0.013662688	0
1	0.8945761	0
0	0.003001528	0
1	0.8848577	1
0	0.007871823	1
0	0.5710808	1
1	0.6702786	1
0	0.008719686	0
0	0.037676685	0
0	0.049811624	0
0	0.000476136	0
0	0.109359175	1
0	0.02851515	0
0	0.011814774	1
1	0.9971149	0
1	0.66742146	0
1	0.58685917	0
0	0.11816384	0
1	0.878944	1
0	0.002480195	0
0	0.5302578	0
0	0.032806017	0
0	0.001048591	0
0	0.005512925	0
0	0.001484157	1
0	0.027117707	0
1	0.88191944	1
0	0.000772793	0
1	0.9934511	0
0	0.003109441	1
0	0.3128398	1
0	0.13831578	1
0	0.017543903	1
1	0.80995184	1
0	0.018392067	0
1	0.73995084	0
0	0.09964984	1
1	0.9985776	0
1	0.7918927	1
0	0.009135655	1
0	0.000712171	0
0	0.2047319	1
1	0.94886994	0
0	0.36723122	0
0	0.04889891	1
0	0.008135464	0
1	0.97462827	0
0	0.13091262	0
0	0.046602488	1
0	0.04263637	1
1	0.8704459	1
1	0.7905946	0
0	0.003242415	0
0	0.012263765	0
0	0.023508303	0
1	0.5634842	0
0	0.008680563	1
1	0.29287633	1
1	0.5195135	0
1	0.99018	1
1	0.997712	0
0	0.001593887	0
0	0.05072085	1
1	0.78327024	0
1	0.97252584	1
0	0.023521349	0
1	0.97849077	1
0	0.004723933	0
0	0.005857189	1
1	0.5989984	1
1	0.9018173	1
0	0.003960765	1
0	0.3869768	1
1	0.84468687	0
0	0.014494375	1
0	0.004508061	1
1	0.5446271	0
0	0.026871337	0
0	0.015032827	0
1	0.65092707	0
0	0.011578804	1
1	0.71672034	0
1	0.7389016	1
1	0.5884052	0
0	0.2084978	0
0	0.010456004	1
0	0.013361489	1
0	0.001402297	0
1	0.9847497	0
0	0.002453833	1
1	0.42803344	0
0	0.009868061	0
0	0.001641316	1
0	0.17287095	1
1	0.9763264	0
0	0.010729259	1
0	0.00872785	1
1	0.98375505	0
0	0.70915043	1
1	0.9796112	0
0	0.028825566	1
0	0.015513156	0
0	0.027208706	1
0	0.005321235	0
1	0.9411011	1
0	0.008077056	1
1	0.70532227	1
0	0.19349375	0
1	0.7911662	1
0	0.002743794	0
0	0.006337258	0
1	0.54785174	0
0	0.002806191	0
0	0.19312222	1
1	0.96607167	1
0	0.001926646	1
1	0.9912499	1
1	0.558957	0
0	0.09522093	1
1	0.9730425	0
0	0.06121536	1
1	0.6516029	0
0	0.16562146	1
1	0.9855621	0
0	0.01102401	0
0	0.058452416	0
0	0.002872597	0
0	0.013252988	0
1	0.974757	0
0	0.009135875	0
1	0.90833884	0
0	0.0094981	1
1	0.118073285	0
0	0.002300711	0
0	0.006170293	0
1	0.78639406	0
1	0.7834041	1
0	0.08765603	0
0	0.26458514	1
0	0.076392554	1
0	0.23932262	1
0	0.011582684	0
0	0.1073635	0
0	0.003045395	1
0	0.006225498	1
1	0.7311672	0
0	0.08092167	1
1	0.99750394	0
0	0.18109787	0
1	0.994662	0
1	0.2718884	1
0	0.017922565	0
0	0.5888655	0
1	0.9658652	0
0	0.002315697	1
0	0.011469997	1
0	0.5257442	1
0	0.007594332	0
0	0.0678234	0
1	0.92371356	1
0	0.14318778	0
1	0.71328	1
0	0.052638616	1
0	0.005050865	0
1	0.8596155	0
1	0.97279966	1
1	0.8083754	0
0	0.015537296	0
1	0.9779514	1
1	0.9322918	1
0	0.017446114	1
0	0.03437249	0
1	0.95902246	1
1	0.8789664	1
1	0.93697447	1
1	0.93759036	1
1	0.97225404	1
1	0.6606463	1
0	0.17877816	1
1	0.8776682	1
1	0.9988073	0
1	0.22830756	0
0	0.11826478	0
0	0.03609668	1
1	0.8966933	1
0	0.004040433	1
1	0.9976718	0
1	0.36154172	0
0	0.35913843	1
1	0.38607427	0
1	0.31220275	1
1	0.5802591	1
0	0.010997803	1
0	0.8534091	0
0	0.007516046	0
0	0.14108893	0
0	0.02121352	1
0	0.09292279	0
0	0.00179641	0
1	0.16685899	0
1	0.5531661	0
0	0.005898571	0
1	0.7935653	0
0	0.012787798	1
1	0.9541379	0
0	0.001508346	0
0	0.007371392	0
0	0.10116348	0
0	0.2925734	1
1	0.9541148	0
0	0.36207595	0
0	0.1870565	1
1	0.997451	1
0	0.002801144	1
0	0.19890541	0
0	0.15614946	1
1	0.61214596	1
0	0.51659715	0
0	0.013627064	0
0	0.061581496	1
0	0.008274536	0
0	0.005648356	0
1	0.9738972	0
0	0.047336962	1
0	0.82176644	1
1	0.9681655	1
0	0.002418212	1
1	0.5010645	0
1	0.9515054	1
1	0.4241222	1
1	0.9209268	1
1	0.98267025	0
0	0.01159181	1
1	0.92714286	0
1	0.73972094	1
1	0.89652365	1
1	0.68914413	1
1	0.58401483	1
0	0.21997602	0
1	0.9935409	0
0	0.00814103	0
0	0.024904964	0
0	0.1437664	0
0	0.05812438	0
0	0.001433735	0
1	0.90212834	0
1	0.96608967	0
0	0.008192472	1
0	0.20773083	0
0	0.006790128	0
0	0.5034229	0
0	0.9658869	0
0	0.003449922	0
0	0.008240988	1
0	0.002004649	1
1	0.32903966	0
0	0.001849205	0
0	0.006360478	1
1	0.89742523	0
0	0.11701948	1
0	0.12746449	0
1	0.8649336	0
1	0.8256733	1
0	0.06640749	1
0	0.005067289	1
1	0.9028943	0
0	0.002123382	0
0	0.001929403	0
0	0.008420686	1
0	0.17773865	1
0	0.010316758	0
0	0.5155438	0
0	0.022299692	1
0	0.1262341	0
0	0.001942199	1
0	0.04759442	1
0	0.78254724	0
1	0.94132686	0
0	0.8678585	0
0	0.04460977	0
0	0.008385567	1
1	0.87283456	1
1	0.8266665	0
0	0.55161583	1
1	0.8838162	0
0	0.022666454	0
0	0.3810592	1
0	0.005310464	0
1	0.84656626	0
0	0.00992238	1
1	0.3486206	0
1	0.99736893	0
1	0.6527287	1
0	0.000576169	1
0	0.014304971	0
0	0.036070056	1
1	0.9392556	1
1	0.94469583	1
0	0.053713404	1
1	0.96272445	0
0	0.020006144	0
0	0.001029191	1
1	0.79510224	0
1	0.756436	1
0	0.15657236	1
1	0.47478232	0
0	0.004606313	1
0	0.005295878	0
1	0.9902085	0
1	0.9045693	0
0	0.031197628	1
1	0.97312206	0
0	0.6174425	1
0	0.020372612	1
1	0.9568443	1
0	0.001494223	0
0	0.057953194	0
0	0.032008607	0
1	0.99389404	0
0	0.02459756	0
1	0.99265057	1
0	0.030045468	0
0	0.68054307	0
0	0.022142727	0
0	0.00994472	1
1	0.9966767	0
0	0.012446019	1
1	0.99323857	1
1	0.9258154	0
1	0.99710315	0
1	0.9550313	1
1	0.9625194	1
0	0.24317543	0
1	0.6647067	0
0	0.004697193	0
1	0.81972784	0
1	0.9841196	0
0	0.615026	0
1	0.8779466	0
0	0.009347965	0
1	0.9648815	0
0	0.003125761	1
0	0.029230434	1
1	0.97069913	1
0	0.002074285	0
1	0.96253246	0
1	0.9847474	1
0	0.005352635	0
0	0.037207507	1
1	0.73258334	1
0	0.042568307	0
0	0.06539609	0
1	0.99633175	1
1	0.7239166	0
0	0.17903379	1
1	0.953664	1
0	0.24031714	0
1	0.9602603	1
1	0.99705505	1
0	0.021624472	1
0	0.014274343	0
0	0.002450156	1
0	0.015997922	0
0	0.011994172	1
0	0.011145301	1
0	0.0433888	0
1	0.5600778	0
0	0.54642004	1
0	0.021939002	1
1	0.9458621	0
0	0.00832962	1
1	0.7178705	0
0	0.17751878	1
1	0.9586908	1
0	0.085962266	1
0	0.344738	1
1	0.97370166	1
0	0.016978893	1
0	0.4163434	1
1	0.9480816	1
1	0.56255585	0
0	0.60266536	1
0	0.012072658	0
0	0.013091499	0
0	0.094035424	1
0	0.14069761	0
1	0.78954273	1
0	0.019003212	0
0	0.07527277	0
1	0.9988912	1
1	0.12443752	0
0	0.014210403	1
1	0.9728617	0
0	0.8116884	0
1	0.5942932	0
1	0.90773314	1
0	0.013994517	1
0	0.71492445	1
0	0.14007823	1
1	0.65084434	0
0	0.003241833	1
0	0.005489606	1
0	0.002064992	0
0	0.025570512	1
0	0.001284068	0
0	0.36758372	1
0	0.018614335	0
0	0.40073046	1
0	0.002587219	1
0	0.8492337	0
1	0.5911741	1
1	0.8785586	1
0	0.85427797	0
0	0.023598664	1
1	0.40202737	0
1	0.79553175	1
1	0.9715917	0
1	0.8126631	1
0	0.30049646	0
0	0.010669127	0
1	0.8970194	0
1	0.91253376	1
0	0.004850247	1
0	0.16796546	0
1	0.98086435	1
0	0.014752528	1
1	0.40459135	1
0	0.3497906	1
1	0.8314486	0
0	0.428395	0
1	0.89681774	1
0	0.008937853	0
0	0.8197523	1
0	0.33906496	1
0	0.005444036	0
0	0.26414305	1
1	0.80894715	1
0	0.32317817	0
1	0.8740888	1
1	0.9762018	0
0	0.041636	0
1	0.9457155	1
1	0.98852813	0
1	0.99868494	0
0	0.47174206	1
0	0.007318284	0
1	0.9733696	1
0	0.31985542	0
0	0.04921872	0
0	0.00108038	0
0	0.004100367	0
1	0.9495766	0
1	0.79468817	1
0	0.063369185	1
0	0.00682936	1
1	0.710918	1
0	0.012910582	1
1	0.80118686	0
0	0.011296614	1
0	0.08897995	0
0	0.11921632	1
0	0.19439723	0
0	0.0535746	0
1	0.018923955	0
0	0.003643656	1
0	0.00456071	0
0	0.04162787	1
0	0.005325061	0
0	0.001798657	0
0	0.002439485	0
0	0.051467802	1
0	0.031210596	0
0	0.01232133	0
1	0.9226657	1
0	0.011829949	0
1	0.9734525	0
1	0.9734924	0
1	0.7137791	1
1	0.99697125	0
0	0.0176514	1
0	0.007287166	1
1	0.9369271	0
0	0.007449546	0
0	0.022197109	0
0	0.002847568	0
0	0.42011076	1
1	0.6871927	0
1	0.96985406	0
0	0.54623026	0
1	0.8861434	0
1	0.9705383	0
0	0.3970043	0
0	0.37383223	1
1	0.8111451	0
1	0.9750735	1
0	0.003776504	0
1	0.9932828	0
0	0.51193774	1
1	0.973723	0
0	0.4759558	0
0	0.008638937	0
1	0.897533	1
0	0.20057254	0
1	0.9825972	0
1	0.8067624	1
0	0.15564099	0
0	0.02326721	1
0	0.00374241	1
0	0.022613918	1
0	0.200733	0
0	0.19554774	1
1	0.9594964	0
0	0.002492998	1
1	0.57799625	0
0	0.0650316	1
1	0.9848492	1
0	0.043868214	0
0	0.005068891	0
0	0.007510112	1
1	0.7750441	1
0	0.25643724	1
1	0.99784756	1
0	0.04072512	0
0	0.65148276	1
0	0.001801041	0
0	0.09850154	1
0	0.12761606	1
0	0.2399343	0
1	0.9544707	0
0	0.003907202	0
0	0.007901245	1
1	0.69032496	1
0	0.7648301	1
0	0.004983667	1
0	0.1974439	0
0	0.002323365	0
0	0.00103607	1
0	0.006163502	0
0	0.96632683	0
0	0.001059997	0
1	0.59250325	1
0	0.26049742	0
1	0.5354345	0
0	0.052048694	1
0	0.14465949	1
1	0.50436103	1
1	0.28096697	0
1	0.98166764	0
1	0.46028295	1
0	0.007352732	1
0	0.025060756	1
1	0.99565744	1
0	0.4470411	1
1	0.79647094	1
0	0.013750899	1
0	0.017427292	0
1	0.33360538	0
1	0.8812211	1
0	0.08596225	1
0	0.005057409	0
0	0.051551543	0
0	0.011536021	0
0	0.9051206	0
1	0.7799049	1
1	0.9549901	1
1	0.9984522	0
1	0.72826016	0
0	0.21641774	0
1	0.7743783	0
0	0.08088601	1
1	0.7399932	1
1	0.9867496	1
0	0.018798353	0
1	0.99661106	1
1	0.68924206	1
0	0.003439187	0
0	0.7206859	0
0	0.643229	1
0	0.02926693	1
0	0.001113233	0
0	0.013600688	0
0	0.09589361	0
0	0.2661186	1
0	0.010346919	0
0	0.1666722	0
0	0.03296083	1
0	0.36901245	0
0	0.4778224	1
1	0.98008305	1
0	0.002903198	1
0	0.016338672	0
1	0.80331445	0
0	0.002636165	0
1	0.9725629	0
0	0.04371746	0
0	0.010616895	1
0	0.00207213	0
0	0.02124235	1
0	0.005659162	0
1	0.97877866	0
0	0.007143397	0
1	0.99358493	1
0	0.015576772	1
0	0.03655194	1
1	0.99730253	1
0	0.18073282	0
0	0.009149347	1
0	0.004563747	0
1	0.7134285	0
0	0.43407276	1
0	0.004093438	1
0	0.055516675	1
1	0.99786454	1
1	0.32455802	0
0	0.27709112	1
0	0.003181771	0
0	0.001277295	1
0	0.001699348	1
1	0.88505816	0
0	0.01919126	1
0	0.34384313	0
0	0.164042	0
0	0.002802859	0
1	0.6580507	0
1	0.15480366	1
1	0.8570874	1
0	0.014911911	1
1	0.98131716	0
0	0.006421564	0
1	0.99673456	0
0	0.003445053	1
0	0.018788377	0
1	0.9729177	1
1	0.8427704	0
1	0.68407845	1
0	0.010268913	0
0	0.00068296	0
0	0.0835725	1
1	0.20874949	0
0	0.005568657	1
1	0.057453915	0
0	0.007454845	0
1	0.22508036	0
0	0.000876097	0
0	0.7632344	0
0	0.010569776	0
0	0.002636772	0
1	0.9901635	0
0	0.049615953	0
0	0.008253495	0
0	0.001507182	1
1	0.97948575	0
0	0.027807403	1
0	0.042817652	1
1	0.6133847	0
1	0.9697972	1
1	0.8489344	1
0	0.012596117	0
0	0.005982284	0
0	0.7491952	0
1	0.9543441	0
0	0.00690547	0
0	0.003625204	1
1	0.981699	0
0	0.004537393	0
0	0.13055535	1
0	0.85420024	0
1	0.9586483	1
0	0.005825867	0
1	0.97604555	0
1	0.8441223	1
1	0.988184	0
1	0.29237208	0
0	0.005800038	1
0	0.032457028	1
1	0.88343483	0
0	0.00812701	0
1	0.33679807	0
0	0.050687477	0
0	0.018030358	1
0	0.16550611	1
0	0.000648062	1
1	0.982733	1
0	0.008408265	0
0	0.27210465	1
1	0.9454645	1
1	0.9626766	1
0	0.023316469	1
0	0.013940718	0
1	0.9283299	0
0	0.0067275	1
1	0.3982838	1
0	0.014142158	0
0	0.026453242	1
0	0.003292878	0
0	0.015105722	0
0	0.005661296	1
1	0.96322984	1
1	0.99588335	1
0	0.18569581	0
0	0.017435344	1
0	0.067596294	1
1	0.5504177	1
0	0.5782344	0
1	0.9887022	0
1	0.9580934	0
1	0.9431847	0
0	0.07880068	1
1	0.9804427	1
0	0.03386427	1
0	0.82381934	0
0	0.03662362	1
0	0.022290794	1
1	0.53399307	0
1	0.7397829	1
1	0.7124756	0
0	0.018522386	1
0	0.15499318	0
0	0.5229611	1
1	0.9864429	1
0	0.010817601	0
1	0.5194015	0
0	0.1336259	1
0	0.42249593	1
0	0.10618953	0
0	0.019943113	1
1	0.8896336	1
0	0.11757117	0
1	0.8912983	0
0	0.017383808	0
0	0.007019163	0
0	0.032458324	0
0	0.006268233	0
1	0.88626295	0
0	0.50225896	0
1	0.8493918	1
0	0.001140746	1
1	0.88159174	1
1	0.9626152	0
1	0.9764312	1
1	0.9427238	1
1	0.8525225	1
1	0.61466557	1
0	0.008559208	1
0	0.001555911	0
1	0.57895386	0
0	0.018044513	0
1	0.81823796	0
0	0.002523804	1
0	0.005722259	0
1	0.97298676	1
1	0.86571795	1
0	0.007399403	1
0	0.81446195	0
0	0.003511001	1
1	0.8601958	1
0	0.19816267	1
0	0.002931882	1
0	0.38371736	0
1	0.9577331	1
0	0.00393658	0
0	0.002449367	1
1	0.8479807	1
0	0.15599677	0
0	0.009722901	0
0	0.029055128	1
1	0.72068375	1
1	0.99322057	0
0	0.48949787	0
0	0.002310875	1
1	0.9714046	0
1	0.975809	0
1	0.8123766	0
1	0.9116866	0
1	0.971307	0
0	0.011114762	0
0	0.003866174	0
0	0.009717154	0
1	0.876649	0
1	0.7916505	0
1	0.9237216	1
0	0.051326245	1
1	0.48585808	0
0	0.012282759	1
0	0.013623295	0
1	0.8875934	1
1	0.58466583	1
1	0.98932767	1
0	0.017916748	0
0	0.6355966	0
0	0.59670925	1
0	0.003041678	0
1	0.5705618	1
1	0.976717	0
0	0.1000623	1
0	0.011373015	1
1	0.44753072	0
1	0.9833482	0
1	0.97835994	0
0	0.28609288	1
1	0.90003306	1
0	0.013196884	1
1	0.64300704	1
0	0.00975692	1
1	0.9370492	0
1	0.3389371	1
0	0.092580445	0
0	0.30851763	0
0	0.009700869	0
1	0.96726716	0
0	0.039770126	1
0	0.6344078	0
1	0.5884143	1
0	0.007790588	0
1	0.8983981	1
1	0.93776554	0
1	0.6799838	1
1	0.4988627	0
0	0.005300459	1
1	0.093175545	0
1	0.9970401	1
0	0.21447557	0
0	0.012172161	1
1	0.9685324	0
0	0.14443491	1
1	0.9985688	0
0	0.062832944	1
0	0.48340365	0
1	0.7438257	0
0	0.001199617	0
0	0.001313537	0
1	0.97495633	1
0	0.010910043	0
0	0.43788671	0
0	0.007552536	1
0	0.04135332	1
0	0.004735594	1
0	0.010220683	0
0	0.000850519	0
1	0.9166992	0
1	0.7083198	1
1	0.9490766	0
0	0.2704631	1
0	0.003929722	0
1	0.82286406	0
0	0.3265623	1
1	0.96177465	0
1	0.90055823	1
0	0.13750805	1
1	0.9979948	1
1	0.26420352	0
1	0.9905997	1
0	0.012016252	0
1	0.95399153	1
0	0.012462441	1
0	0.59405327	0
0	0.017387107	1
1	0.993341	1
0	0.007054406	1
0	0.021586888	0
0	0.35366553	0
0	0.07796636	1
1	0.9732762	1
0	0.3852863	1
0	0.004257994	1
0	0.07077417	0
0	0.003540163	0
1	0.9754657	0
0	0.015662832	1
0	0.003817675	0
0	0.001268106	1
1	0.44378087	1
1	0.7025793	0
0	0.00098659	0
0	0.003702984	0
0	0.00149457	1
0	0.3620865	1
1	0.87501913	1
0	0.14465244	0
0	0.7166635	0
1	0.95835656	1
0	0.004130479	0
0	0.9598768	1
0	0.002433419	0
0	0.17133184	0
0	0.08896776	1
0	0.004665495	1
0	0.002404707	1
1	0.97919595	1
1	0.99790776	1
1	0.97894806	1
0	0.60659796	1
0	0.018751523	1
0	0.001708882	1
1	0.9695711	1
1	0.97836405	0
1	0.89251983	1
1	0.8704543	1
0	0.035361037	0
1	0.49011722	1
1	0.8188022	0
0	0.009253711	0
1	0.9821622	1
1	0.9947606	0
0	0.009098905	0
0	0.037629824	1
0	0.02212014	0
1	0.6127215	1
1	0.82814103	1
1	0.90639865	0
0	0.011762701	0
1	0.7921518	0
0	0.08194891	1
0	0.003383873	1
1	0.9359322	0
1	0.9425015	0
1	0.98067415	0
1	0.09914866	1
0	0.4021832	1
1	0.96276325	1
0	0.07805711	0
0	0.017551146	1
1	0.97325045	1
0	0.020921994	0
0	0.0467697	0
0	0.029862441	1
0	0.001417302	1
0	0.003097006	1
1	0.7992657	1
0	0.011472463	0
0	0.007727515	0
0	0.5989582	0
1	0.99220806	0
0	0.005198178	1
0	0.034835182	0
1	0.7123811	1
1	0.96359366	1
1	0.81143886	0
0	0.012670974	1
1	0.9980956	1
0	0.35078207	1
1	0.95273805	1
0	0.3542707	0
1	0.60599613	0
1	0.63390124	1
1	0.9792612	0
0	0.020728111	0
0	0.056383334	1
0	0.2093384	0
1	0.9660602	1
0	0.027593516	1
1	0.63592815	1
1	0.926083	1
0	0.051512986	0
0	0.004011869	1
0	0.8110456	0
0	0.0736978	1
1	0.99751127	1
0	0.030188825	1
0	0.24137142	0
0	0.2901922	1
1	0.9490751	1
1	0.9847857	0
0	0.001017279	1
0	0.004924342	0
0	0.36291105	1
0	0.04590292	0
0	0.006502591	1
1	0.98672456	1
0	0.06913832	1
1	0.92967373	0
0	0.6379368	0
0	0.25245255	0
1	0.81887394	0
1	0.23220433	0
1	0.9832108	1
1	0.8541362	0
0	0.007135124	1
0	0.003804896	0
1	0.7664508	1
0	0.2526773	1
0	0.3919587	0
0	0.52328324	0
0	0.23656699	1
0	0.08808448	0
0	0.42467505	1
0	0.035330214	1
1	0.996518	0
1	0.9740347	0
0	0.010097457	0
0	0.004047368	0
0	0.7522509	0
1	0.4241036	1
0	0.14478464	1
0	0.25539017	0
0	0.001041747	1
0	0.012273039	1
0	0.60696167	0
0	0.6029536	1
1	0.99662906	1
0	0.007424264	0
0	0.3380905	1
0	0.53557587	0
1	0.7047292	0
0	0.021180091	1
0	0.062348705	0
1	0.88512915	0
1	0.6450238	1
1	0.26087204	0
1	0.89709777	1
1	0.88380027	1
0	0.04597334	1
0	0.015231789	0
0	0.002695752	1
0	0.011860104	1
0	0.002148384	0
1	0.9264738	1
1	0.9904687	1
1	0.9432855	0
0	0.014535476	1
0	0.006764828	0
1	0.6991177	1
0	0.010080722	0
1	0.993382	1
0	0.006526304	1
0	0.028113954	0
0	0.5943077	0
0	0.27870312	1
1	0.7266276	0
1	0.9969386	1
1	0.99337405	1
1	0.90902656	1
1	0.546875	1
0	0.054004833	1
0	0.010249071	1
1	0.8520291	0
0	0.01588714	0
0	0.025357934	1
1	0.95216644	0
0	0.013246466	1
0	0.018245768	1
1	0.9974648	1
1	0.8118036	0
0	0.011564219	0
1	0.9299648	1
0	0.004259826	1
0	0.00235015	0
0	0.030783886	0
0	0.66960824	1
0	0.31319118	0
1	0.2505484	0
0	0.94803566	0
1	0.96863973	1
1	0.6750949	1
0	0.01315312	1
1	0.9958182	1
0	0.32637066	1
0	0.003551483	0
0	0.012355345	1
1	0.8993418	1
0	0.0754367	1
0	0.06438651	0
0	0.003266541	0
1	0.97348773	1
0	0.000763027	1
1	0.65599626	0
1	0.7531011	1
0	0.24991289	0
0	0.1406182	0
0	0.48000073	0
0	0.012823978	0
1	0.9924636	0
0	0.013005785	0
1	0.9869478	1
0	0.11964229	0
1	0.9821654	0
0	0.45388764	1
1	0.97678113	0
0	0.6254325	1
0	0.16489191	1
1	0.9956481	0
0	0.6788267	0
1	0.75417006	1
1	0.89415175	1
0	0.004247422	0
0	0.009142123	1
0	0.002624336	1
1	0.92225325	1
1	0.742753	0
0	0.00595832	0
0	0.062828615	0
1	0.8823291	1
0	0.117216565	0
0	0.002973456	0
0	0.7771874	0
1	0.99820435	0
0	0.96810526	0
1	0.9672289	0
0	0.06675625	0
0	0.003980313	0
1	0.74146533	1
1	0.7709711	0
0	0.013880027	0
0	0.8711136	0
0	0.005012912	0
1	0.73209536	0
1	0.9510818	0
0	0.34917215	0
1	0.9986553	0
1	0.93610674	1
0	0.04756172	0
1	0.97305185	1
0	0.044019513	0
0	0.108658105	1
0	0.25715482	0
0	0.53896284	1
1	0.83545256	1
0	0.7241632	0
1	0.86628693	0
0	0.34422478	1
1	0.5440164	0
0	0.001941842	0
0	0.088904686	1
1	0.5634371	0
0	0.007517604	1
1	0.7520625	0
0	0.57313734	1
0	0.002445946	1
0	0.12092609	1
0	0.8819903	0
0	0.001571465	0
1	0.73914224	1
0	0.03564377	1
0	0.06814416	0
0	0.016204583	1
1	0.8234861	1
0	0.080366455	0
0	0.001848726	0
1	0.9773895	1
1	0.798741	0
0	0.2081243	1
0	0.00636415	0
0	0.25364485	0
0	0.46251345	0
1	0.99697375	1
0	0.06192918	0
0	0.010927917	0
1	0.976102	0
1	0.95864856	1
0	0.010090224	1
0	0.31114557	1
1	0.7966663	0
1	0.9982809	1
0	0.6957882	1
1	0.5880218	1
1	0.55660975	1
1	0.65725714	1
1	0.98753	1
1	0.8258049	1
0	0.73371875	0
0	0.49109662	0
1	0.64372665	1
0	0.44502777	1
1	0.9946576	1
1	0.43485913	0
1	0.9919729	1
1	0.9853939	1
0	0.049709067	0
0	0.28234532	0
0	0.007378119	0
0	0.003101298	0
1	0.9584781	0
0	0.048090182	0
0	0.007265653	0
1	0.53460723	0
0	0.020004166	0
0	0.7170768	0
0	0.7372083	0
1	0.64751905	0
1	0.73378974	1
0	0.077704296	1
1	0.9977762	0
1	0.5649375	0
1	0.4668782	1
0	0.018660313	0
0	0.033696894	1
0	0.6193994	0
0	0.1595006	1
1	0.61814284	0
1	0.93640506	0
0	0.020272199	0
1	0.9689753	1
1	0.2622026	0
0	0.015765408	0
0	0.089481466	1
1	0.7371308	0
0	0.003343215	0
1	0.8107915	0
0	0.44278464	1
0	0.039349873	0
1	0.88017803	1
0	0.028062997	0
1	0.9596778	0
1	0.68451095	0
0	0.020641478	0
1	0.977589	0
0	0.5189527	1
0	0.006442991	0
0	0.02705098	0
0	0.00368898	0
1	0.9986802	0
1	0.9497634	0
1	0.9360794	0
1	0.8795368	1
0	0.044211753	0
0	0.009545743	0
1	0.9365861	1
0	0.013675469	0
1	0.7671516	1
1	0.9282935	1
0	0.0724037	0
0	0.051062033	0
0	0.005869989	0
0	0.2383517	0
0	0.004079483	1
1	0.9603648	0
1	0.97711086	1
0	0.01816071	0
1	0.89645976	1
0	0.01598299	1
1	0.8632378	0
0	0.3465314	1
0	0.020821048	1
0	0.001899579	1
0	0.037782982	0
1	0.90702707	0
0	0.38765383	0
0	0.28469846	0
0	0.003620179	0
0	0.015160709	1
1	0.9894923	1
1	0.99856466	0
1	0.9949713	1
0	0.001507657	0
1	0.94661343	0
0	0.7072034	1
0	0.6213468	0
1	0.7873592	1
1	0.8217504	0
0	0.49556997	0
0	0.001920932	1
0	0.006970628	1
1	0.8366316	0
0	0.007784638	1
0	0.07366656	0
0	0.29833332	1
1	0.7980845	0
1	0.99115	0
0	0.22348729	1
0	0.003949909	0
1	0.7851839	0
0	0.010025064	0
1	0.07915155	0
1	0.87754565	1
1	0.98331696	1
0	0.010619178	1
0	0.006070441	0
1	0.6843118	0
1	0.8031228	1
1	0.9725333	0
1	0.9534361	1
0	0.002152073	0
0	0.05912328	1
1	0.485425	1
0	0.005218299	1
1	0.9983974	1
1	0.84501183	1
0	0.000978969	1
1	0.29968426	1
0	0.00108856	0
1	0.9833508	0
0	0.001764879	1
0	0.001351683	0
0	0.1349439	1
0	0.001507352	0
1	0.7553962	0
0	0.016803686	0
1	0.76520604	0
0	0.005346539	1
1	0.49841753	0
0	0.25420973	0
0	0.009397667	0
0	0.1664228	1
0	0.004551819	1
1	0.9971528	1
0	0.020849966	1
1	0.948503	0
0	0.22888166	1
0	0.003071279	0
1	0.84037876	1
1	0.9333031	0
0	0.08466833	0
0	0.034316078	0
0	0.007770934	1
1	0.96278477	1
0	0.254519	1
0	0.005619605	0
0	0.005542708	0
0	0.001996195	0
0	0.11080964	1
0	0.012919622	1
0	0.014480697	1
0	0.039606113	0
1	0.9479861	0
0	0.33005518	1
0	0.49435294	0
0	0.36972126	0
1	0.6830203	1
0	0.061727542	1
1	0.9370243	1
0	0.14057182	0
1	0.69412476	1
1	0.92681414	0
0	0.03271479	1
0	0.00338622	0
0	0.059415378	1
0	0.009189443	1
0	0.006733186	1
0	0.008253515	0
1	0.73656815	1
0	0.20266105	0
0	0.016956981	0
0	0.008634018	0
0	0.5051249	0
0	0.049752694	0
1	0.9792206	1
1	0.20606917	0
1	0.8038149	0
1	0.26930088	0
0	0.011742015	1
0	0.046781052	1
0	0.017047938	0
1	0.9850374	0
1	0.9874183	1
0	0.2651445	0
1	0.84826577	1
1	0.43824825	0
1	0.7658812	1
0	0.021441868	1
1	0.75908065	1
0	0.004849682	1
1	0.6507395	1
0	0.002038035	0
1	0.80428475	1
1	0.9940408	0
0	0.005355889	1
0	0.014763113	0
1	0.8934475	1
1	0.9029617	1
0	0.094521135	0
1	0.9776588	1
0	0.098087974	0
0	0.12059855	1
0	0.006090377	0
0	0.00353018	0
0	0.67456853	0
1	0.6269046	0
0	0.8387906	0
1	0.9931629	1
1	0.8854044	0
0	0.019953784	0
1	0.9269229	0
0	0.19769132	0
1	0.9857266	1
0	0.4027878	1
0	0.22798756	1
1	0.99032825	0
0	0.22834028	0
1	0.77436346	1
1	0.98655695	1
0	0.49816397	1
0	0.013282734	0
1	0.8236918	0
0	0.00105228	0
1	0.81661576	1
1	0.7872764	1
0	0.48239923	1
0	0.001799318	0
1	0.9627155	1
0	0.7990298	0
1	0.1480274	1
1	0.83107436	0
0	0.008738566	1
1	0.5043271	0
1	0.90639055	0
0	0.004965896	1
0	0.003314071	1
0	0.01972442	0
0	0.012081823	1
0	0.007272572	0
0	0.06284947	0
0	0.015368055	1
0	0.012756029	1
0	0.001912126	1
1	0.7978333	0
0	0.020812286	1
1	0.6943256	0
1	0.9712596	0
0	0.009115364	0
1	0.6480613	0
0	0.06905244	1
0	0.025605146	0
1	0.9961403	1
1	0.78724325	1
1	0.86213905	1
0	0.002104895	0
1	0.8886738	1
1	0.7737449	0
0	0.20691021	1
1	0.9633088	1
1	0.9884871	0
1	0.9173548	1
0	0.016211083	0
0	0.3234303	0
0	0.18491565	0
0	0.26447368	1
0	0.02456894	0
1	0.8706852	1
1	0.39212406	0
0	0.004762822	1
0	0.38357636	1
0	0.25254124	0
0	0.04309232	1
1	0.9889619	0
0	0.30703086	0
0	0.018983044	0
1	0.99731964	0
1	0.784376	1
1	0.7212653	0
0	0.015239638	1
0	0.024362642	1
0	0.46457696	0
0	0.000921608	0
1	0.28715295	1
0	0.021295618	0
1	0.88793457	1
1	0.8925977	1
0	0.005888187	1
0	0.2319619	0
1	0.36495483	0
1	0.947818	0
1	0.668386	0
0	0.006991506	1
1	0.7213646	1
0	0.03153338	0
0	0.13495624	1
1	0.9745029	0
0	0.006506329	1
1	0.029221594	0
0	0.012494188	0
0	0.001011894	1
0	0.55753803	0
1	0.8863161	0
0	0.07647193	1
1	0.96051085	1
1	0.94325924	0
0	0.032439694	0
0	0.08616243	1
0	0.01204699	0
1	0.9961862	0
0	0.38527605	1
0	0.010289088	0
0	0.006668464	0
1	0.95488167	1
0	0.08731261	1
0	0.00091732	1
1	0.17233996	0
1	0.84732145	1
0	0.16659077	1
0	0.12262535	1
1	0.9622107	1
1	0.99756914	1
0	0.6179069	0
0	0.0157002	0
0	0.013767853	0
0	0.002454042	1
0	0.008653254	1
1	0.7577104	1
1	0.67254394	1
0	0.005706169	1
0	0.08090508	0
0	0.02982143	0
1	0.98966026	0
0	0.01133753	1
1	0.8616243	1
0	0.17953163	1
0	0.12794904	0
0	0.002052939	1
1	0.9267894	1
0	0.007635115	0
0	0.4702782	1
0	0.004050022	1
1	0.8273502	0
0	0.35246015	1
0	0.30801466	0
0	0.1443414	0
1	0.92417	0
1	0.81953806	0
0	0.006112567	0
0	0.008579793	0
1	0.9983052	0
1	0.97722024	0
1	0.99496365	0
0	0.004313672	0
0	0.025426783	1
0	0.010602083	1
1	0.76986873	1
0	0.002144625	1
0	0.15869565	1
1	0.75319594	1
0	0.016017472	1
0	0.002105518	1
0	0.7005189	0
1	0.7318711	0
0	0.27349025	0
0	0.5985602	1
0	0.022402992	1
1	0.82642066	1
0	0.009722933	0
1	0.75479555	0
0	0.13443324	0
0	0.019069025	1
1	0.69595057	1
0	0.009953588	1
1	0.8872616	1
0	0.016154084	1
0	0.12511894	0
1	0.86850953	0
0	0.031299084	1
1	0.99299896	0
0	0.19516852	1
0	0.4076072	0
0	0.005258355	0
1	0.63904136	1
1	0.47573146	1
1	0.92506707	0
0	0.003795323	0
1	0.8608309	0
1	0.79146814	1
0	0.24280529	0
0	0.002032781	0
0	0.009855545	0
1	0.9684353	1
1	0.58659863	1
0	0.002812264	1
0	0.7323745	0
1	0.6689936	0
1	0.69683003	1
0	0.1170529	0
0	0.006688598	1
0	0.80363643	0
0	0.04059121	1
1	0.9257296	0
0	0.006660704	0
0	0.72492754	1
1	0.7437512	1
1	0.9957086	1
0	0.016592829	1
1	0.7756227	1
0	0.003761343	1
1	0.85323906	1
0	0.000809353	0
1	0.8219444	0
1	0.9956897	1
0	0.000574078	0
0	0.001026686	1
1	0.6473578	0
0	0.062680535	1
1	0.9374531	0
0	0.1621442	0
0	0.000803917	0
0	0.52258784	0
0	0.006959701	0
0	0.001876281	0
1	0.94292736	0
1	0.79577196	1
0	0.037921075	1
0	0.004634337	1
0	0.35241887	1
1	0.83022827	0
0	0.5112903	1
1	0.8287234	1
0	0.019422073	1
0	0.006925819	0
1	0.95573574	1
1	0.8929649	1
1	0.9486758	0
1	0.22921182	0
1	0.96721375	1
1	0.58064526	0
0	0.001613228	0
1	0.9742537	1
0	0.02155817	1
1	0.011781145	0
1	0.9084178	1
0	0.6290658	0
0	0.013118469	0
1	0.9409216	0
1	0.9819229	1
0	0.028752739	0
0	0.01120825	0
0	0.015443471	1
0	0.8456512	0
0	0.42310593	1
0	0.2300617	1
1	0.939096	1
0	0.016573736	0
0	0.020931166	0
0	0.004563891	0
1	0.9966594	0
0	0.005734146	1
0	0.07447135	0
1	0.032675695	0
0	0.6289885	1
1	0.96002346	0
1	0.9380774	0
1	0.7793458	0
0	0.001034321	1
0	0.00067843	0
1	0.9267282	0
1	0.81755984	1
0	0.06074261	1
0	0.029502528	0
0	0.007999982	1
0	0.25073794	1
1	0.9972283	0
0	0.04529302	0
0	0.03778228	0
1	0.87501264	0
0	0.002648613	0
1	0.93424207	1
1	0.5006902	1
0	0.26085812	1
0	0.09227401	1
0	0.007942081	0
0	0.08804377	1
0	0.005550786	0
0	0.027338875	0
0	0.062188208	1
0	0.105865866	1
0	0.31800687	1
0	0.010720997	0
0	0.004491381	1
1	0.9397158	0
0	0.011250982	1
0	0.024793034	1
0	0.008304551	1
0	0.00469504	0
1	0.9973054	1
0	0.6474062	1
1	0.6215363	0
1	0.60147816	1
1	0.9960664	0
1	0.6709262	0
0	0.00257491	1
0	0.3651903	1
1	0.7480977	1
0	0.00403733	1
0	0.018012421	0
1	0.7087871	0
1	0.9702912	1
1	0.9338516	0
0	0.014027758	0
0	0.100246385	0
1	0.99894124	1
0	0.012485289	0
0	0.018291919	1
1	0.95911604	1
0	0.015815467	0
0	0.010511207	1
1	0.9570954	0
1	0.6228035	1
1	0.54332036	0
0	0.0257148	0
0	0.11408701	0
0	0.002865917	0
0	0.001934025	1
0	0.19877495	1
1	0.79220486	1
1	0.9683659	1
0	0.011676677	0
1	0.97723866	0
1	0.98665154	0
0	0.008262005	0
1	0.9453426	1
1	0.8913929	1
0	0.02725329	0
1	0.97035325	1
0	0.7792971	1
0	0.0717512	1
0	0.02718806	0
0	0.36960337	0
0	0.17796597	1
1	0.97798264	1
0	0.0336366	1
1	0.99786264	1
1	0.899691	1
0	0.52531564	0
1	0.23268017	0
1	0.35104084	0
1	0.41911718	1
1	0.98087287	0
0	0.522725	1
0	0.040953398	1
0	0.023514215	1
0	0.9049688	0
0	0.09928647	1
1	0.080887064	0
1	0.9765099	1
1	0.74465585	0
0	0.008459522	1
0	0.09888315	1
0	0.48682973	0
1	0.94308245	0
0	0.03003315	0
0	0.5266216	1
0	0.003522394	0
0	0.2873462	0
1	0.9679518	0
0	0.005383827	1
0	0.08308801	0
0	0.009888965	1
0	0.051299006	1
1	0.9753718	0
1	0.9982185	0
0	0.003364413	0
0	0.006023239	1
1	0.92971456	0
0	0.004775837	1
0	0.010414823	0
0	0.19467263	0
0	0.09983648	1
1	0.89537233	0
0	0.41467658	1
1	0.18351254	0
1	0.9649644	0
1	0.9976597	0
0	0.008145701	0
0	0.015062029	0
0	0.5891572	0
0	0.017075608	1
0	0.01600115	0
1	0.94829017	0
1	0.98344064	1
1	0.89741623	1
1	0.9099983	0
0	0.005821988	0
0	0.00584468	0
0	0.019192021	1
0	0.006891433	0
0	0.6844292	0
1	0.954019	1
1	0.99204445	0
0	0.0887027	1
0	0.001359436	0
0	0.82574	1
0	0.001766699	1
1	0.11954836	0
1	0.8650398	1
0	0.05608141	1
1	0.9839834	1
0	0.42283344	0
0	0.005157639	1
0	0.27974606	0
1	0.8372335	1
0	0.017025156	1
0	0.24360923	1
1	0.98423785	0
0	0.33443537	1
0	0.15692511	1
1	0.539861	1
1	0.8828241	1
0	0.6854757	1
0	0.18788138	0
0	0.3690977	0
0	0.016545936	1
0	0.3263033	0
0	0.7291786	0
0	0.011119129	1
0	0.00755976	1
0	0.023271777	1
0	0.38016453	0
0	0.038654648	0
0	0.001403438	1
0	0.41062018	1
0	0.03793009	0
0	0.025454655	0
0	0.005175088	1
1	0.8684665	1
1	0.9021591	1
0	0.08812033	1
1	0.8613055	0
0	0.001611848	1
0	0.013782486	1
0	0.8335869	1
0	0.63689506	1
1	0.9520608	0
1	0.97873086	1
0	0.051484708	1
1	0.94280314	0
1	0.9612095	1
0	0.011383776	1
0	0.000849274	1
1	0.80679464	0
0	0.011127243	0
0	0.09034375	0
1	0.985145	0
0	0.93715733	0
1	0.989414	1
1	0.8092046	1
1	0.6467702	1
0	0.9155673	1
0	0.2363893	1
0	0.024149535	1
1	0.9101606	0
1	0.5910485	0
0	0.018082302	0
0	0.00782002	0
0	0.028164348	1
1	0.7368998	1
1	0.9309688	0
0	0.004912135	0
0	0.03016849	1
1	0.683422	1
0	0.004874479	1
1	0.99790037	0
0	0.014405552	1
0	0.33590686	0
1	0.013041182	1
0	0.003797378	0
0	0.045541152	0
0	0.032955464	0
1	0.7047355	1
0	0.08941889	0
0	0.020440474	1
1	0.2715995	0
0	0.11780891	1
0	0.070178084	0
1	0.89927834	0
1	0.9195641	1
1	0.49983567	0
0	0.005010638	0
0	0.00717283	1
0	0.001355405	1
0	0.13173313	0
0	0.02124366	1
0	0.012237257	0
0	0.25946504	1
1	0.2730769	1
0	0.006209311	0
1	0.99300474	1
0	0.4381132	1
1	0.5517172	0
0	0.72144794	1
1	0.80368036	0
0	0.7320198	0
0	0.002878136	1
1	0.9712133	0
0	0.001028244	0
1	0.72703516	1
0	0.006293387	1
0	0.5248669	0
0	0.07482608	0
0	0.030336043	1
1	0.9567916	1
1	0.8907246	1
0	0.21933389	0
0	0.15443148	0
1	0.99328095	1
0	0.5104927	1
1	0.9595261	1
0	0.063801385	0
1	0.65247715	0
1	0.8560812	0
0	0.7039079	0
0	0.61135894	1
0	0.2999541	1
0	0.6350614	0
1	0.9808529	1
0	0.556542	0
1	0.8158396	1
1	0.9176195	0
1	0.91688406	1
0	0.002468407	0
0	0.31273878	0
0	0.023959866	1
0	0.00197448	0
0	0.009630687	0
1	0.5828858	0
0	0.09733724	1
1	0.77299285	0
0	0.26949885	0
1	0.9740685	0
1	0.9846578	1
1	0.8165598	1
0	0.077259704	0
1	0.9369473	0
1	0.8148291	0
0	0.00630874	0
1	0.50254273	1
1	0.99789536	1
0	0.018924586	0
0	0.005219425	0
1	0.93538785	0
1	0.09111183	0
0	0.003529174	1
0	0.27545157	1
0	0.015399031	0
1	0.9972663	0
1	0.06564619	0
0	0.00075304	0
1	0.98553014	1
0	0.002208036	0
0	0.00215087	0
0	0.003881861	1
1	0.6049811	0
0	0.38563094	0
1	0.9765445	0
1	0.99528694	0
1	0.98284954	1
1	0.94651914	0
0	0.93133664	0
0	0.012394368	1
0	0.009000778	1
0	0.000680676	0
1	0.8574685	1
1	0.9719055	0
0	0.45264933	1
0	0.038962062	0
0	0.011513396	0
1	0.6468531	1
0	0.1995843	1
0	0.2933162	1
0	0.009020646	1
1	0.3605275	0
0	0.011185408	1
0	0.55510587	0
0	0.2529117	1
0	0.013767496	1
0	0.01761853	0
1	0.99446976	0
0	0.008304383	1
0	0.002913301	1
0	0.38383725	1
0	0.05929199	0
0	0.010052472	0
0	0.32044816	1
1	0.9977354	1
0	0.52884793	0
0	0.005214857	0
0	0.005156244	1
0	0.7234767	0
1	0.84548444	1
0	0.012609968	1
0	0.12959822	0
1	0.64544535	1
1	0.9485233	1
0	0.005666922	0
1	0.95965254	1
0	0.008641269	0
1	0.8073501	1
0	0.019087357	0
0	0.00140215	0
0	0.024975464	0
0	0.000811167	0
0	0.5343951	1
0	0.15490952	0
0	0.008159659	0
1	0.7229239	1
0	0.039129686	0
1	0.71285534	1
1	0.55134094	1
0	0.025262002	0
1	0.970468	1
0	0.018812202	1
0	0.4353173	1
0	0.4477485	0
1	0.9890892	0
1	0.80177957	1
1	0.9731886	1
1	0.40448844	0
0	0.005974567	1
0	0.035965696	1
1	0.72318244	1
0	0.002150265	0
0	0.001886545	1
0	0.01255794	0
0	0.7419589	1
0	0.65894413	1
0	0.3027459	0
1	0.8653315	1
1	0.9869365	0
1	0.98352987	0
0	0.0517935	1
1	0.9527857	1
1	0.93908113	0
1	0.94599384	1
0	0.03236153	0
1	0.99854255	1
1	0.7389613	1
1	0.9670341	0
1	0.9977602	0
0	0.12087429	0
0	0.6032667	0
0	0.26076567	1
0	0.025151912	1
0	0.19669943	0
1	0.9294104	1
0	0.01041563	0
0	0.012049493	0
0	0.00463751	0
0	0.005696509	0
1	0.8722041	1
1	0.9952838	1
0	0.007070752	0
0	0.00225183	0
0	0.08306534	1
0	0.006919912	0
1	0.6461492	1
0	0.21541579	1
0	0.020133723	1
0	0.008982177	0
0	0.3230016	1
0	0.021991318	0
0	0.002418539	1
1	0.93817097	0
1	0.99658316	1
1	0.959386	0
0	0.031818178	0
1	0.8802626	1
0	0.075274676	1
1	0.63549393	0
0	0.010467896	0
0	0.0044378	0
0	0.012066045	1
1	0.9179442	1
0	0.4521811	1
0	0.006995887	0
0	0.0014797	1
1	0.93738097	1
0	0.028354278	0
0	0.002705877	1
0	0.012329276	1
1	0.27132276	1
1	0.99556655	0
0	0.20544438	0
1	0.79707223	1
0	0.007336024	0
0	0.39537445	1
0	0.49632058	0
0	0.001736375	1
0	0.07100768	1
0	0.009077241	0
0	0.020774689	0
0	0.12489414	0
0	0.010885588	1
1	0.97734606	0
1	0.6868245	0
1	0.75074697	1
0	0.108644344	0
0	0.002059574	1
0	0.23028024	1
1	0.8832357	0
0	0.08104041	0
0	0.32200786	1
0	0.45146403	0
1	0.53493637	0
0	0.014368831	0
1	0.93214273	1
0	0.15530656	1
0	0.04230636	0
0	0.027618602	0
1	0.98267764	0
0	0.002339302	1
0	0.56949717	1
1	0.9973416	0
0	0.053204313	1
1	0.8949176	1
0	0.32089257	0
0	0.011257784	1
0	0.01030774	1
0	0.053838	1
0	0.002588521	0
0	0.00191926	1
0	0.002449563	1
1	0.9356898	0
0	0.2103791	1
1	0.9822636	0
0	0.22012934	1
0	0.75244737	0
0	0.033230264	1
0	0.02517271	0
0	0.006614008	1
0	0.06967565	1
1	0.98634326	0
1	0.8932184	0
0	0.56473136	0
1	0.9813084	0
1	0.94648176	0
0	0.46652326	0
0	0.17982782	0
0	0.003153726	1
0	0.092660815	1
0	0.003088934	0
1	0.9559223	1
1	0.6047668	1
0	0.08608447	1
0	0.20419504	1
1	0.9850332	0
0	0.021363413	1
0	0.6603874	1
0	0.16300441	1
0	0.005035227	1
1	0.9452809	1
1	0.92178476	1
0	0.031699043	1
1	0.65810204	1
0	0.004505131	0
1	0.8844676	1
0	0.003414117	1
0	0.28569314	0
0	0.00111893	1
0	0.04618772	0
0	0.010352385	1
0	0.004249328	0
0	0.019126242	1
0	0.010012843	0
0	0.001184014	1
1	0.85728943	1
0	0.000648281	0
0	0.006124911	1
0	0.20549335	1
0	0.011765268	0
0	0.008143887	0
0	0.007894676	0
0	0.009494301	0
0	0.025791517	0
0	0.007364247	0
0	0.561435	0
0	0.118438534	0
1	0.8307638	1
1	0.97513866	1
1	0.8761859	1
0	0.05615879	0
0	0.20137402	0
1	0.8605854	1
1	0.9672871	1
0	0.025637668	0
1	0.8120662	0
0	0.003775136	0
0	0.01140902	1
0	0.009303348	1
0	0.04373519	0
1	0.9948849	0
1	0.87075067	0
1	0.99348104	1
1	0.9741968	1
0	0.056928262	1
0	0.004795814	1
1	0.93389195	1
0	0.002050471	0
0	0.013864594	0
0	0.014830938	1
0	0.005947118	1
0	0.028233578	0
1	0.15256816	0
1	0.99682957	0
0	0.003846092	0
1	0.8888446	0
0	0.7272636	0
1	0.9726328	0
1	0.897172	0
1	0.88132226	1
0	0.86538607	0
0	0.007375004	0
1	0.90447474	1
1	0.9805257	0
0	0.009469915	1
0	0.19402784	1
0	0.003884316	1
1	0.8539973	0
1	0.9762467	0
1	0.9682456	0
1	0.9941379	1
0	0.004919875	0
0	0.007006864	0
1	0.97568876	0
0	0.003059816	0
1	0.6555579	1
0	0.026324864	0
1	0.8631806	1
0	0.57921505	1
1	0.99656206	0
0	0.6344989	0
1	0.9678013	0
0	0.017063431	1
0	0.47354284	1
1	0.8396095	1
1	0.99185807	0
1	0.91762394	1
0	0.019165957	1
1	0.21336189	0
1	0.9535019	1
0	0.001326753	0
0	0.81367135	1
0	0.07500105	1
0	0.28487635	1
0	0.2842765	0
1	0.9497555	0
0	0.073450364	1
1	0.10036054	0
0	0.013288922	1
1	0.8155342	1
0	0.13434134	0
0	0.009840611	0
0	0.007692611	1
1	0.953927	1
0	0.20406802	0
0	0.008449373	1
0	0.086555675	0
1	0.57052934	1
0	0.007480301	0
0	0.28724343	0
1	0.5998667	1
0	0.16880408	0
0	0.7952058	0
0	0.006036568	0
0	0.025071979	0
0	0.34207493	0
0	0.011335451	0
1	0.99617046	1
0	0.009271994	0
0	0.05329162	0
0	0.031207284	1
1	0.5631888	1
1	0.9849332	0
1	0.94922554	0
0	0.009176903	1
1	0.96585697	0
1	0.6632131	1
0	0.23597454	1
1	0.32641754	0
0	0.002137631	1
0	0.026674218	0
1	0.7250265	1
1	0.9845146	0
1	0.86690474	1
0	0.006083597	0
1	0.92671293	1
0	0.023925895	0
0	0.07375876	1
0	0.002913433	1
1	0.73860466	1
0	0.007109419	1
1	0.49770975	1
0	0.114651926	0
0	0.009516969	1
1	0.67538726	1
1	0.8275172	0
1	0.9245508	1
0	0.6065942	1
1	0.9945286	0
0	0.023923596	1
0	0.003845506	0
1	0.99464935	0
0	0.006533497	1
1	0.6612163	0
0	0.002014731	1
0	0.005206757	1
0	0.010221821	0
1	0.97489375	0
0	0.34347233	1
0	0.004060697	0
1	0.8178299	1
0	0.44689837	0
0	0.024121385	0
1	0.8526075	1
1	0.99739754	1
0	0.006920439	1
0	0.10828574	1
0	0.003420255	1
1	0.66560966	0
0	0.005943421	1
1	0.20889291	0
0	0.008715767	1
0	0.008569829	1
0	0.18236789	0
1	0.99071735	1
1	0.34026343	0
0	0.02298319	0
0	0.13900638	0
1	0.9794058	1
0	0.10189071	1
0	0.008759847	0
1	0.6985051	0
1	0.97896934	0
1	0.7058201	1
1	0.9536845	0
1	0.945985	0
1	0.96233803	0
0	0.010555782	0
0	0.00163224	1
1	0.6870713	0
1	0.7664778	1
0	0.009277173	1
0	0.045045163	0
0	0.5230294	1
0	0.06533895	1
1	0.9370302	0
1	0.73543227	1
0	0.039249904	0
0	0.005990929	1
0	0.20539486	1
1	0.49732834	0
1	0.9920575	0
1	0.778458	1
1	0.9125712	1
0	0.031074855	1
0	0.007716883	1
1	0.9652461	0
0	0.023423893	1
0	0.007189713	0
0	0.49243578	0
0	0.664245	1
1	0.9667295	0
0	0.11819293	0
0	0.92620665	0
1	0.96327424	1
1	0.7861314	1
1	0.43386698	0
0	0.13516785	1
0	0.4064708	1
1	0.98191285	1
1	0.9403376	1
1	0.5624343	1
1	0.40668043	0
1	0.99724007	1
0	0.013376213	0
1	0.8354679	1
1	0.9837257	1
0	0.55179787	1
0	0.43338862	1
1	0.9976299	0
0	0.001119724	0
0	0.019365001	1
0	0.008736976	1
0	0.112135604	1
0	0.026352588	0
0	0.001382645	1
0	0.02862014	0
1	0.9852315	1
0	0.2252828	0
1	0.14581837	1
0	0.10607075	1
0	0.000677536	0
0	0.6109172	1
1	0.76928014	1
1	0.94493335	1
0	0.31202084	0
1	0.75298953	1
1	0.33300987	0
0	0.004977601	0
0	0.007975448	1
1	0.3214428	0
0	0.16347648	1
0	0.08988586	0
0	0.6429929	1
1	0.50058496	0
1	0.3098032	0
0	0.16934173	1
0	0.12761962	1
0	0.1655352	1
1	0.9335437	1
0	0.19115005	0
1	0.70298773	1
1	0.9356446	0
0	0.021010216	1
1	0.9987594	1
0	0.008068828	1
1	0.6923562	1
0	0.042554587	1
0	0.16400352	0
1	0.9276602	1
0	0.034945812	1
0	0.8519313	0
1	0.99646795	0
0	0.03609662	0
0	0.07879089	1
0	0.38246542	0
0	0.11073482	1
0	0.007755361	1
0	0.08702169	0
1	0.61293715	0
1	0.63479346	1
0	0.000835109	1
0	0.010948036	1
1	0.64651746	1
0	0.017225817	0
1	0.990359	1
0	0.007808319	0
0	0.028033877	1
0	0.037239138	0
1	0.8756772	1
1	0.8400259	0
0	0.009523781	1
0	0.004381821	1
0	0.012841883	1
0	0.21690568	0
1	0.5650566	1
1	0.9737717	0
0	0.030731417	0
1	0.8282682	0
0	0.014373396	0
0	0.5259873	0
0	0.2617604	0
1	0.64124256	1
1	0.8748488	0
1	0.82037723	1
0	0.020660978	1
1	0.99495846	1
0	0.015741527	0
1	0.720843	1
1	0.9799702	1
1	0.69959056	1
0	0.14616357	0
1	0.88619787	0
1	0.93978673	1
0	0.001564266	1
0	0.006127298	0
0	0.011284243	1
1	0.7704386	1
0	0.001797486	0
0	0.012448018	1
1	0.45310742	0
1	0.69335353	0
0	0.88296145	0
0	0.011997727	0
0	0.002393259	0
0	0.007346067	1
0	0.029929118	1
0	0.019380102	0
0	0.3626388	1
1	0.9837415	1
0	0.0905905	0
1	0.98091644	0
1	0.86742043	0
0	0.42716396	1
0	0.07663482	1
1	0.8590944	0
1	0.99734795	0
0	0.021612776	1
1	0.71006286	0
1	0.909366	1
0	0.000973298	1
0	0.013253118	1
0	0.008497942	1
1	0.98511606	0
0	0.015708957	0
0	0.112063624	1
0	0.017615354	0
1	0.9098446	0
0	0.03974139	0
0	0.005996711	1
0	0.002879666	1
0	0.004352518	1
1	0.99649364	1
1	0.86821985	1
1	0.8141867	1
1	0.764325	0
0	0.006487372	0
1	0.9365577	1
0	0.79056966	1
1	0.9780362	0
0	0.004227103	0
0	0.22619747	1
0	0.28096798	1
0	0.014592517	0
0	0.00428899	1
0	0.560394	1
1	0.26231006	0
1	0.8728025	0
0	0.007210375	0
0	0.030879103	1
0	0.020838575	0
0	0.001954912	0
0	0.06553533	0
1	0.9749401	0
0	0.8537972	0
0	0.001464381	1
1	0.6270557	0
1	0.77147025	1
0	0.029680192	1
0	0.000949089	0
0	0.8947694	0
0	0.8430953	0
0	0.026254533	0
1	0.99134654	0
1	0.5522304	0
1	0.83653116	0
1	0.908304	0
0	0.031224087	1
1	0.69739133	0
0	0.060813695	1
1	0.9948755	0
1	0.9983347	0
1	0.3952488	1
0	0.3046399	0
0	0.12630947	1
0	0.016353384	1
1	0.8407151	0
1	0.96315575	1
0	0.047142267	0
1	0.88950336	0
1	0.85342884	0
1	0.9950557	1
0	0.002472555	0
0	0.27633828	1
0	0.094120935	1
0	0.004990754	1
0	0.7225278	0
0	0.07377908	0
1	0.8600999	0
1	0.9897718	0
0	0.009705167	1
0	0.003505838	1
1	0.8731676	0
0	0.004528535	1
0	0.010959293	1
0	0.008586407	1
1	0.6209511	1
1	0.89789546	0
1	0.9897328	0
1	0.30620068	0
1	0.9792621	0
0	0.47207445	0
1	0.7365529	0
0	0.24748777	0
1	0.9979564	1
1	0.42439157	1
1	0.88636595	1
0	0.004616401	0
1	0.88964665	0
1	0.9917418	0
1	0.69879293	1
1	0.9733296	1
1	0.787318	0
1	0.9489686	1
0	0.025608245	1
0	0.003878629	1
1	0.9791835	0
0	0.12251028	0
0	0.013297553	1
0	0.022084868	1
0	0.003857749	1
0	0.04796826	1
1	0.9952282	0
0	0.058110714	0
0	0.004407179	0
0	0.5351531	1
1	0.11224733	0
0	0.001281387	1
0	0.040316917	1
0	0.024896905	0
0	0.001967444	0
0	0.094487496	0
0	0.04484254	1
0	0.01165579	1
0	0.016393488	1
1	0.8315188	1
1	0.20915738	1
0	0.2421658	1
0	0.30514985	0
0	0.020501785	0
0	0.062936544	1
1	0.50289524	0
0	0.00179977	0
0	0.002140628	1
0	0.7413276	0
1	0.45303234	1
0	0.000688153	0
1	0.5136731	0
0	0.005259126	0
0	0.4572867	1
0	0.580037	0
1	0.97607815	0
1	0.9816051	1
1	0.6341505	1
1	0.8945129	0
0	0.033826843	0
0	0.008902208	0
1	0.52882266	1
1	0.5727282	1
1	0.99665856	1
1	0.8576292	0
1	0.82238674	1
0	0.8504854	0
1	0.453508	0
0	0.7802203	0
0	0.3889757	0
0	0.048581116	0
0	0.3322796	1
0	0.007369456	1
1	0.657116	1
0	0.015939074	0
1	0.8469329	0
0	0.093594454	1
1	0.9725595	1
0	0.38813	0
0	0.44795826	0
0	0.038626857	1
0	0.014265188	0
0	0.40644985	0
1	0.86877066	1
1	0.617902	1
1	0.7162227	0
0	0.016830903	1
1	0.43374386	0
1	0.63115776	0
0	0.002920393	1
0	0.035774518	1
1	0.70533746	0
1	0.9878477	1
1	0.97771615	1
0	0.20154576	0
0	0.078000985	1
1	0.139102	0
1	0.99366474	1
0	0.003886876	0
0	0.02268863	1
1	0.08627593	0
0	0.13311061	0
1	0.8079898	1
1	0.8252347	0
0	0.077682495	0
0	0.001458061	1
1	0.7606648	1
0	0.15668212	1
1	0.98162615	1
1	0.5430332	1
0	0.006702321	0
1	0.50307745	0
0	0.002140885	0
0	0.70703757	0
1	0.99103713	1
0	0.018033946	1
1	0.6125356	1
1	0.08227996	0
0	0.27198896	1
0	0.001538933	1
0	0.007063491	0
0	0.011294052	0
0	0.012265139	0
0	0.7942372	1
0	0.041845538	1
1	0.25311217	1
1	0.8250975	1
0	0.31662053	0
0	0.3764677	1
1	0.45729098	0
0	0.5815273	1
0	0.13446862	1
1	0.99223125	0
0	0.005001572	0
0	0.028893892	1
0	0.009514062	1
0	0.123900324	1
1	0.9984164	1
1	0.95564145	0
1	0.9656118	0
0	0.001232329	0
0	0.003040981	0
1	0.7477888	0
1	0.95633554	1
0	0.006246336	0
0	0.000819164	1
1	0.11063984	0
1	0.97355145	0
0	0.01031803	1
1	0.79606426	1
1	0.7543404	1
1	0.92245686	1
0	0.001461365	1
1	0.047388177	0
1	0.9877709	1
1	0.84915537	0
0	0.90114737	0
1	0.8615185	0
0	0.002415473	1
0	0.007163627	0
0	0.04658118	0
1	0.89732534	1
0	0.011660427	1
1	0.89065665	1
0	0.001485776	0
0	0.032490537	0
0	0.04691251	1
1	0.56717104	1
0	0.004353351	0
1	0.8504799	0
0	0.002602675	0
0	0.007095827	1
0	0.09944839	1
0	0.042532086	1
0	0.44161466	1
1	0.87311137	0
1	0.3687825	1
1	0.7474233	1
0	0.21217449	0
0	0.06781916	0
0	0.000811188	0
1	0.99866486	0
0	0.052586503	1
0	0.024199845	0
0	0.045359753	1
0	0.14016922	0
1	0.8239324	0
0	0.32014737	0
1	0.9647588	0
0	0.002976071	1
0	0.06282601	0
1	0.87057155	0
0	0.63978875	1
1	0.9240905	1
1	0.69142836	1
1	0.9766103	1
0	0.005023347	0
1	0.8817757	1
1	0.8748705	1
0	0.55576307	1
0	0.00546296	0
0	0.005057807	1
0	0.589073	1
0	0.023296144	0
0	0.3233571	0
1	0.9746026	1
0	0.039114244	0
0	0.011849429	1
0	0.022119073	1
0	0.02223692	0
0	0.1743512	0
0	0.123291954	0
0	0.083783515	1
1	0.6955666	0
0	0.005908234	0
1	0.8438067	1
0	0.002602607	0
0	0.004576853	1
0	0.017751126	1
0	0.21369003	0
1	0.77734196	1
1	0.81231225	1
0	0.13246106	1
1	0.97726506	0
1	0.99318177	0
1	0.8469016	0
1	0.94727695	1
0	0.36574134	0
0	0.03238214	0
1	0.5843956	1
1	0.7996532	0
0	0.08954465	0
0	0.004537936	1
0	0.04724595	1
1	0.82218933	1
1	0.7096907	1
1	0.9380258	1
1	0.6542406	0
0	0.043943863	1
0	0.001471031	1
1	0.45495856	0
0	0.023556942	0
1	0.7229617	0
0	0.000818091	0
0	0.11389288	0
0	0.055263393	1
0	0.08042506	0
1	0.9350136	1
1	0.5179106	1
0	0.22846398	1
0	0.12957624	1
0	0.36737248	1
1	0.25184095	0
1	0.9873717	0
1	0.9987112	1
0	0.10699367	0
0	0.043357234	0
0	0.013026558	1
1	0.9980715	0
0	0.02870624	0
1	0.95088464	1
0	0.40012553	0
0	0.001985358	0
1	0.64576596	0
1	0.3112761	0
1	0.8422481	1
0	0.021329476	0
1	0.5470272	1
0	0.50863695	1
0	0.67793655	1
0	0.4147196	1
0	0.05607437	0
0	0.011233475	0
1	0.8113797	0
0	0.006389226	0
0	0.004042727	1
0	0.20802388	1
1	0.9367154	0
1	0.93409836	1
0	0.007562711	0
1	0.7780285	1
1	0.9908573	0
1	0.73005366	1
0	0.016763242	0
1	0.5942171	0
0	0.07241915	0
1	0.8747137	0
1	0.3791704	1
0	0.50434494	1
1	0.19607438	0
0	0.058881626	0
0	0.5649297	0
0	0.19358902	0
0	0.03265511	0
0	0.054689247	1
1	0.9534536	0
0	0.007319289	0
0	0.002380132	1
1	0.8866676	0
1	0.9811996	1
0	0.001816987	1
0	0.12871718	1
1	0.43599698	0
1	0.9978163	1
1	0.6857228	0
1	0.97246146	1
0	0.08637182	1
1	0.72071975	0
1	0.9670776	1
0	0.43724617	1
1	0.88314897	1
1	0.8289678	1
0	0.001275221	0
1	0.9649697	1
0	0.040768538	1
0	0.024819296	1
0	0.018555002	0
1	0.80806595	0
0	0.04092463	1
1	0.886674	0
0	0.002724642	0
1	0.1480082	1
0	0.10697287	1
1	0.9955336	0
0	0.85194385	0
0	0.33002526	0
0	0.02622459	0
0	0.000820478	0
0	0.16455868	0
0	0.06679212	1
0	0.004092015	1
0	0.01012404	1
1	0.9839447	0
1	0.02501633	0
0	0.5305213	0
0	0.057019174	1
0	0.014266119	0
1	0.75172895	0
0	0.044081878	0
0	0.82274574	0
1	0.7976909	0
0	0.032537468	1
0	0.22776824	1
0	0.12993395	1
0	0.006528948	1
1	0.9423463	0
0	0.20392035	1
0	0.055644166	1
0	0.055315536	0
1	0.9861222	0
0	0.013927026	1
1	0.7821501	0
0	0.29325384	1
0	0.035428163	1
1	0.99450326	0
1	0.95451534	0
0	0.6863548	0
0	0.10026819	0
0	0.01755048	1
1	0.9178536	0
1	0.99752206	1
1	0.94992584	1
0	0.004526674	0
1	0.66013527	0
1	0.9500815	1
1	0.95664614	1
0	0.06714843	0
1	0.5466703	0
0	0.003592959	0
0	0.18401316	1
0	0.34751698	1
0	0.002795171	0
0	0.5771826	1
1	0.9925404	1
0	0.021124892	0
1	0.8985295	0
1	0.9633845	1
1	0.66734666	0
0	0.006669911	1
0	0.001833756	0
0	0.3918573	0
0	0.00887349	0
1	0.78061765	0
1	0.7680615	0
0	0.018099751	0
1	0.8634084	1
0	0.008126296	1
0	0.001767377	0
0	0.02554073	0
0	0.9352345	0
0	0.026542798	0
0	0.023231687	0
0	0.004228619	1
1	0.85646963	1
0	0.16745158	1
1	0.37414613	0
0	0.004968111	1
1	0.85606587	1
0	0.15630768	0
0	0.47974664	0
0	0.029274128	0
1	0.7857198	0
0	0.012871695	0
0	0.017389633	1
1	0.9083484	0
1	0.6908292	1
0	0.01093067	0
0	0.006619731	1
1	0.89575195	1
0	0.036788918	1
0	0.011357061	0
0	0.39979228	1
1	0.9657056	0
1	0.83819747	0
0	0.004284294	0
1	0.42415962	1
1	0.8395157	1
0	0.07609487	1
0	0.012390505	1
0	0.1071527	0
0	0.099353984	0
1	0.016726146	0
1	0.9889726	1
0	0.180952	1
1	0.98065555	0
1	0.986081	1
1	0.9114364	1
1	0.6055264	0
1	0.69891196	1
0	0.051418044	1
1	0.6612212	1
0	0.9447168	1
0	0.5531406	0
0	0.4473552	0
0	0.02774922	0
1	0.8934657	1
1	0.9541109	1
1	0.9526807	1
0	0.00364825	0
0	0.15781671	0
0	0.32825452	0
0	0.47130653	1
0	0.13587162	1
1	0.7149443	1
1	0.57165694	0
0	0.002697024	0
0	0.005164117	0
1	0.8966725	0
0	0.012224745	0
0	0.023361005	1
0	0.054545067	1
1	0.9670519	0
1	0.9224148	0
0	0.007443524	1
0	0.004485365	1
1	0.99385756	0
0	0.26533172	1
0	0.002462849	1
0	0.00547218	0
0	0.71656555	0
0	0.003575398	0
1	0.931823	0
1	0.61736006	1
1	0.512498	1
0	0.004851148	0
1	0.27167374	0
1	0.98960227	0
0	0.014944152	0
0	0.45476973	0
0	0.34499025	1
0	0.25851476	1
0	0.36969027	1
1	0.870402	1
0	0.7758765	1
1	0.64729786	1
1	0.9143542	1
0	0.7454406	1
0	0.002050531	0
0	0.22935586	0
1	0.9960549	0
0	0.002610105	1
0	0.019952677	1
0	0.01961742	1
1	0.8795437	0
0	0.019138126	1
0	0.010856142	1
1	0.9129108	0
1	0.9857099	0
0	0.32319954	0
1	0.9982254	1
1	0.75894564	1
1	0.030565025	1
1	0.9936847	0
0	0.017965192	0
1	0.6374855	1
0	0.013902843	0
0	0.022118295	1
1	0.98517066	1
0	0.025226925	0
1	0.90990114	0
0	0.003003256	1
0	0.2740281	0
0	0.04679577	0
1	0.30836666	0
1	0.70197946	0
0	0.8537064	0
1	0.7989773	0
1	0.010236275	0
1	0.98869276	0
0	0.05119558	1
1	0.54638034	1
1	0.8895351	1
1	0.19090246	0
1	0.846151	0
0	0.001105706	0
1	0.97883123	0
1	0.50465626	1
1	0.998629	1
0	0.26512635	1
0	0.002368215	1
1	0.59925354	0
0	0.039619204	1
0	0.44381207	0
0	0.004603083	1
1	0.9709998	0
0	0.54795194	0
0	0.008084819	1
0	0.01093575	1
0	0.004157248	0
1	0.9901394	1
1	0.61848325	1
0	0.25993887	1
0	0.17876491	1
0	0.3345766	1
0	0.46013263	0
1	0.9654633	0
1	0.84824324	0
0	0.87621343	0
0	0.115672775	1
1	0.9909999	0
1	0.40971965	1
0	0.02294631	0
1	0.967254	1
1	0.99865973	1
0	0.043306284	1
0	0.017979162	0
0	0.012038747	1
0	0.007016385	1
0	0.043114055	0
1	0.95915824	0
0	0.048276607	1
1	0.6391907	1
0	0.012631329	0
0	0.73266697	1
0	0.07780255	0
1	0.028721761	0
1	0.88232034	0
1	0.9976483	0
1	0.99593204	0
1	0.99706537	0
1	0.9321183	0
0	0.25334892	1
0	0.002030755	1
1	0.7808295	0
1	0.99797195	0
1	0.98388505	1
1	0.94799674	0
1	0.96363175	1
0	0.0861496	0
0	0.031361144	1
1	0.63410175	0
0	0.001649588	1
1	0.9975448	0
0	0.000909548	0
0	0.005416229	0
0	0.002183879	1
1	0.8960571	1
0	0.031973798	0
0	0.4006856	0
0	0.034269195	1
0	0.000575286	1
1	0.99599385	1
1	0.9377567	1
0	0.001922974	1
0	0.004078274	0
0	0.00130852	1
0	0.012606233	1
0	0.013796039	1
0	0.059847277	0
0	0.037553404	0
0	0.096538626	0
1	0.30683044	1
0	0.022651348	1
0	0.003140044	1
0	0.013942062	0
1	0.90867805	1
0	0.47537047	1
0	0.00164105	0
0	0.001905961	1
1	0.63652	0
0	0.046329755	1
0	0.20262742	1
1	0.61047226	1
1	0.93388647	0
1	0.98001444	1
1	0.785523	0
1	0.3486093	1
0	0.02400025	0
0	0.4201279	0
1	0.48686567	1
0	0.49569848	0
0	0.006304783	0
0	0.008980688	0
1	0.9755009	1
0	0.001213326	0
0	0.16600741	1
0	0.007539248	0
1	0.97321284	0
1	0.83426577	1
0	0.019771172	0
1	0.9228601	0
0	0.042090103	1
0	0.56989264	1
1	0.91283244	0
0	0.18694623	0
1	0.94674206	0
0	0.3628452	1
0	0.19497906	0
1	0.94537425	0
0	0.07066545	0
0	0.004978329	0
1	0.9693039	0
0	0.024895271	1
0	0.4130654	0
0	0.47391617	1
1	0.79165894	0
0	0.00924082	0
0	0.040151756	0
1	0.30439883	1
0	0.011957994	1
1	0.9744139	0
0	0.0824917	1
1	0.60054296	0
1	0.879494	1
0	0.01568801	0
0	0.004709072	1
0	0.055835824	1
0	0.021477249	1
0	0.000920193	0
1	0.96825224	1
0	0.006389601	0
0	0.78704345	0
1	0.93279016	0
1	0.99222285	1
1	0.18698849	0
1	0.6209624	1
0	0.007115693	0
1	0.9104214	1
1	0.54475784	1
0	0.028272627	1
1	0.8103669	1
1	0.99419445	1
0	0.011587909	1
0	0.015308762	0
0	0.00563674	1
0	0.027416347	1
0	0.011345941	1
1	0.67329705	0
1	0.7498891	0
0	0.002732589	1
0	0.003988416	1
0	0.0335068	1
1	0.82805437	0
0	0.14682728	0
0	0.008439236	1
1	0.94323176	0
0	0.043657523	0
1	0.82411206	0
1	0.9575208	0
1	0.73190045	1
1	0.9821539	1
1	0.6219083	0
0	0.007825376	0
0	0.002799689	0
1	0.9772438	0
1	0.52095383	0
1	0.997133	0
1	0.74580646	1
1	0.87846386	0
1	0.5134478	1
0	0.07780855	1
0	0.009198451	0
0	0.001837889	1
1	0.13817753	0
0	0.001266276	0
0	0.022488132	0
0	0.006092796	1
1	0.468943	1
0	0.061081026	1
0	0.007847168	0
1	0.8293474	1
1	0.98010594	1
1	0.884976	1
0	0.011717435	0
0	0.001862552	1
0	0.006237451	0
0	0.008853002	1
1	0.35273454	1
1	0.5292177	0
0	0.7201804	1
1	0.42339814	1
0	0.002802807	0
1	0.97210467	0
0	0.002355993	0
1	0.22599609	0
0	0.010954053	1
1	0.46888062	0
0	0.009572329	1
0	0.4764588	0
0	0.11107089	1
0	0.052774154	0
1	0.9933211	0
0	0.1719484	0
0	0.046726108	0
0	0.5645509	0
1	0.9168882	1
0	0.5977306	1
0	0.20777582	0
1	0.9982174	0
1	0.87417346	0
0	0.00357376	1
1	0.93412405	0
0	0.041828647	1
0	0.26662752	1
1	0.6218171	0
0	0.006907004	1
0	0.007235675	0
0	0.003479221	1
0	0.41377214	0
0	0.20320304	0
0	0.057326894	0
0	0.59428346	0
1	0.11180788	0
1	0.99748296	1
1	0.40473604	0
1	0.99788445	0
1	0.9198701	1
1	0.5132534	1
1	0.9861742	1
1	0.28033978	0
0	0.001177266	1
0	0.00359149	1
0	0.003549024	0
1	0.96754897	1
0	0.73834926	0
0	0.6886084	0
1	0.9572325	1
0	0.009282407	1
0	0.17924911	0
1	0.3301609	1
0	0.00588251	1
0	0.006371804	0
0	0.6081425	0
0	0.39318043	0
0	0.006615136	0
0	0.034073327	1
0	0.57085735	0
0	0.19734235	0
0	0.2578005	1
1	0.8036184	0
1	0.9981534	0
0	0.044659484	1
0	0.629502	1
0	0.027736712	1
1	0.8055046	1
0	0.022873044	1
1	0.8679516	0
0	0.23022775	0
0	0.001046965	1
1	0.3276525	0
0	0.003749953	0
1	0.99245435	0
0	0.005214315	1
1	0.9913824	0
0	0.01249793	0
0	0.013085439	0
0	0.78675646	0
1	0.21271127	0
1	0.9568446	0
1	0.80435663	1
0	0.00669048	1
0	0.004350376	0
1	0.81556153	1
1	0.82501894	1
1	0.9643138	0
1	0.6355307	0
1	0.9557917	1
0	0.37632382	1
0	0.55771315	0
0	0.9236905	0
1	0.7142562	0
1	0.57095176	1
1	0.85750026	1
0	0.004961372	0
1	0.78890646	1
1	0.57981986	1
0	0.003691618	0
0	0.442366	1
1	0.65648514	0
1	0.70438653	1
1	0.9631507	0
0	0.03200566	0
0	0.004733046	0
0	0.012917652	1
0	0.7119065	0
0	0.07232605	1
1	0.7207573	1
1	0.96704155	0
0	0.25129473	1
0	0.004668157	0
1	0.6634681	0
0	0.0271791	0
1	0.87482136	0
0	0.011184527	1
0	0.029569063	0
0	0.46592808	0
0	0.005084693	1
0	0.015896609	1
0	0.381929	1
1	0.80356985	0
1	0.88529944	0
1	0.9110613	0
0	0.007841693	1
1	0.87073237	0
0	0.003921335	1
0	0.05062672	1
0	0.08103797	1
1	0.65351665	1
0	0.039296683	0
1	0.9594959	0
0	0.015408123	1
0	0.002635357	0
0	0.32192034	1
0	0.022899657	0
0	0.39151025	1
0	0.14884363	1
0	0.04553365	1
1	0.9952212	0
1	0.9909729	1
0	0.002047394	1
0	0.020921705	0
1	0.42358294	1
0	0.026700772	1
0	0.86910206	0
0	0.001266861	0
0	0.000967967	0
1	0.954448	0
0	0.039454535	1
0	0.004210113	0
0	0.49524558	0
1	0.9032873	0
0	0.004660849	0
1	0.98279977	0
1	0.9959416	0
0	0.012071214	0
1	0.4854222	1
1	0.99677247	1
0	0.004532976	0
1	0.90191865	1
0	0.003752026	0
0	0.01998002	0
0	0.02546331	1
0	0.010017083	1
0	0.006995748	1
0	0.5923281	0
1	0.8708058	1
0	0.03395055	1
1	0.9240338	1
0	0.001932204	1
1	0.92723256	1
0	0.029253826	1
0	0.13862126	1
1	0.9048551	1
0	0.17176713	1
0	0.0857711	1
1	0.7793119	1
1	0.866704	0
1	0.65447503	1
1	0.8512171	0
0	0.5068315	1
0	0.4345018	1
0	0.009518803	1
1	0.99341196	1
0	0.007245224	1
0	0.003200092	1
0	0.004890989	1
1	0.9618389	0
0	0.008192613	1
0	0.08617175	1
1	0.77924883	0
0	0.6145552	1
0	0.22474469	1
1	0.5902145	0
0	0.042184282	1
1	0.8350675	1
0	0.015327484	1
0	0.057450622	1
0	0.0497488	0
0	0.007393094	0
0	0.001516433	1
1	0.7852909	0
0	0.013233322	1
0	0.18281573	0
0	0.30274156	0
0	0.011984592	1
1	0.9704516	0
1	0.47635457	1
0	0.55736333	1
0	0.090943314	0
0	0.002548526	1
1	0.87522244	1
1	0.9328831	1
0	0.8067167	1
0	0.002965172	0
0	0.25288436	0
0	0.36392474	1
0	0.00328698	0
1	0.8843789	0
0	0.007176345	1
1	0.6174892	1
0	0.34896228	0
0	0.006787202	1
0	0.117978804	1
1	0.9660913	0
0	0.001236751	0
0	0.7628684	0
0	0.7275257	1
1	0.9928214	0
1	0.30963305	0
1	0.9587422	1
1	0.97131616	1
1	0.99810106	0
0	0.002738196	1
1	0.8720709	0
0	0.068166874	0
1	0.4055953	0
0	0.16273355	0
0	0.6814047	1
0	0.055734314	1
0	0.001881147	1
0	0.04470533	0
1	0.7856841	1
1	0.9916461	1
1	0.548057	0
0	0.014699531	1
1	0.82027113	1
0	0.006844478	1
0	0.106552586	0
0	0.008013066	0
1	0.98325115	0
0	0.09328151	1
0	0.002648023	0
0	0.008612633	1
1	0.7567842	0
1	0.98474956	1
0	0.02930051	1
0	0.9188814	0
0	0.003381795	0
0	0.004845518	1
0	0.004783921	1
0	0.027696902	1
0	0.43989858	0
1	0.6959769	0
0	0.000976211	1
1	0.78777915	1
1	0.7665648	0
0	0.01119625	1
0	0.005325667	0
1	0.84417987	0
1	0.98059684	1
0	0.7977354	1
0	0.5932775	0
0	0.71598417	0
1	0.68075997	1
0	0.013697252	1
1	0.9978283	1
0	0.005059024	1
0	0.38447025	1
0	0.7211369	1
1	0.78046525	0
1	0.7090949	1
0	0.012239258	0
1	0.99466777	0
0	0.002918269	1
0	0.02489418	1
0	0.024980133	0
0	0.8330583	1
0	0.001481901	0
0	0.003027837	1
0	0.006034554	0
0	0.075855404	1
0	0.26052752	0
0	0.003634391	0
1	0.8815269	1
1	0.98188734	0
1	0.95940614	1
0	0.12008339	1
1	0.993835	1
0	0.014601166	0
1	0.9945707	0
1	0.9804216	0
0	0.009938807	1
0	0.44897556	0
0	0.004771596	1
0	0.37210992	1
1	0.9892707	1
1	0.79704934	1
1	0.9669356	0
1	0.87909865	0
1	0.99851614	1
0	0.05661624	0
0	0.65904564	0
0	0.01381067	1
1	0.95883065	1
0	0.002852972	0
0	0.025137251	0
0	0.024535507	1
1	0.7646574	0
0	0.014964522	0
0	0.6813477	0
1	0.95136094	0
0	0.04667177	0
0	0.36089286	1
0	0.009958391	0
0	0.001540675	0
0	0.000902531	0
1	0.9085421	0
1	0.70019096	1
0	0.014632423	1
0	0.025542362	1
0	0.006129467	0
0	0.58345246	0
0	0.002128842	1
0	0.08948067	1
0	0.001015103	0
1	0.9646967	1
1	0.6023168	0
0	0.22441256	0
1	0.5433478	0
1	0.98263794	0
0	0.004138596	0
1	0.9244931	1
1	0.97109807	1
0	0.00696523	1
1	0.7216825	0
0	0.008746625	0
1	0.9782754	0
1	0.16193052	1
0	0.014643565	1
1	0.87713367	0
0	0.00869793	0
0	0.008549688	1
1	0.5729701	1
0	0.007582424	0
1	0.94289374	1
0	0.01967527	1
0	0.043606434	0
1	0.9812273	1
0	0.10435767	0
0	0.012944261	0
1	0.98631024	0
0	0.039012022	1
1	0.8704066	1
0	0.6675362	0
1	0.8591883	1
1	0.99156255	1
1	0.878038	1
0	0.035588242	1
0	0.012651516	0
1	0.9728554	0
1	0.8169229	1
1	0.8027982	1
0	0.18678164	0
0	0.17051359	0
1	0.81022215	0
1	0.96944135	0
1	0.88075554	0
0	0.4211585	1
1	0.9367833	1
0	0.012478548	0
1	0.68772846	1
1	0.41693753	0
0	0.036632232	1
1	0.6118744	0
1	0.97611904	1
0	0.011021447	0
0	0.08696026	1
1	0.96418756	0
0	0.7090645	0
1	0.9945985	0
0	0.022650968	0
1	0.5850825	1
0	0.047179032	1
1	0.7841398	1
0	0.027499227	1
0	0.021054048	1
0	0.4898142	0
1	0.9779729	0
0	0.5810536	0
0	0.14432028	1
1	0.8658899	0
0	0.5946239	0
0	0.023416553	0
0	0.004836999	0
0	0.02044802	1
0	0.049129274	0
1	0.9188705	0
1	0.8692418	1
0	0.008226946	1
1	0.8211122	1
0	0.94220835	0
0	0.028408796	1
1	0.9982304	0
1	0.9980889	1
0	0.024915386	1
1	0.5637443	1
0	0.010778592	1
0	0.083234	0
0	0.023508664	1
1	0.08384461	0
0	0.005501429	1
1	0.54091257	1
0	0.025965575	1
0	0.017919762	1
1	0.89908636	0
0	0.19246931	1
0	0.023404244	0
0	0.010042072	1
0	0.11996819	1
0	0.036977902	0
0	0.005173682	0
0	0.004021346	0
1	0.9660109	1
1	0.7775689	1
1	0.63467526	1
0	0.0176492	0
1	0.5639964	0
0	0.010958725	1
0	0.011347748	1
0	0.005188714	0
0	0.07284531	0
1	0.9683206	0
0	0.00797432	0
1	0.086588465	0
0	0.45541006	1
0	0.00697562	0
1	0.98401904	0
1	0.56519306	1
1	0.84883505	1
0	0.5217632	1
0	0.14681572	1
1	0.7815413	1
0	0.0685736	0
0	0.026368141	1
0	0.11073345	1
0	0.008803529	1
1	0.8338061	1
1	0.9499438	0
0	0.011155575	1
0	0.001318016	0
1	0.82341075	0
0	0.4902332	0
1	0.9985108	1
0	0.36337727	1
1	0.97274446	0
0	0.72700155	0
0	0.005894443	1
0	0.010330906	1
0	0.00350478	1
0	0.000433739	0
0	0.6622168	0
0	0.07474733	0
1	0.7638555	0
0	0.058524016	1
0	0.56906474	1
0	0.003186416	0
0	0.5094998	1
0	0.005538888	0
0	0.052548934	0
1	0.007352843	0
1	0.9462049	1
0	0.027929015	1
1	0.9245487	1
0	0.21516427	0
0	0.31938702	1
0	0.006878916	0
0	0.06553421	0
1	0.86061454	1
1	0.80370647	0
0	0.6046891	0
0	0.7253197	1
0	0.008831422	1
0	0.002726646	1
1	0.8423264	0
0	0.00137788	0
0	0.7647257	0
1	0.1811487	0
0	0.61731535	1
0	0.009167436	0
0	0.04341323	1
0	0.010131411	0
1	0.84175557	1
0	0.07124407	0
0	0.5632824	0
0	0.3830719	1
1	0.3064843	0
1	0.99436647	1
0	0.011143283	0
0	0.025075119	1
0	0.74972045	0
1	0.457909	1
0	0.006983724	0
0	0.53223467	0
0	0.011266817	1
1	0.95717204	1
0	0.051932946	0
1	0.99767	1
0	0.002910243	0
1	0.96673656	1
0	0.33038607	0
0	0.4175022	1
0	0.002119912	0
0	0.001814409	1
0	0.024260048	0
0	0.009655391	1
0	0.010860238	0
0	0.72785443	0
0	0.002140411	0
0	0.024866853	0
1	0.820016	0
0	0.039171975	1
0	0.101343945	1
0	0.22002292	1
0	0.019465966	1
0	0.27329358	0
0	0.010701742	1
1	0.6214771	1
0	0.13648629	0
0	0.00465074	1
0	0.21190967	1
1	0.9289636	0
0	0.0052314	0
0	0.09029942	0
1	0.99167717	0
0	0.005772546	0
0	0.006142576	0
0	0.040914387	0
0	0.006265513	0
0	0.024244025	0
0	0.410388	0
0	0.031396218	0
0	0.005819629	1
0	0.001349295	1
0	0.000597487	0
0	0.07040909	0
1	0.77873975	0
0	0.4296969	0
0	0.005097557	0
1	0.92467326	1
0	0.015125449	0
0	0.058769897	0
0	0.012825199	1
1	0.66273487	1
0	0.019828249	0
0	0.33580995	1
1	0.8802955	0
1	0.9458925	1
0	0.002107176	0
0	0.03030544	1
1	0.61531603	1
0	0.86817884	0
0	0.013694751	1
1	0.5784994	0
1	0.15427199	0
0	0.001953552	1
0	0.01171298	1
1	0.98239106	0
1	0.59636915	0
0	0.00207978	0
0	0.48137864	0
1	0.25223002	0
1	0.8574106	0
0	0.003062858	0
1	0.9261922	0
1	0.94175833	1
1	0.33722672	1
0	0.000531239	1
0	0.66596013	0
0	0.007978475	1
0	0.19921221	0
0	0.3899988	1
0	0.53594995	0
0	0.001528677	0
1	0.9047836	1
1	0.72924507	0
1	0.5141822	1
0	0.6974143	1
0	0.002725244	1
0	0.25543988	0
1	0.7559476	0
0	0.7389016	0
1	0.9617076	1
0	0.33135968	0
0	0.14984678	1
0	0.06718197	1
1	0.8973842	1
1	0.91752195	1
0	0.01934234	1
1	0.96133775	1
0	0.49263057	0
1	0.98074096	1
0	0.004278156	0
0	0.005179565	0
0	0.11208507	0
0	0.006624828	0
0	0.66680413	0
0	0.007899866	0
0	0.069566004	1
0	0.001627469	0
1	0.8343482	0
1	0.9978301	0
0	0.021886896	1
1	0.9983608	0
1	0.853264	1
0	0.005944528	0
1	0.014544878	0
0	0.038602527	1
0	0.0069826	0
0	0.21942447	0
0	0.002922816	0
0	0.013026614	1
0	0.06697737	1
1	0.99626476	1
1	0.96765375	1
0	0.82238996	0
1	0.6170872	1
0	0.069270596	1
0	0.09557191	0
0	0.011038264	0
0	0.006770568	0
0	0.005226005	1
0	0.01375773	0
1	0.9611159	0
0	0.018445777	0
1	0.8196651	0
1	0.9720042	1
0	0.12980951	1
0	0.001782256	0
0	0.002819301	0
1	0.889444	1
0	0.48411092	0
1	0.99303895	0
1	0.9923143	0
0	0.5148913	0
0	0.008742231	0
0	0.049419984	1
1	0.9967734	0
0	0.8233156	0
0	0.019393742	0
0	0.001159895	0
0	0.003680042	0
1	0.77173895	0
1	0.7532237	1
0	0.009266074	0
1	0.5481574	1
1	0.42155325	1
0	0.088204294	0
0	0.006599905	0
0	0.001353436	0
0	0.003611536	1
1	0.9760226	1
1	0.73461664	0
0	0.026255818	0
1	0.9961994	0
0	0.00203784	1
0	0.03572767	0
0	0.20194465	0
0	0.003170593	1
1	0.37958786	1
0	0.23736957	1
0	0.0586181	0
0	0.000644576	0
0	0.006475044	0
0	0.04651738	0
0	0.054129194	1
1	0.8691819	0
0	0.5402737	1
1	0.8450938	0
0	0.011964232	1
0	0.12890962	1
0	0.009350465	0
0	0.014590797	0
1	0.7970792	1
1	0.97753376	1
0	0.052087963	1
0	0.006638109	1
1	0.7461289	0
1	0.98863775	1
1	0.9843233	0
0	0.12701444	0
1	0.82714856	0
1	0.9273	0
0	0.042429928	1
0	0.029959291	1
0	0.002013071	1
0	0.010735937	0
0	0.006950322	0
0	0.12084832	0
1	0.7919533	1
0	0.026002504	1
0	0.004037276	0
0	0.1191379	0
0	0.00121433	0
0	0.18616404	1
1	0.996347	0
1	0.99873835	0
0	0.003056561	0
1	0.4076728	0
1	0.9166594	0
0	0.48888776	1
0	0.02671519	0
1	0.8679586	0
1	0.7009197	0
1	0.71418464	0
1	0.99185014	0
1	0.9858824	0
0	0.6364438	0
1	0.38674617	0
0	0.085912734	0
1	0.98869705	0
1	0.93238807	1
0	0.002428347	1
1	0.94149727	1
1	0.97586185	1
1	0.91953886	0
0	0.00485016	0
0	0.054464094	0
1	0.5762566	0
1	0.740025	0
1	0.25329098	0
0	0.013756875	1
1	0.6850552	0
0	0.8544513	0
0	0.020704338	0
0	0.01181208	0
0	0.030357486	0
0	0.5143407	0
1	0.9975369	1
1	0.8988252	0
0	0.03453552	1
0	0.000864509	1
0	0.41219983	1
1	0.9430362	1
0	0.008012551	0
0	0.04569618	0
0	0.005011245	1
1	0.96116644	1
0	0.3632458	0
1	0.5427353	1
1	0.93555665	0
0	0.28782833	1
0	0.15727851	0
1	0.9471305	0
1	0.43957475	1
1	0.9896926	1
1	0.6709262	0
0	0.009039677	0
1	0.2741421	0
1	0.9737517	1
1	0.9973017	0
1	0.9913073	1
1	0.6680538	0
0	0.006209573	0
0	0.023551255	0
1	0.9966535	1
1	0.49478146	0
1	0.53940684	1
0	0.10866557	1
1	0.75954974	1
0	0.37557766	1
0	0.39398137	1
0	0.016953986	1
0	0.00713854	0
0	0.25873813	1
0	0.001468269	0
1	0.4972224	0
0	0.045449473	1
1	0.006750873	0
0	0.018112691	0
0	0.002190618	0
0	0.007955606	1
1	0.90425694	0
0	0.012057449	1
1	0.8292857	1
0	0.02311711	1
0	0.002759632	0
1	0.7847268	0
0	0.39205626	1
1	0.98843867	0
0	0.021514725	0
1	0.17852636	0
0	0.002636507	1
1	0.9552168	1
0	0.014733715	0
1	0.68679523	0
0	0.3230707	0
0	0.013467122	0
0	0.001062703	0
0	0.010576126	1
1	0.8972862	0
1	0.93428856	1
1	0.8479655	1
0	0.018575557	1
1	0.9922828	0
1	0.7015086	1
0	0.055511992	0
1	0.98172873	0
1	0.930143	1
1	0.9730864	1
1	0.90495694	0
1	0.88706225	1
1	0.9244998	0
0	0.005123709	0
1	0.98800206	0
1	0.52754176	1
0	0.0931193	1
1	0.81194466	1
0	0.016018795	1
0	0.04529057	1
0	0.5246232	1
1	0.92264867	0
1	0.82056034	0
0	0.13210206	0
1	0.96216065	0
1	0.701419	0
0	0.449836	0
0	0.11979055	0
0	0.013789844	0
0	0.022641135	1
0	0.004527355	0
0	0.004068294	0
0	0.372904	1
0	0.005375943	1
0	0.02993899	0
0	0.006336808	1
1	0.9987262	1
0	0.02321437	1
1	0.9826721	0
0	0.00160588	0
0	0.31966057	1
0	0.004612485	1
1	0.95594275	1
1	0.9778405	0
0	0.01538489	0
0	0.018854856	1
0	0.1292279	0
0	0.016317412	0
0	0.003785776	1
1	0.9776858	0
1	0.6431665	1
1	0.97780937	1
1	0.93517077	1
0	0.29247102	1
0	0.009130589	1
1	0.93271965	0
1	0.9696498	0
1	0.99532545	0
0	0.003930043	1
0	0.25900227	0
0	0.003531133	1
1	0.5537145	0
1	0.6309205	1
1	0.86231667	0
0	0.002870479	1
1	0.7043761	1
0	0.003046585	1
1	0.98427135	1
0	0.003406348	1
1	0.9739664	1
0	0.020451328	1
0	0.002306506	0
0	0.005696795	0
0	0.019873945	1
0	0.001413248	0
0	0.044887874	1
0	0.020235622	0
0	0.01388606	0
1	0.9846682	0
0	0.003887598	1
0	0.035446122	0
0	0.013150628	0
0	0.004860789	0
0	0.67490005	0
1	0.724381	0
0	0.65164113	0
1	0.73142767	0
0	0.23681092	0
1	0.90771854	0
1	0.98961675	1
1	0.8218024	1
0	0.017719958	1
1	0.9558423	0
1	0.98368156	0
0	0.025980297	1
0	0.15281835	1
1	0.602637	0
0	0.012132799	1
1	0.94125104	1
0	0.004293835	0
1	0.3536957	0
1	0.8052729	0
0	0.16752513	0
1	0.7996236	0
0	0.011559489	1
1	0.9920888	1
1	0.9591927	1
0	0.8039105	0
0	0.015229501	0
1	0.85662496	0
1	0.96474385	1
1	0.8071981	1
1	0.9678666	0
0	0.001375305	1
0	0.008995128	0
1	0.73252183	0
0	0.003700083	1
0	0.009909084	1
0	0.017263401	0
1	0.64381844	0
0	0.007877896	1
0	0.016125606	1
0	0.002662096	1
0	0.25746852	0
0	0.014940782	1
0	0.5538172	0
0	0.025550185	1
0	0.023399144	0
1	0.32935944	0
0	0.002817945	0
0	0.10867427	1
0	0.041638248	1
1	0.996768	0
1	0.7866939	1
0	0.005795843	0
0	0.006960354	1
0	0.53080124	0
0	0.43351665	1
1	0.31168982	0
0	0.03580192	1
1	0.78301406	0
0	0.08667673	1
0	0.39793736	1
1	0.9860146	0
1	0.825417	1
0	0.013601361	0
0	0.035322126	0
1	0.99681145	0
0	0.002129697	1
0	0.001651449	1
1	0.79719394	1
1	0.79132897	0
0	0.001694248	0
1	0.9981439	1
0	0.017744467	0
1	0.7245674	1
0	0.004315184	0
1	0.97245467	0
1	0.52978826	0
0	0.009142348	1
1	0.82005996	0
0	0.122903585	0
1	0.81185776	0
0	0.009485884	1
1	0.7668573	0
0	0.7266353	1
1	0.81978554	1
1	0.6184028	1
0	0.39920804	1
1	0.67637765	1
0	0.31872043	1
1	0.9811317	0
0	0.14122105	1
1	0.17339674	1
0	0.001255175	0
0	0.00534821	0
0	0.002154563	1
0	0.42033285	0
0	0.002221297	0
0	0.03254797	0
0	0.3515913	0
0	0.96848464	0
1	0.2823267	0
1	0.916213	1
0	0.019299384	1
0	0.37191084	0
1	0.9395294	1
1	0.9499438	1
1	0.9132775	1
0	0.18978713	0
1	0.99464816	0
1	0.99869066	1
1	0.46403652	0
0	0.010456043	0
0	0.006635774	0
0	0.010298755	0
1	0.9432168	0
0	0.030634657	1
0	0.060685344	0
1	0.9891538	1
0	0.48664352	0
1	0.51910555	1
0	0.001854921	0
1	0.51496553	0
0	0.02519297	1
1	0.91283524	1
0	0.007439938	0
1	0.9109371	0
1	0.9725543	1
1	0.6974568	0
0	0.21373698	1
1	0.99475163	1
0	0.007553476	1
0	0.5482497	0
1	0.7595268	0
0	0.017659554	1
1	0.9106372	1
0	0.06915144	0
1	0.99346465	0
1	0.98127836	0
0	0.54371655	0
1	0.31021485	0
1	0.99716455	0
0	0.16938764	0
0	0.006320213	0
0	0.16732524	1
0	0.54219615	0
0	0.005590042	1
1	0.86688715	1
0	0.43196633	0
1	0.7494016	1
0	0.000783552	0
1	0.9779889	1
0	0.057943735	1
0	0.000911218	0
1	0.94329286	1
0	0.078301646	0
0	0.21543536	0
0	0.22807114	0
1	0.96124125	0
0	0.007845798	0
0	0.22568043	1
1	0.998116	1
0	0.006021068	1
0	0.29773977	1
0	0.005084198	1
0	0.009874054	0
0	0.001201749	0
0	0.012311804	1
1	0.6898297	1
0	0.010175414	0
1	0.93933195	1
1	0.8293185	1
1	0.990276	1
0	0.04874538	1
1	0.8858139	1
1	0.91068584	1
1	0.9058888	0
0	0.004749857	0
0	0.008287624	0
0	0.15618692	0
1	0.94010895	0
0	0.048726242	0
1	0.9563971	0
1	0.67540234	0
1	0.9776692	1
1	0.99880147	0
1	0.71954834	1
1	0.97616017	1
0	0.006274328	1
1	0.97976893	0
1	0.7071555	0
0	0.018996138	1
1	0.9678801	0
0	0.016812496	0
0	0.00792514	0
0	0.016953444	1
1	0.7205629	1
0	0.001936264	0
0	0.006879945	1
1	0.5846509	0
0	0.004940842	0
0	0.033112846	0
1	0.5549482	1
0	0.019771481	1
1	0.6412745	1
1	0.46472862	1
0	0.5364093	0
1	0.9101525	0
0	0.24648874	1
0	0.005570015	1
1	0.8851217	0
0	0.006728261	0
0	0.030791385	0
0	0.001989242	0
0	0.011845466	1
0	0.010886364	0
1	0.91165537	1
0	0.007467087	1
1	0.79155475	0
0	0.013989004	0
0	0.001662025	1
1	0.9792964	1
0	0.002092658	0
0	0.2722912	1
0	0.007369509	0
1	0.9684947	1
0	0.07122936	1
0	0.011599341	0
1	0.8706467	1
0	0.49558988	0
1	0.6883303	0
1	0.94666404	1
1	0.993415	1
1	0.9824869	0
1	0.9635389	0
0	0.40163493	1
0	0.015339269	0
0	0.063512504	0
1	0.84980905	0
0	0.023150725	0
0	0.15071079	1
0	0.051441833	1
0	0.44890755	1
0	0.07229527	1
0	0.006192213	1
0	0.5465859	0
0	0.35326862	0
0	0.049269535	1
0	0.32525092	0
0	0.003340378	1
1	0.9951083	0
1	0.98025	1
1	0.749171	0
0	0.009891323	1
0	0.3883737	1
1	0.97912025	1
1	0.81895655	1
1	0.64594287	0
0	0.034870252	1
1	0.9839504	1
1	0.5267469	1
0	0.001723743	1
1	0.84164125	0
0	0.003875844	0
0	0.004094627	0
1	0.36826912	1
0	0.008123598	1
1	0.996986	1
0	0.55085206	0
0	0.09201049	1
0	0.08322881	1
0	0.118301205	0
0	0.014359176	1
0	0.003748813	1
1	0.99534875	0
1	0.83381414	0
1	0.75209206	1
0	0.002132947	0
0	0.005100895	1
1	0.8203984	0
1	0.99732035	1
0	0.05131175	0
0	0.010652968	0
1	0.73978066	1
1	0.90359646	1
1	0.9082433	0
0	0.4484371	0
1	0.55744207	0
1	0.870675	1
0	0.002447721	1
0	0.01057173	1
0	0.0965872	1
0	0.4886071	1
0	0.113667265	1
1	0.98432606	1
0	0.005430357	1
0	0.020012273	0
0	0.04218738	1
0	0.001083709	1
0	0.015683748	0
1	0.83605677	1
0	0.008576695	0
0	0.45232764	0
0	0.08247876	1
0	0.07370496	1
1	0.91884184	0
0	0.017552765	0
1	0.8901082	1
0	0.053389266	1
0	0.009188595	1
0	0.11035877	0
1	0.45181885	1
1	0.95476085	1
1	0.9170691	0
1	0.67147654	1
0	0.001808094	1
1	0.9968503	0
0	0.000852756	1
0	0.36343005	0
1	0.97610575	0
1	0.86799794	1
0	0.005717362	0
0	0.012703305	0
1	0.47958678	1
1	0.87608606	1
1	0.8597955	0
0	0.081035085	1
1	0.98091495	1
1	0.95448166	1
1	0.85614353	0
1	0.793571	1
0	0.18537234	0
0	0.6223929	0
1	0.77263534	0
0	0.003684431	0
1	0.80745614	1
0	0.0016449	1
1	0.4264338	0
1	0.85959184	1
0	0.007996554	1
1	0.316976	1
1	0.86501336	0
0	0.0388775	0
0	0.022541469	1
1	0.24350771	0
1	0.9185213	0
0	0.6377575	1
1	0.72611415	1
1	0.9982827	0
1	0.9700734	1
1	0.9641271	1
0	0.30086124	1
1	0.8451023	1
0	0.001626784	1
0	0.4191526	0
1	0.32325515	0
0	0.017484073	1
0	0.002221486	1
0	0.5294938	0
0	0.46360847	0
0	0.002616585	1
0	0.017120026	0
0	0.004452356	0
0	0.002217621	0
0	0.27487826	1
1	0.39602736	0
0	0.005500998	0
0	0.48890406	1
1	0.97529185	1
0	0.89967996	0
1	0.99150777	0
0	0.008741264	0
1	0.99479747	0
1	0.87945616	1
0	0.25879693	1
1	0.73309857	0
0	0.13127637	0
0	0.01895297	0
0	0.6156219	0
0	0.006331454	0
0	0.014376558	1
0	0.029234711	0
1	0.5621069	0
0	0.048468098	1
0	0.10480363	1
1	0.99810314	0
0	0.006109546	0
1	0.2332949	0
0	0.018603044	0
0	0.003099	1
0	0.3580061	0
0	0.07508896	1
0	0.22135338	1
1	0.98444414	1
0	0.005792385	0
0	0.1527014	1
1	0.86619174	1
1	0.5429953	0
0	0.335168	0
0	0.013793671	1
1	0.99853754	1
0	0.6509913	1
0	0.44465667	0
1	0.46708715	0
0	0.2769363	0
0	0.017964914	1
0	0.06088153	0
0	0.002959841	0
1	0.35921425	0
0	0.009568294	1
0	0.8152724	0
0	0.003655485	0
1	0.998116	1
0	0.000873583	0
0	0.17035827	1
0	0.09267248	1
1	0.99924785	1
1	0.7548331	0
0	0.002380861	0
0	0.004336929	1
1	0.95078665	1
0	0.000822069	1
0	0.260855	1
0	0.003087386	0
1	0.9857917	1
0	0.018468125	1
1	0.98858124	1
0	0.09756637	1
1	0.8773413	0
0	0.20607837	0
0	0.013883024	1
0	0.014508625	0
0	0.022411589	0
1	0.7739388	1
0	0.001264958	0
1	0.94141454	1
1	0.73283017	0
1	0.9588974	1
1	0.99802184	0
1	0.90963376	0
0	0.60257614	1
0	0.01211973	0
0	0.86122024	1
1	0.5752411	1
1	0.012284981	1
0	0.002200465	1
1	0.9883824	1
0	0.025560148	0
1	0.72186154	1
0	0.006452356	1
1	0.8515638	1
0	0.04166952	1
0	0.27633485	0
0	0.002716809	1
1	0.8604305	0
0	0.7312781	0
1	0.979219	1
0	0.10826005	1
0	0.011108265	0
1	0.99142843	1
0	0.003719517	0
1	0.48559758	0
0	0.006099583	1
1	0.8742758	1
0	0.007073735	0
1	0.97473633	0
0	0.01801662	0
0	0.011172241	0
0	0.005480272	1
0	0.001811333	1
0	0.5115079	1
0	0.013325894	0
1	0.9980052	0
0	0.11652396	0
0	0.08794443	0
0	0.093077466	0
0	0.15034398	1
0	0.29083577	1
0	0.010432689	0
0	0.8683438	0
1	0.78093153	0
0	0.006178393	0
1	0.8526301	1
0	0.063938744	1
0	0.81804776	0
1	0.3172558	0
0	0.022075066	0
1	0.4863916	0
0	0.025739893	0
1	0.64401525	1
0	0.39712283	0
1	0.98493946	1
0	0.00184501	1
0	0.007345785	1
1	0.67947406	1
0	0.89687884	0
1	0.7590078	0
1	0.2818393	0
0	0.002423027	0
0	0.005829387	1
0	0.020931093	0
0	0.007579432	0
0	0.006196983	0
1	0.40096596	0
0	0.014516753	1
1	0.59558266	1
0	0.005388625	0
0	0.012239598	0
0	0.001199428	1
1	0.46380207	1
0	0.005045577	1
1	0.55195916	1
0	0.012726614	0
0	0.02757113	1
1	0.88143367	0
0	0.63149244	1
1	0.34017986	0
1	0.51155216	1
1	0.9935127	0
1	0.77691734	1
1	0.9768559	1
0	0.011391865	0
1	0.6828227	1
1	0.8146354	0
1	0.9829002	1
0	0.3589318	1
0	0.32659674	0
0	0.006086697	1
1	0.957156	1
1	0.77997184	0
0	0.037035987	0
0	0.357206	0
1	0.9889981	1
0	0.017197482	1
1	0.9133375	1
0	0.4182327	1
1	0.2647592	1
0	0.006143389	0
0	0.005899933	1
1	0.9397858	0
0	0.16314065	0
1	0.9710055	0
0	0.001360593	0
0	0.066596866	1
0	0.013315171	1
0	0.000761582	1
1	0.10998435	0
1	0.9466853	1
1	0.9480752	1
1	0.88800967	0
1	0.99333316	0
0	0.22457395	1
0	0.002740795	0
0	0.5413033	1
0	0.02097426	1
0	0.3288721	0
1	0.9408277	1
0	0.0591688	1
0	0.114756346	0
1	0.9700181	1
1	0.7575527	0
1	0.853597	0
0	0.010462371	0
0	0.007952054	1
0	0.006222245	0
0	0.7559462	1
1	0.9758756	1
0	0.001406673	1
0	0.026628692	1
0	0.006506248	1
0	0.06802645	0
0	0.1255671	0
0	0.003724749	1
1	0.99404174	1
1	0.57025665	1
0	0.00181119	0
0	0.003634163	1
1	0.35896277	1
0	0.37366277	0
0	0.28313026	0
1	0.36041516	1
1	0.84896266	1
0	0.006027374	0
1	0.65526253	1
0	0.10267548	1
1	0.90600395	1
0	0.004244009	1
0	0.013635045	0
0	0.29485717	1
1	0.8901176	0
0	0.014488348	0
1	0.69950217	1
0	0.03559005	1
0	0.3853118	0
0	0.15177648	1
0	0.002235513	1
0	0.020660717	1
1	0.96605843	1
1	0.96998143	0
0	0.56444055	0
1	0.6570475	1
1	0.93418413	1
1	0.96268314	0
1	0.690399	1
0	0.005513592	1
1	0.38494775	1
0	0.00274893	1
1	0.94233173	1
1	0.9806435	1
0	0.60257065	0
0	0.014780442	0
0	0.007470314	0
1	0.9473563	1
0	0.23950322	1
0	0.00201057	0
1	0.95795095	1
0	0.025166642	0
0	0.039035566	0
1	0.9438947	0
0	0.003443074	1
0	0.024076577	0
0	0.012518456	0
1	0.97226757	1
0	0.003290365	1
1	0.9746397	0
1	0.17754728	1
1	0.735759	1
1	0.5825211	0
1	0.68233967	1
0	0.08151049	1
1	0.8554311	0
0	0.01022588	1
0	0.000878097	0
0	0.7495764	0
0	0.23840289	0
0	0.005290997	1
1	0.863637	1
0	0.003649803	0
0	0.002800924	0
1	0.98333526	0
0	0.010450736	1
1	0.95145226	0
0	0.009384918	0
1	0.9977623	1
0	0.009892696	1
1	0.6397017	0
1	0.89938384	1
1	0.98297715	0
0	0.77974	1
1	0.63732797	1
0	0.014775492	0
0	0.2450499	1
0	0.032982532	1
0	0.2243131	1
0	0.003267942	1
0	0.004379236	0
0	0.00787138	0
0	0.26581073	0
0	0.000760082	0
1	0.84349954	0
1	0.9820157	1
0	0.001453674	1
1	0.6836374	1
0	0.24019426	0
0	0.002143114	1
1	0.72224784	1
1	0.9889719	1
0	0.015215811	0
1	0.91298854	0
0	0.012250792	1
1	0.7885238	0
1	0.25537515	1
0	0.006137694	0
1	0.90995187	0
1	0.7592644	1
0	0.069845036	0
0	0.016601708	0
0	0.021225696	1
1	0.86473763	1
1	0.90925753	0
0	0.083890535	1
0	0.011812203	0
0	0.04184107	1
0	0.14495604	1
0	0.2379349	0
0	0.28644803	1
1	0.99752504	1
0	0.007333886	0
0	0.001601871	1
1	0.9983974	1
1	0.99721825	0
0	0.00221879	1
0	0.02650342	1
0	0.028296487	0
1	0.7670389	0
1	0.943135	0
1	0.95031476	1
0	0.005811167	1
0	0.008875385	1
1	0.8290522	0
0	0.732522	0
0	0.021040803	0
1	0.99596256	1
0	0.09508382	0
0	0.22185329	0
0	0.078344055	1
1	0.8598739	0
0	0.11419533	1
0	0.02043062	0
0	0.9055512	0
1	0.97376144	0
1	0.6988386	0
0	0.038069423	1
1	0.9695821	0
1	0.9977266	0
1	0.97238165	1
1	0.9978728	0
1	0.9735811	0
0	0.012765045	0
1	0.78577113	1
0	0.008113925	0
0	0.008112705	1
1	0.9972155	1
1	0.9563339	1
0	0.2738601	0
1	0.9781913	0
1	0.93861127	1
0	0.014646564	1
0	0.022586586	1
0	0.003138078	1
1	0.6855711	1
1	0.57243353	1
1	0.97148985	1
1	0.9681501	1
0	0.8997417	0
0	0.5803786	1
0	0.013906431	0
0	0.001709554	1
0	0.28780505	0
0	0.020399032	1
0	0.000806357	1
0	0.008809189	1
1	0.9850225	1
0	0.006927348	0
0	0.003328165	1
0	0.006848378	0
1	0.86687344	1
0	0.000939482	0
0	0.003700484	1
0	0.09319605	1
1	0.21823828	0
0	0.007647126	0
0	0.016321912	1
0	0.016836237	1
0	0.006578285	1
0	0.014329714	0
1	0.99530715	0
0	0.3500544	0
0	0.254895	1
0	0.010167647	0
1	0.8079179	1
0	0.025380474	1
1	0.56789744	0
1	0.7182281	1
0	0.82304764	0
0	0.004428222	0
1	0.5362267	1
0	0.010835199	1
0	0.003999178	0
1	0.956624	0
1	0.012779758	0
0	0.001088911	0
0	0.010887298	0
0	0.010493363	1
0	0.2138735	0
1	0.9183745	0
0	0.10197054	1
0	0.020031681	1
1	0.6168816	1
0	0.011533498	0
1	0.07838183	1
1	0.7910887	1
0	0.1252151	1
0	0.001767372	1
0	0.00657299	1
0	0.1913682	1
0	0.2043233	0
0	0.63027394	0
0	0.000617672	1
1	0.80914456	0
1	0.64798343	0
1	0.894581	1
0	0.003048786	0
0	0.021352675	1
1	0.99554163	0
0	0.74616134	0
1	0.902869	1
0	0.000830813	0
0	0.03012836	0
1	0.7234319	1
1	0.55686677	1
0	0.013006429	0
0	0.055599954	1
1	0.99378175	1
1	0.69851744	0
1	0.8956358	0
0	0.002294686	1
0	0.006833585	1
1	0.49871087	0
1	0.5997363	0
1	0.4868885	1
1	0.84063977	1
1	0.9242517	0
0	0.9128522	0
0	0.20920913	1
1	0.99754554	1
0	0.007468355	1
1	0.9215359	0
1	0.882788	1
0	0.28516224	0
1	0.95104104	1
0	0.003740325	1
0	0.3949808	0
1	0.99131083	1
1	0.9953685	1
0	0.11686082	0
0	0.004391976	0
1	0.92241704	0
1	0.78523403	0
1	0.99622774	1
0	0.53759485	0
0	0.018985543	0
0	0.00735833	0
0	0.04375533	1
1	0.9280459	1
0	0.08198113	0
1	0.96246344	1
0	0.015157092	0
1	0.79919165	1
1	0.79584205	1
1	0.572881	1
1	0.8007788	0
0	0.010637982	1
0	0.004949615	1
1	0.9914232	1
1	0.93922484	1
1	0.58617723	0
1	0.9569246	1
0	0.004984327	1
1	0.38184786	0
0	0.048071813	1
1	0.29985577	0
1	0.5935539	0
1	0.9844588	1
0	0.29818428	0
0	0.105589814	1
0	0.01924858	0
1	0.9988682	1
1	0.6238697	1
0	0.09410065	0
1	0.636405	1
0	0.021478912	1
0	0.006131806	0
1	0.8803007	1
1	0.9911607	0
0	0.22923557	1
0	0.011956045	1
1	0.8778797	1
1	0.6788286	1
1	0.78754616	0
0	0.041846454	0
0	0.31260312	1
1	0.9727448	0
1	0.99515617	0
0	0.046751324	1
1	0.9899753	1
0	0.00647656	1
1	0.9600785	1
0	0.011750286	1
1	0.7750207	1
0	0.08996221	1
0	0.56139886	0
1	0.99490017	0
0	0.55902666	1
1	0.7153344	0
0	0.34910432	0
0	0.06016671	1
0	0.011942511	1
1	0.9472514	1
0	0.28427827	1
0	0.68202096	1
1	0.99601585	1
1	0.71157056	0
0	0.013880536	0
0	0.05366301	1
0	0.00562323	1
0	0.35024402	0
0	0.017565113	1
0	0.02975891	1
1	0.9821509	1
0	0.5462762	0
0	0.003006771	0
1	0.86360276	1
1	0.99473804	1
1	0.8995023	1
1	0.98847735	1
0	0.16131331	1
1	0.64433265	1
1	0.6298527	0
0	0.12095781	1
0	0.004352018	0
1	0.81079495	1
0	0.003641514	0
0	0.002857202	1
0	0.7287395	1
1	0.97442347	0
0	0.003349051	0
0	0.04108467	1
0	0.007968876	0
1	0.9634876	1
1	0.624119	1
1	0.993233	1
1	0.99086493	0
0	0.7708993	0
0	0.026821887	0
0	0.014474281	1
0	0.06857682	1
0	0.101643056	1
0	0.035923675	1
1	0.996021	0
0	0.009841284	0
0	0.06899665	0
0	0.003225851	1
0	0.20632438	1
0	0.010701257	0
0	0.00663716	1
0	0.13394515	1
0	0.18434082	1
0	0.000543449	1
1	0.9922809	0
1	0.6768653	1
0	0.17247406	0
0	0.02826164	1
0	0.000679071	0
1	0.9828142	1
1	0.9482609	1
0	0.008584219	1
0	0.009511038	0
1	0.58622295	0
1	0.9941017	0
1	0.98586905	0
1	0.98795766	1
1	0.75693923	1
1	0.015562499	0
0	0.002445439	0
0	0.02923156	0
1	0.51534855	0
1	0.90820545	0
1	0.9282099	1
0	0.013425146	1
0	0.15020418	1
0	0.006387728	0
0	0.022040607	0
0	0.05707846	1
1	0.99447566	0
1	0.91293883	1
1	0.973498	0
1	0.91879284	0
0	0.009776482	0
1	0.9743936	0
0	0.007363752	1
1	0.9799589	1
0	0.24831885	0
0	0.008389327	0
0	0.032407768	1
0	0.06530152	1
1	0.90205574	0
1	0.87085915	0
0	0.00738295	0
0	0.004631334	0
1	0.9075491	1
1	0.6108934	1
0	0.10804521	1
1	0.5158591	0
1	0.7007514	1
0	0.009496324	0
0	0.10416475	0
1	0.6046921	1
1	0.99039686	1
0	0.001211534	0
0	0.001270906	1
0	0.072477564	0
1	0.5600851	1
1	0.9979	1
1	0.9241256	0
0	0.023335425	0
0	0.111845866	1
0	0.07874548	1
0	0.016434189	1
1	0.89477867	1
0	0.005268316	1
1	0.96901447	1
1	0.16142237	0
1	0.90048623	0
0	0.040193263	0
0	0.046901654	0
1	0.9488131	0
0	0.08147314	0
1	0.9208686	0
0	0.13152093	1
0	0.005856653	1
0	0.002156016	0
0	0.053099714	0
0	0.014845828	0
0	0.004522121	1
1	0.80001646	0
0	0.005106752	1
0	0.059046656	0
0	0.020517718	1
0	0.034531765	0
1	0.76964355	0
0	0.01814613	1
1	0.9838381	1
0	0.000672255	1
0	0.38034946	0
1	0.310805	0
0	0.0032939	1
1	0.88206875	0
1	0.9632452	1
0	0.016423887	0
1	0.79331875	1
0	0.1609945	0
0	0.010428268	0
1	0.94903845	1
1	0.84426475	1
0	0.1458419	1
0	0.5083927	1
0	0.14667663	0
0	0.08753396	0
0	0.22557026	1
0	0.06810363	0
1	0.95222706	0
1	0.86147267	1
1	0.89978826	0
0	0.2329246	0
1	0.5009754	1
1	0.626762	0
0	0.009108014	0
0	0.69350004	1
1	0.2769411	0
0	0.010024997	1
0	0.004287589	0
1	0.99827766	0
0	0.37483582	1
0	0.000610185	1
1	0.6204554	1
0	0.05085031	0
0	0.22384994	0
0	0.006230131	1
0	0.015404029	1
0	0.5817294	0
0	0.049060334	1
1	0.80715746	1
1	0.9646105	0
0	0.12880443	1
1	0.8023653	0
0	0.02067159	1
0	0.006951487	1
0	0.07046152	0
1	0.97157764	0
1	0.58700657	0
0	0.003540491	1
1	0.8397721	0
1	0.21768296	0
1	0.8521321	0
0	0.23685071	0
0	0.15846086	1
1	0.28878325	0
1	0.73944163	0
0	0.001441839	1
0	0.0207799	0
1	0.7790684	1
1	0.9454811	0
1	0.95777464	1
1	0.90639853	1
0	0.024872197	1
0	0.04443055	1
0	0.001776937	0
0	0.002514324	0
0	0.8868835	0
0	0.009610582	1
0	0.016389228	0
0	0.24960183	1
1	0.99707603	0
0	0.004812597	1
0	0.5774896	0
1	0.96889335	0
0	0.03868307	0
0	0.011044241	1
1	0.88991153	0
1	0.98746604	0
1	0.9749282	1
1	0.7651778	0
1	0.25946325	0
1	0.539761	0
1	0.99144477	1
1	0.9926664	1
0	0.005292727	1
0	0.05592382	0
0	0.00641142	0
1	0.93880653	0
1	0.7674728	1
0	0.019409994	0
0	0.005723681	1
0	0.007246552	0
0	0.122842364	0
0	0.004660254	0
0	0.012240491	1
1	0.08746954	0
1	0.9339419	0
0	0.002067277	1
0	0.7983923	0
0	0.96053594	0
1	0.6007336	1
0	0.003912142	1
1	0.112458274	0
0	0.014567094	1
1	0.878696	1
1	0.99729025	1
1	0.26282546	1
1	0.94277954	0
0	0.008604156	1
1	0.6419527	0
0	0.3565276	1
0	0.24043539	0
0	0.014619393	0
0	0.5698117	1
1	0.60023725	0
0	0.42296818	1
1	0.69512516	0
0	0.005127739	1
0	0.019760443	0
1	0.8536979	1
1	0.58432674	1
0	0.18313499	0
0	0.000799775	1
1	0.962476	1
0	0.008941458	0
1	0.88305867	1
1	0.97902876	1
0	0.080632314	0
0	0.12057881	1
1	0.7962064	0
1	0.91178113	0
1	0.85367286	0
1	0.69875467	0
0	0.071579665	1
0	0.007690417	0
1	0.9260916	0
1	0.92258674	1
0	0.2714966	1
0	0.092881486	0
0	0.040993344	0
0	0.05980151	1
0	0.023311121	0
0	0.6003177	0
1	0.696336	0
0	0.7069567	0
0	0.009690032	1
0	0.001841001	0
0	0.005826748	0
0	0.014625371	0
1	0.92610437	0
0	0.008377387	1
0	0.031020992	1
0	0.002276776	1
1	0.7173591	1
1	0.6991721	1
1	0.7277174	1
1	0.80831265	0
0	0.001445577	0
0	0.004254266	1
0	0.3005024	0
1	0.98385704	0
1	0.925427	0
0	0.013904772	0
0	0.003540516	0
0	0.18887226	1
0	0.33520702	1
1	0.96887815	0
1	0.85703456	0
0	0.03497279	1
1	0.9949297	1
0	0.000813244	1
1	0.8098509	1
0	0.25793597	1
1	0.970656	1
0	0.09392005	1
1	0.8373642	1
0	0.004822862	0
1	0.9983121	1
0	0.026725147	1
0	0.043414943	0
0	0.02518428	1
1	0.9624379	0
0	0.26717013	1
0	0.5522856	0
0	0.024495278	0
0	0.032217517	1
0	0.0439478	0
0	0.031656757	0
0	0.003707025	0
0	0.82977295	0
0	0.2841162	0
1	0.8385214	1
0	0.001230764	1
0	0.3873766	1
1	0.74349415	0
0	0.019837221	1
0	0.012441438	1
1	0.9762997	1
0	0.19938298	1
0	0.012325369	1
0	0.019324511	1
1	0.973332	1
0	0.004553798	0
1	0.65245086	0
1	0.9189228	0
0	0.00753387	0
1	0.78810865	1
1	0.9775324	0
0	0.037338573	0
1	0.9572884	1
0	0.057124358	1
0	0.010576814	0
1	0.97730166	1
0	0.000896179	1
0	0.007392286	1
1	0.42928067	0
1	0.5950169	1
0	0.03439767	0
0	0.00425279	1
0	0.0224906	0
1	0.96757597	1
0	0.56259555	0
1	0.86512566	1
1	0.9671805	0
0	0.002407592	1
1	0.81178	0
0	0.41432565	1
1	0.41168964	0
1	0.49008435	0
0	0.21128394	1
1	0.9097193	0
0	0.012179758	0
0	0.008695439	0
1	0.97672844	1
1	0.6629658	0
0	0.14083654	0
0	0.081977434	0
1	0.9213191	1
0	0.06082996	0
0	0.03638036	0
1	0.6559955	0
1	0.43824074	0
0	0.10349666	1
1	0.9720438	0
1	0.6831194	1
0	0.003013558	0
0	0.010101304	1
0	0.004986711	1
0	0.13589668	1
0	0.007493174	1
1	0.39138347	0
1	0.51669097	1
1	0.973795	0
1	0.9641587	1
0	0.6217678	0
1	0.9942694	1
1	0.95398545	0
0	0.003424302	0
0	0.026985858	0
1	0.8264088	1
1	0.8636756	1
0	0.027834471	1
0	0.046935484	1
0	0.012861277	1
1	0.9770049	0
1	0.9771703	1
0	0.001398032	0
1	0.80114037	0
0	0.018389555	1
0	0.037562918	0
1	0.9944458	0
1	0.90999186	1
0	0.00889455	1
1	0.83750045	1
1	0.8877729	1
1	0.9826743	1
0	0.06585057	1
1	0.93073463	1
0	0.032998543	0
1	0.33592662	0
1	0.797516	0
0	0.030401811	1
0	0.001825714	0
0	0.30938414	1
1	0.55274564	1
0	0.006047115	0
0	0.10979436	1
0	0.000600235	0
0	0.94084066	0
1	0.9329436	0
0	0.004479124	1
1	0.9604385	0
0	0.02650067	0
0	0.006635085	0
0	0.003590179	1
0	0.011756783	0
0	0.004935355	1
0	0.020991687	0
0	0.01020639	1
1	0.74762094	1
1	0.5007186	0
1	0.49818295	0
0	0.024101688	1
1	0.6032468	1
0	0.005239562	1
0	0.002351407	1
1	0.73870784	0
1	0.98782	1
0	0.003387534	0
1	0.816005	0
0	0.008739789	0
1	0.7417612	1
1	0.79492694	0
0	0.061809577	0
0	0.007773093	1
1	0.108454145	1
0	0.01038479	1
0	0.006213824	1
0	0.30426994	1
1	0.8517852	0
1	0.5590086	0
1	0.79057693	1
0	0.6277884	0
0	0.00034532	0
1	0.9849015	1
0	0.21195379	0
0	0.024066463	0
0	0.16007113	0
0	0.005461663	1
0	0.002323009	1
0	0.006259385	1
1	0.9358475	0
0	0.08366053	1
0	0.04583419	0
1	0.715821	0
0	0.39221466	0
1	0.9895656	1
0	0.015285418	0
1	0.99257654	0
1	0.9985857	0
0	0.052528176	1
1	0.53762996	0
1	0.9556084	0
0	0.06486354	1
1	0.892145	0
0	0.00299924	0
0	0.48374775	1
1	0.98696077	1
0	0.37378094	0
1	0.9946884	1
1	0.9891017	1
0	0.093060285	1
1	0.25279665	0
1	0.87860245	0
0	0.01405892	1
0	0.4313421	0
1	0.7638478	0
1	0.8017968	0
1	0.97948277	1
1	0.17263928	0
1	0.5150013	0
0	0.06331638	0
0	0.47874957	0
1	0.9063665	0
0	0.4063498	0
1	0.9903042	0
0	0.46310213	1
0	0.004733547	1
1	0.9903014	0
1	0.9784303	1
1	0.055034246	0
0	0.12175616	0
0	0.25078514	0
0	0.5129404	1
0	0.21578945	0
0	0.326513	0
1	0.599415	0
0	0.011691743	0
0	0.26618016	1
0	0.26521844	1
1	0.44684935	0
0	0.4018183	0
0	0.017129641	0
1	0.9077308	0
0	0.010431477	1
0	0.004212618	1
1	0.9754378	0
1	0.7071897	1
1	0.98924834	1
1	0.42435247	1
0	0.53616714	0
1	0.026465327	1
0	0.007412568	0
1	0.20914745	0
0	0.05066215	1
1	0.9870122	1
0	0.001697157	0
0	0.004087177	1
1	0.18932855	0
0	0.062702574	0
0	0.23676063	0
0	0.5251831	0
0	0.11675079	1
0	0.41307765	0
1	0.8006533	0
0	0.023748612	0
0	0.15925229	1
0	0.006258902	0
0	0.003010006	0
0	0.044118837	0
1	0.5616024	0
1	0.584671	0
1	0.8171482	0
1	0.74161905	1
1	0.9644529	0
1	0.927456	0
0	0.013889847	0
1	0.6842724	0
1	0.97915524	0
0	0.16593899	1
1	0.9522346	1
1	0.88187957	1
1	0.9943158	1
0	0.012893263	1
0	0.033176526	1
1	0.8445496	0
0	0.11606341	1
0	0.012770658	1
1	0.49002787	1
0	0.041461032	1
0	0.089447826	0
0	0.016428662	0
1	0.81981003	0
1	0.9903314	1
1	0.72266656	0
0	0.000829664	0
0	0.003096344	0
0	0.001385287	0
1	0.9581616	0
1	0.8193248	0
1	0.94869965	1
0	0.009067476	1
1	0.7946373	0
1	0.9579787	1
1	0.9930118	0
0	0.008386633	1
1	0.8896269	1
0	0.000648413	1
0	0.025346816	1
0	0.022512501	1
0	0.99638486	0
1	0.837538	1
0	0.21123163	0
0	0.033445287	0
0	0.004356274	0
1	0.94745195	1
1	0.71278995	0
1	0.76048625	1
0	0.17386529	0
1	0.98091084	1
0	0.06436389	1
0	0.29451466	0
0	0.02402721	1
1	0.8398905	0
0	0.5290064	1
0	0.26118603	1
0	0.00501476	0
0	0.054862212	0
0	0.20385367	1
0	0.014271003	0
1	0.5426269	0
0	0.39051896	0
0	0.001437433	0
0	0.023206817	0
0	0.007537147	0
0	0.007576349	1
0	0.032138847	1
0	0.014067931	0
0	0.002268098	0
1	0.9116278	0
0	0.022518782	1
0	0.005101263	0
0	0.16574164	0
1	0.99653697	1
0	0.03848812	1
0	0.057845045	1
0	0.26921603	0
1	0.83922	1
0	0.2255004	1
1	0.39324355	0
0	0.015761761	0
0	0.030241916	0
0	0.11077396	0
0	0.11393971	1
1	0.883716	0
1	0.34582773	1
1	0.9736733	1
0	0.05361995	0
0	0.016434658	1
0	0.25166938	1
0	0.6372639	1
1	0.44826284	0
0	0.76248676	1
1	0.9972161	0
1	0.93640673	1
0	0.004751375	0
0	0.15214181	1
1	0.47379988	1
1	0.9767952	1
0	0.025584007	0
0	0.002072758	1
1	0.4975873	1
1	0.8863935	1
1	0.7624489	1
0	0.21442294	1
0	0.23846334	1
0	0.020931548	0
0	0.17816764	1
0	0.012814094	0
0	0.008937225	1
0	0.065796964	1
1	0.9785962	0
1	0.72170854	0
0	0.038938954	0
1	0.8533158	0
0	0.002484239	1
1	0.8453996	0
1	0.935904	1
0	0.22715844	0
0	0.23083082	1
0	0.00148264	1
0	0.032191034	0
0	0.018726854	1
0	0.33514944	1
1	0.8043241	1
0	0.000903679	1
0	0.003853401	1
0	0.07740802	1
0	0.6006327	0
1	0.97714907	0
0	0.017784704	0
1	0.46704447	0
0	0.8290638	0
0	0.0610336	0
0	0.030109895	0
0	0.26982298	0
1	0.8470542	0
0	0.75889415	1
0	0.00109566	0
0	0.00287994	0
0	0.002063501	0
1	0.579477	1
1	0.99510694	0
1	0.9474526	0
0	0.07859119	0
0	0.018930966	0
0	0.053395856	0
1	0.67761475	0
0	0.008496849	1
1	0.9861812	0
1	0.9352427	1
1	0.8926938	0
1	0.8551663	1
1	0.9972367	0
0	0.016138133	0
0	0.015261716	0
1	0.9018082	1
0	0.02888444	0
0	0.8978355	0
0	0.19658501	0
1	0.9850071	0
0	0.073209666	1
1	0.8709196	0
0	0.001471529	1
1	0.95687604	1
0	0.03166958	0
0	0.038448717	0
0	0.008239214	0
0	0.009515548	0
1	0.9810953	1
1	0.897567	0
0	0.004546148	1
0	0.08826083	0
0	0.010380753	0
0	0.033601798	1
1	0.93418735	1
0	0.7649484	0
1	0.98812443	1
0	0.0412593	1
0	0.002530539	1
1	0.9405268	1
0	0.33509523	1
0	0.33769488	1
0	0.001736538	1
1	0.9906632	0
0	0.002260539	0
0	0.055387203	1
0	0.056593396	1
0	0.03002763	1
1	0.958569	0
1	0.61521304	1
0	0.002702108	1
0	0.016293557	1
0	0.005193607	0
0	0.000372348	1
0	0.6632187	1
0	0.00184365	1
1	0.9556153	0
0	0.00278811	0
1	0.83193463	1
0	0.09587247	0
1	0.6424505	0
1	0.7445708	1
0	0.004261606	1
0	0.00640835	0
1	0.81790483	1
1	0.7929506	1
0	0.17382354	1
0	0.005009412	0
1	0.2170107	0
1	0.8854403	1
0	0.062940374	0
1	0.73905843	1
1	0.59177506	1
1	0.9712948	1
1	0.8507074	1
0	0.002846387	1
0	0.003028176	0
1	0.9886701	1
0	0.02150955	0
0	0.003054118	1
0	0.006113796	0
0	0.007204022	1
0	0.00056621	0
1	0.97815585	0
1	0.91258734	1
0	0.000390703	1
1	0.8258174	0
0	0.30061814	1
0	0.12106968	0
1	0.9944938	1
0	0.003909816	0
0	0.11862962	1
0	0.36889523	1
1	0.8861296	1
0	0.01360753	0
0	0.055519752	1
0	0.26280972	1
1	0.73295593	1
0	0.010657387	0
0	0.0781694	0
1	0.90082437	1
0	0.004134031	0
1	0.5771709	0
0	0.011067676	1
1	0.76002175	0
1	0.97942	0
0	0.031007929	0
0	0.003588438	1
1	0.60228163	1
0	0.1441832	0
0	0.018343681	1
1	0.9968514	1
1	0.9983583	0
0	0.009183697	0
0	0.07097145	0
0	0.009884036	0
1	0.4714445	0
0	0.5990271	1
0	0.01123419	1
0	0.009303295	0
1	0.975916	1
0	0.003474146	0
0	0.111045994	1
0	0.51438195	0
0	0.08345468	0
1	0.9058768	0
1	0.6666306	0
0	0.32738724	0
1	0.8121434	0
0	0.00234794	1
1	0.99826884	1
1	0.83179134	0
1	0.9899832	1
0	0.015973026	0
0	0.8808161	0
1	0.9790142	0
1	0.90181553	1
0	0.004982227	0
0	0.4600849	0
1	0.96654975	0
0	0.21989805	1
0	0.005759684	0
0	0.09105453	1
1	0.9897573	0
0	0.3854698	0
1	0.8418181	0
0	0.006119216	0
1	0.9896646	0
0	0.008451199	1
1	0.99803036	1
0	0.34169483	1
1	0.82694083	0
0	0.010550464	1
1	0.94478476	0
0	0.010782223	0
0	0.23734395	1
1	0.4619014	1
0	0.7531233	0
0	0.004457628	0
1	0.9921651	1
1	0.8344509	1
0	0.002915715	1
0	0.014633887	0
1	0.9832177	1
1	0.9986438	0
1	0.7102888	1
0	0.023821253	0
0	0.09780991	1
0	0.0349968	0
1	0.8062799	1
0	0.22327876	1
1	0.99671245	1
0	0.009412501	1
0	0.00253433	1
1	0.6188257	1
0	0.560584	0
0	0.002894943	1
0	0.022257894	1
0	0.027301457	0
0	0.2299481	1
0	0.006046218	1
1	0.51811445	1
0	0.005919037	1
1	0.9773138	0
1	0.9905538	0
0	0.004145053	1
0	0.10189253	0
1	0.8511972	0
0	0.014400558	0
0	0.02413324	1
1	0.8956236	0
1	0.89209145	1
1	0.6388953	1
0	0.023248415	0
0	0.17243136	1
0	0.2174668	0
0	0.001276012	0
1	0.66677266	1
0	0.005557001	0
0	0.008480603	1
1	0.9572025	0
1	0.94331276	0
0	0.002529851	1
1	0.515347	0
0	0.14648348	0
1	0.36260033	0
0	0.014419831	1
0	0.042036027	1
1	0.44879943	1
1	0.48680347	1
1	0.4371019	0
1	0.99584574	1
1	0.98687404	0
1	0.39486885	1
0	0.46628484	1
1	0.8647486	0
0	0.0317434	0
1	0.95027494	1
0	0.028243097	1
1	0.9157275	0
1	0.72033817	0
0	0.01081505	1
1	0.78966576	0
0	0.17681748	1
0	0.00954784	1
1	0.995376	1
0	0.002505611	0
1	0.47067955	0
1	0.98950386	1
1	0.9253729	0
0	0.012547023	1
0	0.011217793	0
0	0.11982807	1
0	0.010958833	1
0	0.011327261	1
1	0.6857085	1
1	0.73893195	1
1	0.605017	1
0	0.24249835	0
1	0.9832671	1
0	0.36948034	1
0	0.37397474	1
0	0.01169275	1
0	0.002390561	1
0	0.038233723	1
0	0.17901267	0
1	0.71492875	1
0	0.013876889	1
0	0.05074011	0
0	0.022311427	0
1	0.75314534	0
1	0.9042925	0
1	0.9988937	1
0	0.004267552	1
1	0.99717605	0
1	0.89368194	1
1	0.42899132	0
0	0.17886564	1
1	0.7692531	1
1	0.98022765	1
0	0.17844966	1
1	0.7411872	0
1	0.9285763	1
0	0.19126067	1
0	0.05787987	1
0	0.07296851	1
1	0.9968784	1
0	0.000419474	1
0	0.050873753	1
0	0.008068393	1
0	0.015648607	0
1	0.9219957	0
0	0.39880425	1
0	0.03265943	1
0	0.034083247	1
0	0.003370812	1
1	0.99193066	0
0	0.012002408	1
0	0.01645258	0
0	0.6821157	0
1	0.8054994	1
0	0.004644462	1
0	0.002673401	1
0	0.039234344	1
1	0.9932422	1
0	0.005064936	1
0	0.003518112	1
1	0.9880391	0
0	0.008638136	0
0	0.014882548	0
0	0.05653781	1
0	0.13887921	0
0	0.017139912	1
0	0.003977522	0
1	0.9219244	0
0	0.019311324	1
0	0.015414295	1
0	0.042104166	1
1	0.9848754	0
0	0.81156975	1
0	0.018406777	1
0	0.003292637	1
1	0.99817765	1
1	0.8423169	1
0	0.14341846	0
0	0.005823026	1
0	0.13562958	1
0	0.48183376	0
1	0.4414587	0
0	0.010906375	1
0	0.014779353	1
1	0.97415143	0
1	0.97874546	0
0	0.038069338	1
1	0.7743928	1
0	0.020048087	0
0	0.011831955	0
0	0.14247297	1
1	0.7225512	0
0	0.28715116	1
0	0.38771063	1
1	0.89394957	1
0	0.00161929	0
0	0.09860441	1
0	0.00417654	0
1	0.9979983	1
0	0.06328712	0
1	0.94187444	0
0	0.031911567	0
1	0.7125434	0
0	0.013000369	0
1	0.9979023	1
1	0.93825513	1
1	0.9103471	1
1	0.38092777	1
1	0.840971	0
1	0.96151966	1
0	0.42271608	1
0	0.01722572	0
0	0.004415047	1
1	0.9962488	0
0	0.018329823	0
0	0.2908876	1
0	0.021588711	1
1	0.7426377	1
1	0.88784856	0
0	0.16313705	1
1	0.70862186	0
0	0.15179618	0
1	0.76253164	1
0	0.08973971	0
0	0.48008227	1
1	0.73105466	1
1	0.9828857	1
0	0.007923011	0
0	0.046427168	1
0	0.17805181	0
1	0.46766448	0
0	0.002607695	1
0	0.009329084	1
0	0.01086382	0
1	0.9940771	0
0	0.8943294	0
0	0.014503341	1
0	0.05089709	0
1	0.99567825	1
0	0.020323314	0
0	0.013369828	0
0	0.003671042	0
0	0.31879136	0
1	0.573316	0
1	0.98705	0
1	0.5855183	0
0	0.015111974	0
1	0.7439399	0
0	0.001336451	0
0	0.017644985	1
1	0.9967661	0
1	0.8017088	0
0	0.020341849	1
0	0.2430399	1
0	0.6077122	0
1	0.98067975	1
0	0.04577464	0
0	0.06342769	1
0	0.004936501	0
0	0.021798862	0
0	0.038698696	0
0	0.016981782	1
1	0.9989084	0
0	0.27989554	0
0	0.3774157	0
1	0.8607816	1
0	0.23314807	0
1	0.84984136	1
1	0.8892025	1
0	0.078106366	1
0	0.88051295	0
0	0.03411041	0
1	0.99559045	0
0	0.2767341	1
0	0.003346611	0
0	0.4549417	0
0	0.709015	0
0	0.39054313	0
0	0.686138	1
0	0.06678761	1
1	0.9847536	1
0	0.003530761	1
0	0.07473601	1
0	0.005270311	0
0	0.004917841	0
1	0.9830468	1
0	0.012834516	0
0	0.007460873	0
1	0.49329588	0
0	0.5602865	1
1	0.68426865	0
0	0.022017863	1
0	0.006060721	1
1	0.8073117	0
0	0.012260409	0
0	0.018996933	1
1	0.5164951	0
0	0.24891202	0
1	0.8287344	0
1	0.8880775	1
0	0.17530619	1
0	0.000327961	1
0	0.10089821	1
0	0.001308546	0
0	0.17450574	1
0	0.000890834	1
1	0.71792	0
1	0.95040584	1
0	0.006894302	1
0	0.021105504	1
1	0.56309533	0
1	0.81712526	1
0	0.12103343	0
0	0.010483604	1
0	0.25681835	0
1	0.74114525	0
0	0.34325552	0
1	0.8375819	1
0	0.13826337	1
1	0.6718521	0
1	0.7908171	1
0	0.28509963	1
0	0.000974784	0
0	0.5565051	0
0	0.007194344	0
0	0.076325655	0
0	0.006295416	1
0	0.12574764	0
0	0.01950576	1
0	0.026532235	0
0	0.013676511	1
0	0.010471758	1
0	0.10657821	1
0	0.37844893	1
0	0.45694196	1
0	0.47339588	1
1	0.7304798	1
0	0.024149586	1
0	0.03808739	0
0	0.03485701	1
0	0.002006836	1
0	0.003080165	1
1	0.077758	0
0	0.000550929	0
1	0.6764614	1
0	0.542137	0
1	0.9961377	1
0	0.011522397	1
0	0.02316028	1
0	0.35317978	1
0	0.01845193	1
0	0.43593228	0
1	0.8782587	0
1	0.9971757	1
0	0.007106815	1
1	0.99099636	1
0	0.06368722	1
0	0.22313344	1
0	0.034563582	1
1	0.9818086	1
0	0.02013838	0
1	0.49929956	1
0	0.043322004	1
1	0.535621	1
1	0.8716102	0
0	0.03342592	0
1	0.578269	0
0	0.25691354	1
0	0.3368428	1
0	0.022088705	1
1	0.8731186	1
1	0.17288049	1
0	0.1319368	0
1	0.9577051	1
0	0.17499492	0
0	0.020097911	0
0	0.11793833	0
0	0.001245641	1
0	0.20557089	0
0	0.003281146	0
0	0.00232662	0
0	0.24338707	1
1	0.7888783	1
0	0.006179915	1
0	0.08564344	0
1	0.9060046	1
0	0.002943616	1
1	0.66215706	1
0	0.29122162	1
1	0.92076707	1
1	0.8818039	1
0	0.007658797	0
0	0.010689688	0
1	0.85038066	0
1	0.9258283	1
0	0.40617582	0
0	0.3984426	1
0	0.024761735	0
0	0.001744445	0
1	0.73282903	1
1	0.84859794	1
1	0.9900113	1
0	0.3798349	0
1	0.40199214	1
0	0.03066101	1
0	0.006009008	1
1	0.99374676	0
0	0.5187968	0
1	0.6949253	0
1	0.95839894	0
0	0.34132132	0
0	0.015539351	0
1	0.94375217	1
0	0.007209761	1
0	0.00720304	0
1	0.4719538	1
0	0.007393521	1
0	0.004335621	1
0	0.24762693	0
0	0.01690521	0
0	0.090170786	1
0	0.15887393	1
1	0.98556834	0
1	0.98932636	0
0	0.124785304	0
0	0.0124959	1
1	0.77104825	0
1	0.7829238	0
0	0.0279562	1
0	0.018042155	0
1	0.8441412	0
0	0.017395157	0
0	0.00784599	1
1	0.39510897	0
1	0.6022645	1
0	0.001025016	1
0	0.003762857	1
0	0.13226496	0
0	0.042963322	1
1	0.7831187	0
0	0.039460327	1
0	0.3084891	1
0	0.001748431	1
1	0.7880272	1
0	0.2556928	1
0	0.10708132	0
0	0.008048606	0
0	0.001496313	0
0	0.4833891	1
0	0.048629384	1
1	0.60929996	0
0	0.008119247	0
1	0.94987494	0
1	0.12901093	0
0	0.015813405	1
1	0.51317745	1
1	0.99842465	0
0	0.02894089	1
1	0.7343371	1
1	0.21661933	1
1	0.31401402	0
1	0.85853165	0
0	0.014709292	1
0	0.09499364	0
0	0.7730152	1
1	0.8341436	1
0	0.08948286	1
1	0.5572151	0
1	0.89818436	1
0	0.33505058	0
0	0.007235062	1
0	0.10300885	1
0	0.8617208	1
0	0.007571159	0
0	0.30563197	1
1	0.81062025	0
0	0.05856084	1
0	0.05359384	1
0	0.010421254	0
1	0.65491986	1
0	0.21216236	1
0	0.000410042	0
0	0.65382016	0
0	0.4223036	0
0	0.024815412	1
1	0.83037406	1
0	0.001344931	0
0	0.001567547	1
0	0.26936355	0
1	0.6954577	1
0	0.025081445	1
0	0.00182424	0
0	0.023867007	1
0	0.013490964	1
0	0.06390323	0
0	0.01605657	0
0	0.00258426	1
1	0.24020907	0
0	0.013075203	1
0	0.5332955	0
0	0.23024845	0
0	0.38730973	1
0	0.001394989	1
1	0.9824959	1
1	0.85890454	1
0	0.05465514	0
1	0.24260648	1
0	0.014888611	0
1	0.6170815	0
1	0.96404827	0
1	0.95841724	0
1	0.9968359	1
1	0.9517431	0
0	0.007228369	1
0	0.003662718	0
0	0.16437657	1
1	0.98264205	1
0	0.001359574	1
0	0.170201	0
0	0.00089625	0
0	0.047617707	0
0	0.43023366	0
0	0.026485814	0
1	0.8633365	1
1	0.8904624	1
1	0.81905293	1
0	0.004802575	0
0	0.051030166	0
0	0.507168	1
0	0.008650044	1
0	0.8929011	0
0	0.021992251	0
1	0.6323369	0
1	0.8799206	1
1	0.99133885	1
1	0.94455904	0
1	0.6843467	1
0	0.21530703	1
1	0.9347888	1
0	0.0480358	0
0	0.65094995	0
0	0.11035542	0
1	0.97888637	0
1	0.95155376	1
0	0.42762005	1
0	0.00842935	0
0	0.6569245	0
1	0.8740129	1
0	0.028412497	0
0	0.001194711	1
0	0.001342623	0
0	0.005073787	1
0	0.11956536	1
1	0.89644486	1
0	0.026780782	0
0	0.004831523	0
1	0.9187743	1
1	0.8628505	1
1	0.9608136	0
0	0.017690733	1
0	0.3531122	0
0	0.001372139	1
0	0.0408589	1
1	0.996798	0
0	0.19959654	0
1	0.9359619	0
1	0.8493518	0
1	0.96314424	1
1	0.9721344	1
0	0.019305008	1
0	0.003618084	0
0	0.005563025	1
1	0.9816959	0
0	0.018261945	1
1	0.95494497	1
0	0.018191664	1
1	0.9257985	0
0	0.10421188	1
1	0.99264765	0
0	0.002188167	1
1	0.720069	0
1	0.961227	0
1	0.9846592	0
0	0.15949291	1
1	0.22783723	1
1	0.98176366	1
0	0.15450084	0
0	0.008154999	0
1	0.9713264	0
0	0.09989831	1
1	0.011857885	0
1	0.9961991	0
0	0.014872395	1
1	0.79453826	0
1	0.6340731	1
0	0.2955167	0
1	0.021469539	0
1	0.3067144	1
0	0.08938835	0
0	0.006061747	1
1	0.9026824	1
0	0.56406075	1
0	0.45457652	1
0	0.005148284	0
0	0.00421759	1
0	0.019040544	0
0	0.011998563	1
0	0.40138012	0
1	0.12848225	0
0	0.8466516	0
1	0.8142894	1
1	0.9230439	1
1	0.99828374	1
1	0.47656533	1
0	0.003650729	0
0	0.83495325	0
0	0.010133841	1
1	0.7055616	0
0	0.17353846	1
1	0.98975956	1
0	0.39437374	0
1	0.92202264	1
1	0.59120804	0
1	0.765552	1
1	0.77752244	0
1	0.7575316	0
0	0.014814804	1
1	0.9533365	1
0	0.31023705	1
0	0.001036452	0
1	0.9937995	0
1	0.76506424	0
1	0.9522065	1
1	0.91364574	0
0	0.02219097	0
1	0.94675165	1
0	0.0055238	0
1	0.9867698	1
0	0.014292907	1
0	0.2728982	1
0	0.013907028	0
1	0.94720453	0
1	0.19207169	1
1	0.9084251	1
1	0.978518	0
1	0.64353734	0
0	0.011792326	0
1	0.91167325	1
1	0.38184315	1
0	0.020864349	0
0	0.098054565	1
0	0.113721795	0
1	0.18179047	0
0	0.06410163	1
1	0.9957979	0
1	0.99584854	0
1	0.9954639	1
1	0.96048623	0
0	0.020349894	1
1	0.14241982	1
1	0.99609464	0
0	0.002518456	0
0	0.009008025	1
1	0.95066875	0
0	0.00208615	1
1	0.91448516	0
1	0.86270386	0
1	0.9820123	0
0	0.008238677	1
0	0.055934973	1
0	0.12513123	0
0	0.004003523	1
0	0.036074646	1
1	0.97730404	0
0	0.99177915	0
0	0.004915182	1
0	0.08253423	1
1	0.5163415	1
1	0.96988064	1
1	0.9524101	1
0	0.04558501	0
1	0.9967706	1
1	0.86184305	0
0	0.34640753	0
0	0.02120083	1
1	0.9593595	0
0	0.0075218	1
0	0.061421927	1
0	0.001191067	0
1	0.9953296	1
1	0.9855612	1
0	0.018907247	0
0	0.01269184	1
0	0.007308795	0
1	0.91700315	1
0	0.3041687	1
1	0.99758136	0
1	0.75888413	0
0	0.001496713	1
0	0.016707946	1
0	0.03263742	0
0	0.013470823	0
0	0.001183996	1
0	0.05840652	1
0	0.16449115	0
1	0.34830648	0
0	0.5234213	0
0	0.001932284	0
1	0.8531077	0
1	0.9982008	1
1	0.9500047	0
0	0.017429389	0
1	0.3392474	0
0	0.09474892	1
0	0.00815523	1
0	0.53191584	1
0	0.007542763	1
1	0.115391746	1
0	0.03940894	1
0	0.023633182	0
1	0.7007539	1
0	0.6987752	1
1	0.924585	1
0	0.036254346	0
1	0.90761185	0
1	0.9433492	0
0	0.008978387	1
1	0.98299026	0
1	0.66474545	0
1	0.9963076	1
0	0.008947485	1
0	0.25725448	0
0	0.07459597	0
1	0.03645263	0
0	0.55751395	1
0	0.048937112	0
0	0.14373416	0
1	0.71012324	0
1	0.39577636	0
0	0.004669921	0
0	0.008479088	1
1	0.07681742	0
0	0.026962373	1
0	0.019111183	1
0	0.39784688	1
1	0.97616845	0
1	0.98661	1
0	0.13718732	1
0	0.05308387	0
0	0.011144608	1
0	0.40261602	1
0	0.7160556	0
0	0.13509387	1
0	0.05652346	1
0	0.5346399	0
1	0.62171537	0
0	0.04394229	0
0	0.99266833	0
1	0.9772635	0
0	0.6706024	0
0	0.000399478	1
0	0.001669747	1
0	0.001147339	1
1	0.99759007	0
0	0.02677247	1
1	0.9948211	0
0	0.003280484	1
0	0.078255	0
1	0.82984495	0
1	0.96965563	1
0	0.7445303	1
0	0.27632767	1
0	0.005753257	1
0	0.008723635	0
1	0.8055187	1
1	0.93671954	1
0	0.6133168	0
0	0.01971304	0
1	0.84503233	0
1	0.9292197	1
1	0.74456406	1
0	0.22679274	1
0	0.082654856	1
0	0.82268226	0
1	0.6150571	1
1	0.99433917	1
0	0.012756834	0
0	0.5845761	0
0	0.019523364	0
0	0.004485324	0
0	0.030270569	1
0	0.007461654	0
1	0.9907452	0
1	0.99341303	0
1	0.7792934	1
0	0.25904793	1
0	0.002272393	1
0	0.006918045	0
0	0.004437948	0
0	0.003903433	0
1	0.6731438	1
0	0.021011839	0
1	0.5896103	0
0	0.05433586	0
0	0.002395151	0
0	0.003979608	1
1	0.98124653	1
0	0.25890929	1
0	0.007743426	0
1	0.66938496	1
0	0.006153135	1
0	0.6934259	0
1	0.96470314	1
0	0.002963095	1
1	0.5073189	0
0	0.008271312	1
0	0.024970768	0
0	0.21190931	1
1	0.9041862	1
1	0.9397355	0
0	0.05551105	1
0	0.3593089	0
0	0.01858521	1
0	0.34802595	0
0	0.005557488	0
1	0.74380386	1
0	0.03411752	1
0	0.001652428	0
0	0.011693362	1
1	0.76188475	1
1	0.48456943	1
1	0.9369474	1
0	0.00208335	0
0	0.01076692	1
1	0.9483472	1
0	0.970488	0
0	0.120624475	1
1	0.9988329	0
0	0.009972642	0
1	0.8031356	0
0	0.2555279	0
1	0.12386436	1
1	0.4191209	1
1	0.97348017	0
0	0.16217256	1
0	0.012917846	0
1	0.7245727	1
0	0.021689696	1
0	0.018550778	0
1	0.1045364	1
1	0.6000754	0
0	0.57662016	0
1	0.992576	0
0	0.009533245	1
0	0.005812796	1
0	0.011425903	0
0	0.060152218	1
1	0.56967616	1
1	0.9845228	1
0	0.20037442	0
0	0.006452164	0
0	0.024288502	1
0	0.010065873	0
0	0.027549574	0
0	0.033833854	1
1	0.9832245	0
1	0.6337537	0
1	0.9983941	1
0	0.14638439	1
0	0.001668261	0
0	0.01015154	0
1	0.41258934	1
1	0.6808329	1
0	0.023791302	1
0	0.44494832	0
0	0.017527835	1
0	0.016125236	1
0	0.012225826	0
1	0.78940976	0
0	0.054634236	1
0	0.001848005	1
0	0.2676749	0
0	0.003885194	0
0	0.004891284	1
0	0.0045716	0
1	0.92750156	1
1	0.9958138	0
0	0.004883204	1
0	0.22701973	0
0	0.060463343	1
0	0.013644894	1
1	0.319213	0
0	0.9599697	0
1	0.7134483	1
0	0.012994075	1
0	0.016071197	0
1	0.9641728	0
0	0.010085291	1
1	0.5341554	1
0	0.64052206	1
0	0.009095719	1
1	0.79855067	0
0	0.033892654	1
0	0.20627443	0
1	0.9708444	1
0	0.34854674	1
0	0.73943466	1
0	0.007510372	1
0	0.9556922	0
0	0.5519805	0
1	0.72610104	1
0	0.000903617	0
1	0.59218395	1
1	0.29846904	0
1	0.9719819	1
0	0.17970505	1
0	0.17233403	1
0	0.1328588	0
0	0.012280336	0
0	0.09922013	0
0	0.04708008	0
0	0.007941232	1
0	0.03231164	0
0	0.0304242	0
1	0.9922978	0
0	0.12539	1
0	0.026815932	0
0	0.19386277	1
1	0.9777939	1
0	0.002728139	1
0	0.000832418	1
0	0.13820371	1
0	0.47611254	0
1	0.816641	1
1	0.66964793	0
0	0.00231571	0
1	0.5938731	0
0	0.006494885	1
1	0.9676491	0
1	0.31995833	1
0	0.002111562	1
0	0.26190567	1
0	0.34308243	0
0	0.14776525	0
0	0.30711997	0
0	0.04037363	1
1	0.4894423	0
0	0.15023096	0
0	0.16639888	0
0	0.025581736	1
1	0.6862745	0
0	0.008006091	1
0	0.06293645	0
0	0.16245392	1
0	0.007668628	1
1	0.8765433	0
0	0.8648302	1
0	0.44601855	0
0	0.5770139	0
1	0.48513708	1
1	0.9964173	1
0	0.010300038	0
0	0.074055105	0
1	0.98062724	0
0	0.008463171	0
1	0.9305668	0
1	0.9565241	1
1	0.5775501	1
1	0.80846643	1
0	0.005268958	1
1	0.8692392	1
1	0.8492042	1
0	0.001675365	0
0	0.036612164	1
1	0.989817	0
1	0.7789054	0
0	0.009859855	1
1	0.81254107	0
0	0.34922373	1
1	0.8407191	1
0	0.055487305	0
0	0.12991026	1
0	0.024671292	0
0	0.008384191	1
0	0.09297238	0
1	0.9551535	1
0	0.008065745	0
0	0.61159724	0
0	0.002008514	1
0	0.7672067	0
0	0.00934702	1
0	0.038180314	0
0	0.30684397	0
0	0.80077845	1
0	0.001394228	0
0	0.743204	1
0	0.018523967	1
1	0.8699378	1
0	0.39640257	1
1	0.92037106	1
0	0.059841048	0
0	0.0094656	0
0	0.010450534	0
0	0.021223685	1
0	0.014176285	1
0	0.000930825	0
1	0.4587047	0
1	0.74230903	0
0	0.013913718	0
0	0.008080121	1
1	0.8614053	0
1	0.87599903	0
0	0.005783132	0
0	0.10132769	0
0	0.000848844	1
0	0.001877065	1
0	0.12590967	1
1	0.724271	0
0	0.024197975	1
0	0.66667336	0
0	0.2821877	1
0	0.001588908	1
0	0.004899642	0
1	0.9227222	0
1	0.99728596	0
0	0.13567483	0
0	0.03656109	0
0	0.03843029	1
1	0.75068015	0
0	0.001328411	0
0	0.005105754	0
0	0.000934643	1
1	0.403092	1
1	0.99466324	1
0	0.4509517	1
1	0.5532014	1
0	0.03656645	0
1	0.75820863	1
0	0.004229792	0
1	0.9203223	0
0	0.003777166	1
0	0.003589896	1
0	0.006598924	1
0	0.0953325	1
0	0.000844519	0
0	0.44662437	1
1	0.95305145	1
1	0.80309165	0
1	0.99863905	1
1	0.99840635	1
0	0.24497813	1
1	0.36166447	1
1	0.9890063	1
0	0.03507515	1
0	0.07581143	0
0	0.003062524	0
0	0.029342266	1
1	0.8585827	0
1	0.9480542	1
1	0.9568817	1
1	0.26614022	1
0	0.078289814	0
1	0.78601974	0
0	0.18034369	0
0	0.005371715	1
0	0.008217257	0
0	0.003463662	1
1	0.68509346	0
0	0.12794565	1
0	0.40351564	1
1	0.9504304	1
1	0.996451	1
1	0.69454044	1
0	0.24654944	0
1	0.9112282	1
0	0.023335788	1
0	0.005502253	1
0	0.003162582	1
0	0.66578746	1
0	0.072276056	0
0	0.11175222	0
1	0.9311394	1
1	0.5796461	1
1	0.42580494	1
1	0.59450775	1
1	0.7053057	0
1	0.9988053	0
1	0.99192846	1
0	0.2948412	0
0	0.017650994	0
1	0.9351031	1
0	0.20990466	0
0	0.018131817	1
0	0.001490064	1
1	0.9726231	1
1	0.8097429	0
0	0.032793675	1
0	0.010937766	1
1	0.3543096	0
0	0.6724888	0
0	0.21678793	1
0	0.006179238	1
1	0.8007407	0
1	0.98572063	1
1	0.9063063	0
1	0.6886726	1
0	0.024052646	1
0	0.037531037	0
1	0.85928893	1
0	0.33279014	1
0	0.007992923	0
0	0.46664113	1
0	0.32946438	0
0	0.024126016	1
0	0.003386473	1
1	0.9956981	0
0	0.028427325	0
0	0.003635738	0
0	0.7137996	0
0	0.066813216	0
0	0.00702743	0
0	0.01893129	1
1	0.95457584	0
1	0.98178226	1
0	0.018909799	1
0	0.022622462	1
0	0.03195732	0
0	0.020775039	1
0	0.507201	0
0	0.5362267	0
0	0.001023732	1
1	0.8588775	1
1	0.99651283	0
0	0.07726897	1
1	0.8292753	1
1	0.94875866	1
1	0.86176986	1
0	0.004731869	0
0	0.006622592	0
0	0.004296831	0
0	0.02217668	1
1	0.9846544	1
1	0.74422866	0
0	0.009636723	0
0	0.042571064	1
1	0.23604815	0
0	0.009216757	0
0	0.01823839	1
1	0.9961085	1
1	0.789844	0
0	0.6623693	0
0	0.01799505	0
0	0.18942325	1
0	0.003651982	1
1	0.67609614	1
0	0.68468475	0
0	0.025029656	1
0	0.047167577	0
0	0.007947192	0
0	0.13471933	0
1	0.18576232	0
0	0.003715527	1
0	0.62021375	1
0	0.001921428	0
0	0.25978082	0
0	0.02520062	0
0	0.18292746	1
1	0.96732426	0
1	0.99366623	1
0	0.55872345	0
0	0.5385431	0
0	0.040559966	1
1	0.86477286	0
1	0.9575082	0
1	0.58519363	1
1	0.6296262	0
0	0.015709702	1
1	0.9189897	1
1	0.93906766	1
1	0.88942856	1
1	0.87180716	1
1	0.94778436	0
1	0.2536374	0
0	0.028329197	0
1	0.9541752	1
0	0.003873784	0
0	0.000949024	1
0	0.01419607	1
1	0.9966018	1
1	0.9848306	0
1	0.9319175	0
1	0.9959351	1
0	0.033188857	0
0	0.003346521	0
1	0.6349858	1
1	0.77072704	1
0	0.008816521	1
0	0.011349621	0
1	0.9177734	0
0	0.004663783	0
0	0.25956276	0
1	0.22451885	1
0	0.27622554	0
0	0.002857582	0
1	0.8974427	1
0	0.1685879	1
1	0.90624315	0
1	0.5007386	1
0	0.001366755	0
0	0.7105007	1
0	0.12836269	0
1	0.83247805	1
0	0.022433454	1
0	0.33808172	0
0	0.004871851	0
1	0.7040636	0
1	0.21970718	1
0	0.26801592	1
0	0.056134466	0
1	0.529326	1
1	0.38267997	1
0	0.037410174	1
1	0.9872601	0
0	0.001093385	1
0	0.6988367	0
0	0.015946224	1
1	0.9873625	0
1	0.9849107	0
0	0.5507242	0
1	0.99671435	1
1	0.69188416	0
1	0.36390752	0
0	0.22848028	1
0	0.018184464	1
1	0.26004723	0
0	0.14802313	1
0	0.009092785	0
0	0.030458251	0
0	0.003335315	1
0	0.007016502	1
0	0.584347	1
0	0.41165894	1
0	0.009199873	1
0	0.008412373	1
1	0.93133885	0
0	0.005245797	1
1	0.9789763	1
0	0.003217634	0
0	0.032465685	1
1	0.92363966	0
1	0.9287866	1
1	0.9677004	0
1	0.78918594	0
0	0.62016046	1
1	0.61160654	0
0	0.002175716	0
1	0.7461464	0
0	0.5508056	0
1	0.69481826	0
1	0.7122112	0
1	0.88346165	0
1	0.82546777	0
0	0.00911598	0
0	0.3901781	0
0	0.008054528	0
0	0.34729597	1
1	0.83621633	0
1	0.686578	0
1	0.6173332	0
0	0.017565293	0
0	0.005457823	0
0	0.005047519	0
0	0.059889596	1
0	0.0749671	1
0	0.00835227	1
0	0.014967263	0
0	0.7802539	0
1	0.9772109	1
0	0.015717203	0
0	0.058898307	0
1	0.5172718	0
1	0.9901254	0
0	0.010214544	1
0	0.106683224	1
1	0.99615175	0
0	0.012233149	1
1	0.97204745	1
1	0.9696125	1
1	0.8573524	1
1	0.44675714	1
1	0.9228358	0
1	0.9760007	1
0	0.007772368	1
1	0.6113879	0
0	0.01928485	0
0	0.046956602	1
1	0.71456	1
1	0.64297396	0
1	0.84791815	0
0	0.41347238	0
1	0.7723324	1
0	0.019018682	0
1	0.9725528	1
0	0.8662523	0
0	0.034496285	1
1	0.5219742	0
0	0.024798017	1
0	0.3116645	1
0	0.025822153	0
1	0.99412054	0
0	0.07309349	1
0	0.48452228	1
0	0.007502233	0
1	0.97577953	1
0	0.003293375	1
1	0.69851434	1
0	0.2410112	1
0	0.12171777	0
1	0.840475	1
1	0.6652371	0
1	0.93693066	1
1	0.21483853	0
0	0.4467273	1
0	0.010731467	1
0	0.1567089	1
0	0.002579965	1
0	0.015203214	1
0	0.013570458	0
1	0.9702305	1
1	0.6870629	1
1	0.68246555	0
1	0.9621419	1
0	0.020089958	1
0	0.21065594	1
1	0.9294702	0
0	0.5801341	1
0	0.67659974	1
0	0.002740291	0
0	0.013013292	0
0	0.24301983	1
0	0.050241206	0
0	0.027659817	0
0	0.003069929	1
1	0.80743253	1
0	0.000995742	1
0	0.7546602	0
0	0.004720571	1
1	0.8521333	1
0	0.15854971	0
1	0.929603	1
0	0.18964103	0
0	0.002439363	1
0	0.000983109	1
0	0.016738966	0
1	0.765874	0
0	0.025511606	0
0	0.6904032	0
1	0.63189477	1
0	0.012675896	0
1	0.64309055	1
1	0.5634253	1
1	0.83569866	0
1	0.9976058	1
0	0.20157714	1
0	0.002144521	0
0	0.18217835	1
1	0.26894093	1
0	0.3557377	1
0	0.008874458	0
0	0.27030984	0
1	0.92826444	0
1	0.9850454	1
1	0.93740577	1
0	0.3925113	1
1	0.6998672	0
1	0.9138251	0
0	0.03724265	0
0	0.006002597	1
0	0.25738052	1
0	0.01942351	1
1	0.99709725	0
1	0.8182109	0
0	0.005180974	1
0	0.007887151	0
0	0.7588861	0
0	0.011989523	1
0	0.008287028	1
1	0.27907607	1
1	0.9637081	1
0	0.06422364	0
1	0.6760775	0
0	0.004290495	1
1	0.8864476	1
1	0.7814754	0
0	0.05093643	1
0	0.11091991	1
1	0.9934638	0
0	0.59025073	0
1	0.8325063	0
0	0.0081941	0
0	0.94047856	0
0	0.008871905	0
0	0.006371122	0
1	0.94203776	0
0	0.14014068	1
0	0.056439035	1
1	0.13867433	0
1	0.7549187	1
1	0.9973749	1
0	0.5114009	0
0	0.005090249	0
0	0.021031916	1
1	0.46285847	0
0	0.011800759	0
1	0.92490274	1
0	0.06843981	0
0	0.012261436	0
0	0.002592787	0
1	0.6546812	1
0	0.37668243	0
1	0.76193804	0
0	0.3178724	1
0	0.1100327	1
0	0.000460973	1
0	0.024692578	0
1	0.9972362	0
0	0.004411879	1
1	0.9750172	0
0	0.045394406	0
0	0.002512794	1
0	0.004370477	0
0	0.00064317	0
0	0.000858277	0
0	0.014033629	0
0	0.000939406	0
0	0.040771242	1
1	0.77070177	1
1	0.79579973	0
0	0.009781474	1
0	0.001634067	0
0	0.03617727	0
0	0.03714097	1
1	0.8503579	1
0	0.5229629	0
0	0.002892199	0
0	0.01757155	1
1	0.99476385	0
0	0.004703381	0
0	0.018632803	0
0	0.00629541	1
0	0.010897454	1
0	0.005337415	0
0	0.036397036	1
1	0.93374676	1
0	0.009501901	1
0	0.007378978	1
1	0.89544326	0
0	0.007098011	0
1	0.9323913	0
0	0.08615048	0
0	0.010044713	0
1	0.9974312	1
1	0.9076858	1
0	0.6685701	0
0	0.28404617	0
0	0.02875582	0
1	0.9934836	1
0	0.79469794	0
0	0.0513628	1
1	0.97332394	0
0	0.004248571	0
0	0.70176524	1
1	0.81104726	0
1	0.86972076	1
0	0.002315319	0
0	0.2533183	0
1	0.5241558	1
1	0.9714244	1
0	0.008584324	0
1	0.9938857	1
0	0.011214409	1
0	0.05671701	1
0	0.006935005	1
1	0.992311	0
0	0.059573755	0
1	0.87275857	0
0	0.010479316	0
1	0.7856529	1
0	0.078664996	1
1	0.9774835	0
0	0.014700553	1
1	0.9550231	0
0	0.000876302	0
1	0.63447624	0
0	0.3057149	0
1	0.76280236	1
1	0.45590553	0
1	0.90226096	1
0	0.017902415	0
0	0.014568532	1
0	0.015298876	1
0	0.5098168	1
1	0.94581604	1
1	0.7776531	0
1	0.60249966	0
0	0.14160241	1
0	0.05717843	0
0	0.6334159	0
1	0.88268894	1
1	0.97889346	0
1	0.8516843	1
0	0.002138718	0
1	0.97035474	1
1	0.27942994	0
0	0.020953186	1
0	0.12388523	1
0	0.003462869	1
0	0.000652764	1
1	0.11363413	0
1	0.7508259	0
0	0.10711929	0
0	0.004597899	0
1	0.9929074	0
0	0.2829475	1
0	0.04789519	1
0	0.001217878	0
0	0.009573496	1
1	0.6203175	1
0	0.007066739	0
0	0.003136483	1
1	0.82142836	1
0	0.13980773	1
1	0.9121307	1
0	0.044122126	1
1	0.67866606	1
0	0.001692837	0
0	0.002337351	0
0	0.10452154	0
0	0.019196182	0
1	0.9795812	1
0	0.7324491	0
0	0.002759351	0
0	0.30031487	0
0	0.3351888	0
0	0.49031013	1
1	0.5280689	0
0	0.08605474	0
0	0.06973721	0
1	0.8818057	1
1	0.99700683	1
1	0.78111637	0
0	0.003110228	1
0	0.003837466	0
1	0.13854489	1
1	0.9745455	0
0	0.000950576	1
0	0.009394134	0
0	0.011539833	1
0	0.007392114	0
0	0.004910466	1
0	0.53857195	1
0	0.036961723	1
0	0.15216286	1
1	0.81031865	1
0	0.01129436	0
0	0.65331453	0
1	0.5238954	0
0	0.04068403	1
1	0.99687743	0
1	0.81311476	0
0	0.029143259	0
0	0.031278692	1
1	0.94503653	0
0	0.0032832	1
1	0.77145505	0
1	0.44204208	0
1	0.87510073	0
0	0.0329634	0
0	0.07661431	1
0	0.03045947	0
0	0.07083718	0
0	0.007301876	0
1	0.9460518	0
0	0.007723257	1
1	0.9175599	1
0	0.01388066	0
0	0.003408945	0
1	0.86509675	0
1	0.99642205	0
1	0.7754994	1
0	0.082373045	0
1	0.9926426	0
0	0.009482408	1
1	0.5237242	1
0	0.041428164	0
0	0.12644616	1
1	0.98417246	1
0	0.05444922	1
1	0.97890717	1
0	0.0336639	0
1	0.9823958	0
1	0.6197154	0
0	0.006963248	0
0	0.098072045	0
1	0.7711477	1
1	0.9785891	1
1	0.9980521	1
1	0.40524575	0
1	0.61774653	1
0	0.004851773	0
1	0.9928799	0
0	0.032769013	1
1	0.98585993	0
0	0.020171532	1
0	0.017040236	1
0	0.002038799	0
1	0.9198019	0
0	0.3906437	0
0	0.001362399	1
1	0.9854608	1
1	0.9201654	0
0	0.014913031	1
1	0.7209594	0
1	0.9960492	1
0	0.023164295	0
0	0.061204012	0
1	0.99254805	1
1	0.5615642	0
0	0.002075956	0
0	0.005657679	1
0	0.005206969	0
0	0.012103066	1
0	0.4958344	1
1	0.99458003	1
0	0.002954336	0
1	0.48132437	0
1	0.98929286	1
0	0.015414381	1
1	0.97048426	0
0	0.010141918	0
0	0.01850022	0
0	0.011913748	0
0	0.15421255	1
1	0.93733895	0
1	0.96545434	1
1	0.97196734	1
1	0.90638727	0
0	0.09973495	0
1	0.6114933	0
0	0.033595752	1
1	0.67680186	0
1	0.7583082	1
1	0.7972038	1
0	0.004282816	1
0	0.01478345	1
1	0.9949103	1
0	0.000695004	1
1	0.4460831	1
1	0.7777124	1
0	0.06756663	1
1	0.9211584	1
0	0.3806053	1
0	0.007074948	1
0	0.003174916	1
1	0.65557724	1
0	0.8231867	0
1	0.7433944	1
1	0.9841868	1
0	0.019898556	1
0	0.016844828	0
0	0.94049436	0
1	0.970708	0
0	0.9022163	0
0	0.024908355	1
1	0.89624876	0
1	0.38820785	0
0	0.007027883	0
1	0.97186434	0
0	0.007692771	0
1	0.22716556	1
0	0.015425681	1
1	0.86707294	0
0	0.02346955	0
1	0.9875074	0
0	0.11799382	0
1	0.7354765	0
0	0.016838787	1
1	0.62445354	1
0	0.000816096	1
0	0.004534534	0
0	0.76320744	0
0	0.8165699	1
1	0.9747447	0
0	0.063313276	1
1	0.8292913	0
1	0.9122432	1
0	0.12665752	1
1	0.956438	0
1	0.7229598	0
1	0.9962697	0
0	0.021968361	0
0	0.05310831	0
0	0.028712204	1
0	0.005562864	1
1	0.9938975	1
0	0.008724299	1
1	0.9975418	1
0	0.001906965	0
0	0.009160022	1
1	0.85139424	1
0	0.007333671	1
1	0.5325283	0
0	0.18996273	1
1	0.73187333	1
0	0.26675683	0
1	0.94587415	1
0	0.005491006	0
0	0.013327104	0
1	0.8631485	1
0	0.38377765	0
0	0.051963132	0
0	0.000747778	0
0	0.007934311	0
0	0.062443934	0
0	0.001017511	0
0	0.022556376	0
0	0.000752895	1
0	0.329265	0
0	0.003317243	0
1	0.53477025	1
1	0.9745608	0
1	0.7489937	0
0	0.001464067	0
1	0.9140519	0
0	0.001336215	1
0	0.006557971	1
0	0.012231362	0
1	0.77173615	1
1	0.71183085	0
0	0.001969855	0
0	0.5042607	0
0	0.11374731	1
1	0.9712713	1
1	0.99808025	1
0	0.5899767	1
0	0.001759668	1
1	0.42257196	0
1	0.5855767	1
1	0.8496352	0
0	0.006081328	1
0	0.000352332	1
0	0.000884987	0
1	0.82181495	1
1	0.81763864	1
1	0.97646785	1
0	0.029284505	0
0	0.000403107	1
0	0.101277284	0
1	0.63254106	0
1	0.77274036	0
1	0.8168325	1
0	0.47872505	0
0	0.014831607	1
1	0.7281151	1
1	0.9811395	1
0	0.14639504	0
1	0.98074764	0
0	0.25597242	0
0	0.4782909	1
1	0.8713073	1
0	0.26329646	0
1	0.64301693	1
1	0.9304836	1
1	0.4115303	0
1	0.713557	1
0	0.6050591	0
0	0.006037393	0
1	0.75809485	0
1	0.86687446	1
0	0.007854956	0
1	0.79109436	0
1	0.5478019	0
0	0.003762458	1
0	0.04101883	1
1	0.8162403	1
0	0.08566415	0
0	0.20822468	0
0	0.006997997	1
1	0.99750286	1
0	0.9769707	1
0	0.14877369	0
0	0.03328782	1
1	0.9176417	1
0	0.003039307	0
1	0.95045656	0
0	0.03265464	1
0	0.0817009	0
0	0.00361779	1
1	0.9017347	0
0	0.005949425	1
1	0.7186441	0
1	0.99198467	1
1	0.99238026	1
1	0.9451875	0
0	0.00200444	0
0	0.35151085	0
0	0.3313234	1
1	0.84180796	0
0	0.7528454	0
1	0.9037665	1
0	0.015635412	1
0	0.006118013	1
0	0.008016478	0
0	0.007516637	0
0	0.028069247	0
1	0.5414118	0
0	0.083866864	0
1	0.8461925	0
1	0.9940409	1
0	0.009030775	1
0	0.3364202	1
1	0.97456557	0
0	0.34200713	0
0	0.046213165	1
0	0.15557906	1
0	0.007415439	1
1	0.9030997	0
0	0.02207343	1
0	0.001265129	0
1	0.6502782	0
0	0.25216207	1
1	0.99676967	0
0	0.052306306	1
0	0.007468377	1
1	0.33760065	0
0	0.001993584	0
0	0.1693918	0
1	0.7872618	0
0	0.002719936	0
0	0.017649358	0
1	0.9830997	0
1	0.9973807	1
1	0.66875964	0
1	0.66099584	1
1	0.9740137	1
0	0.020296182	0
0	0.01565516	0
1	0.66114116	1
0	0.09958406	0
1	0.6881887	0
0	0.10490684	1
1	0.8332242	0
0	0.15042636	1
0	0.023479247	1
0	0.008933091	1
1	0.9623526	1
0	0.6881529	1
1	0.84888667	1
1	0.98007524	0
1	0.758648	0
0	0.35377535	1
0	0.001906785	1
0	0.12620594	0
1	0.08681482	0
1	0.9825927	0
0	0.019440066	0
0	0.053428598	0
1	0.997511	1
0	0.001438764	0
0	0.106174104	0
0	0.013685924	1
0	0.102435835	1
0	0.000751602	0
0	0.47732192	1
1	0.9640949	1
1	0.60963696	1
1	0.8998263	1
1	0.75071484	1
1	0.7124822	1
0	0.000760637	0
0	0.067326926	1
1	0.9939926	0
1	0.6600779	1
0	0.007317034	0
1	0.82106	1
0	0.019099012	0
1	0.9405119	0
0	0.028023094	1
0	0.03734312	0
0	0.48798668	0
0	0.001516513	1
1	0.1922298	1
0	0.2329351	1
1	0.9981452	1
0	0.27218616	0
0	0.07499764	1
0	0.63625157	1
1	0.9733618	0
1	0.8262133	0
0	0.08998692	1
1	0.92095935	1
0	0.022560876	1
0	0.58666515	1
1	0.5851623	0
0	0.010346871	1
0	0.17257525	0
1	0.24487476	1
1	0.94881004	1
0	0.044138085	0
1	0.030623334	0
1	0.99633753	0
0	0.23861425	1
1	0.93394756	0
0	0.003081237	1
0	0.001458832	1
0	0.69680494	0
1	0.5214827	0
0	0.014631433	0
1	0.85829437	0
0	0.06623205	0
0	0.79994804	0
1	0.9232088	1
1	0.9645637	1
1	0.94772714	0
1	0.4183973	1
0	0.024555692	0
1	0.84674054	0
0	0.26947567	0
1	0.98447305	1
0	0.003114625	0
1	0.6936511	1
0	0.007879662	0
1	0.998816	0
1	0.994194	1
0	0.15039642	0
0	0.013719358	1
1	0.8394824	1
1	0.8935745	0
0	0.19158253	0
1	0.8936893	0
1	0.8367632	1
1	0.9756477	0
0	0.010269713	1
0	0.51190245	1
1	0.97749525	0
0	0.003911594	0
1	0.700443	1
1	0.8029145	1
0	0.007591961	1
0	0.7489656	0
0	0.07442323	1
1	0.89603436	0
0	0.004348389	1
0	0.031543188	1
0	0.001323998	0
0	0.012473208	0
1	0.6563363	0
0	0.059348684	0
0	0.7555813	0
0	0.04690088	1
0	0.001488037	1
0	0.001518746	0
1	0.51747596	1
1	0.9468589	1
0	0.5990909	0
0	0.007481442	1
0	0.015135014	0
1	0.9873412	1
0	0.004487326	0
1	0.030446557	0
1	0.4987366	1
1	0.7128693	0
0	0.003471057	1
0	0.044560503	0
0	0.3052648	1
0	0.001393266	1
1	0.9925984	0
0	0.0673016	1
1	0.095539495	0
1	0.70263994	1
1	0.9918355	1
0	0.00192913	0
0	0.6408271	1
0	0.011134275	1
0	0.009116729	1
0	0.005935929	1
1	0.3050973	0
0	0.006137583	1
0	0.030598719	1
0	0.00178303	0
0	0.4003671	1
0	0.011476628	1
1	0.4843307	0
1	0.9938863	0
0	0.02159472	1
1	0.9014041	0
0	0.7939707	0
0	0.0051653	1
1	0.94018656	1
1	0.855781	1
0	0.8880006	0
0	0.020695092	1
0	0.016295468	1
1	0.9981944	0
0	0.001879548	0
0	0.9029049	0
0	0.07303917	0
1	0.41493827	1
0	0.006839471	1
0	0.021860467	1
0	0.004475719	1
1	0.88729924	1
0	0.001618006	1
0	0.00753247	0
0	0.00822656	0
0	0.23438853	0
1	0.9825905	1
1	0.85514534	0
1	0.99173564	0
0	0.01017418	1
0	0.017193655	1
0	0.004153596	1
1	0.926791	0
0	0.00770558	1
0	0.11402654	1
0	0.001354467	1
0	0.74374646	1
1	0.9438923	1
0	0.3193658	1
0	0.009083046	1
1	0.8431173	1
1	0.7848171	1
0	0.022286093	0
0	0.013368393	1
0	0.09958273	0
0	0.3646241	1
0	0.003208303	1
1	0.9923706	0
1	0.85827965	0
1	0.97879434	1
0	0.31541267	0
1	0.87988305	1
0	0.002888896	0
0	0.18214771	1
1	0.8293786	1
1	0.74826145	1
1	0.7696468	1
1	0.78763896	0
1	0.66597235	0
0	0.24562337	1
0	0.47853693	1
0	0.059600126	0
1	0.13384278	1
0	0.10845604	0
0	0.007487424	0
1	0.5713669	1
0	0.003300783	0
1	0.85906565	1
0	0.87652755	0
0	0.3834503	1
0	0.37040272	1
1	0.98090404	1
0	0.7852679	0
1	0.49419767	0
0	0.008899856	0
0	0.012791309	0
0	0.038198326	1
1	0.86731046	1
1	0.94247276	1
0	0.0997806	1
0	0.004570913	0
0	0.06314849	0
1	0.4732345	0
1	0.90769994	0
1	0.8804573	0
0	0.7518666	1
1	0.8835011	1
0	0.029701848	1
0	0.07513734	1
0	0.37119377	0
0	0.002452141	0
0	0.007761418	0
0	0.001367595	1
1	0.8436363	0
1	0.99097204	0
1	0.53169924	0
1	0.97474265	0
0	0.5520387	1
0	0.030831475	0
1	0.39672345	0
0	0.17667486	0
0	0.010259689	1
0	0.18757036	0
0	0.021801617	1
0	0.33213824	0
1	0.74160814	0
0	0.11949403	1
0	0.01735277	1
0	0.10162336	1
0	0.012880664	1
0	0.002532132	0
1	0.93074733	1
0	0.008099229	0
1	0.8608978	0
0	0.002461123	1
1	0.9579373	0
0	0.004154472	1
1	0.90445185	0
0	0.14830168	0
1	0.9020019	1
1	0.8351212	0
0	0.2035875	1
0	0.007571488	1
1	0.98012286	1
0	0.07199167	0
0	0.004398237	0
0	0.08597175	1
0	0.005840803	1
1	0.8657883	1
0	0.039459378	0
1	0.92303085	0
0	0.014022681	0
1	0.96793103	0
0	0.31193674	1
1	0.99813384	0
0	0.092949964	0
0	0.6619517	1
0	0.115075395	1
0	0.007207478	0
1	0.473862	1
1	0.6604605	0
0	0.001693596	0
1	0.98861384	0
1	0.9245371	1
0	0.033545893	0
0	0.003269512	1
0	0.005776039	1
1	0.8652999	0
0	0.002196123	1
0	0.17307635	0
0	0.65836257	0
0	0.010090726	1
0	0.062039573	0
1	0.988079	1
1	0.86882806	1
0	0.47203076	0
0	0.5628221	0
0	0.009741614	0
0	0.002028434	1
0	0.049461566	0
1	0.86835515	1
0	0.40097088	1
0	0.141665	0
0	0.61465675	0
0	0.005163604	1
0	0.002490419	1
1	0.69205046	0
0	0.006119312	0
1	0.7300438	1
0	0.001672073	0
0	0.020805791	0
1	0.6328994	1
0	0.008048435	0
0	0.07268277	1
1	0.8174498	0
0	0.006708234	0
0	0.024426078	1
1	0.78867483	1
0	0.004023865	1
1	0.6520557	1
1	0.8278289	1
0	0.003589864	1
0	0.011234111	1
0	0.014508692	0
0	0.06863334	0
1	0.5861084	1
1	0.9701493	1
0	0.001831907	1
1	0.9942416	1
0	0.017866844	0
1	0.8209769	1
0	0.69295985	0
0	0.001171507	1
0	0.003793591	0
1	0.9935202	0
0	0.021507343	1
1	0.98066586	1
0	0.009596102	1
1	0.8053499	0
1	0.942884	0
0	0.003822871	1
1	0.98395926	1
0	0.006984802	1
0	0.002289512	0
0	0.7848689	0
1	0.25803584	0
1	0.88769627	0
0	0.004416262	0
1	0.21856461	0
1	0.7594109	0
1	0.7773381	1
0	0.000703991	1
1	0.7980496	1
0	0.07739482	1
0	0.4709633	0
0	0.002954959	0
0	0.003150094	0
0	0.000673212	1
0	0.00483253	0
0	0.010923666	1
1	0.37434056	0
0	0.002101898	0
1	0.92493886	1
0	0.1503229	1
1	0.9824692	1
1	0.9699472	0
1	0.85224557	0
0	0.021837547	1
0	0.06510891	0
0	0.007593534	1
0	0.001287126	1
0	0.022395913	1
0	0.002240482	1
0	0.003016989	1
0	0.01170033	1
1	0.5347746	1
0	0.45168674	1
1	0.68729824	1
1	0.96885955	0
0	0.10627812	0
0	0.001664569	1
1	0.9567344	1
0	0.002631396	1
0	0.03363195	1
0	0.47801518	1
1	0.70457786	0
1	0.3413591	0
0	0.61852735	0
0	0.05307826	1
0	0.68863755	0
1	0.62092817	0
0	0.009612343	0
0	0.004672222	0
1	0.83909136	0
0	0.1188438	0
1	0.9184062	0
1	0.5539722	0
1	0.8208226	0
0	0.4704536	0
0	0.5118531	1
1	0.1473628	0
1	0.97456205	1
0	0.026724646	0
1	0.5867317	1
0	0.19633172	0
0	0.000833487	0
0	0.2568175	1
0	0.018856887	1
1	0.98475325	1
0	0.07476581	0
1	0.9814828	0
1	0.7557476	0
0	0.6511935	1
1	0.64316964	1
1	0.9231273	1
0	0.11343191	0
0	0.18203083	1
1	0.7014753	0
1	0.6742224	0
1	0.9987324	0
0	0.00944747	1
0	0.107096836	1
0	0.03967474	0
0	0.025913654	0
1	0.97530466	1
0	0.03622137	0
1	0.97192526	1
0	0.07476622	0
0	0.001104136	0
0	0.6761727	0
0	0.004254947	1
0	0.027926743	1
1	0.989551	0
0	0.51290065	0
1	0.93021506	1
0	0.24798109	1
0	0.22881101	0
1	0.9982838	0
0	0.5012044	0
1	0.99411774	0
0	0.022772295	1
1	0.9933969	1
1	0.7948409	1
0	0.000470142	1
0	0.03642828	1
0	0.4181311	1
0	0.6617418	1
0	0.52828413	1
1	0.93315727	0
1	0.95526445	0
0	0.011167431	0
0	0.002578243	0
0	0.014555454	0
0	0.09625453	1
1	0.86389446	0
0	0.7250097	0
0	0.81858224	0
0	0.013231566	1
0	0.002669525	0
0	0.09406896	0
0	0.001963818	1
1	0.80071294	1
0	0.13940735	0
0	0.18459551	0
1	0.58383524	1
0	0.002897713	0
0	0.40419468	1
1	0.75068253	1
0	0.03355668	0
1	0.5080143	0
0	0.002091649	1
1	0.91861314	1
1	0.7385164	0
0	0.14423919	1
0	0.008082354	1
1	0.70887446	1
0	0.001132843	1
0	0.016405534	0
0	0.22236322	1
0	0.021080688	0
0	0.09639374	1
1	0.994534	1
0	0.010178436	1
0	0.6328186	0
1	0.9723971	0
0	0.12849829	0
0	0.001175528	1
1	0.80903304	1
1	0.9979685	0
1	0.9852357	0
0	0.3090207	1
0	0.01840536	0
1	0.90827835	1
0	0.022179207	1
1	0.8657317	0
0	0.047026094	1
1	0.99766797	0
1	0.91340196	0
1	0.7788313	1
1	0.75805074	0
1	0.90270275	1
0	0.014710613	1
0	0.005480031	0
0	0.013602237	1
0	0.038646393	0
0	0.93369955	0
0	0.014042334	1
0	0.00205704	1
0	0.007538307	0
0	0.015833855	1
1	0.9976157	1
1	0.92937225	1
1	0.826839	1
0	0.000937012	0
0	0.003469549	1
1	0.76389927	1
0	0.017862076	1
1	0.9101472	0
1	0.96140933	0
1	0.9957748	1
1	0.6883001	0
0	0.009404088	0
0	0.044703927	0
1	0.7520338	1
0	0.014646916	0
0	0.001308027	0
0	0.004031239	1
1	0.97277796	1
1	0.9961123	0
1	0.9809791	0
1	0.83780074	0
1	0.86311203	0
0	0.27427655	1
0	0.005931455	1
0	0.21850331	0
0	0.08540912	1
1	0.889823	1
1	0.5357308	0
1	0.6820428	1
0	0.45493716	1
0	0.002131786	1
1	0.944764	1
0	0.026062192	0
0	0.00486394	1
0	0.09397065	0
1	0.8238874	1
1	0.5823991	0
0	0.000625544	0
1	0.91109854	0
0	0.5554111	0
1	0.76134574	0
0	0.009245304	0
1	0.6980795	0
0	0.011343272	0
0	0.012782116	0
0	0.005752283	0
0	0.39077997	0
0	0.06364636	1
1	0.8434965	1
0	0.68635374	0
0	0.03668843	0
0	0.22939783	0
1	0.7062679	0
1	0.9566606	1
1	0.94221175	1
1	0.9820726	0
0	0.016277485	0
0	0.23078133	1
0	0.02174205	1
1	0.93068993	1
0	0.014570708	0
1	0.77006793	1
0	0.000967654	0
1	0.98519206	1
1	0.8936405	1
1	0.6383019	0
0	0.17703992	0
0	0.059075236	1
1	0.99666923	1
0	0.103798494	1
1	0.9771696	1
0	0.102373615	0
0	0.03743416	0
1	0.9703124	1
1	0.7873701	0
0	0.018582264	0
1	0.9114924	1
1	0.8226829	0
0	0.006287873	1
0	0.015811289	1
0	0.040643875	0
0	0.025003234	1
0	0.014161951	1
0	0.001195376	1
0	0.004580608	1
0	0.07110983	1
0	0.026054198	1
1	0.9713518	1
0	0.005581571	1
0	0.0150791	1
0	0.077299304	0
1	0.73651654	0
0	0.033057198	0
0	0.03510459	0
0	0.005495322	1
1	0.6671858	0
0	0.13945973	0
1	0.70289534	1
0	0.014203245	1
0	0.005116899	1
0	0.005533858	1
0	0.41759273	0
0	0.011094299	0
1	0.26005113	1
0	0.029824113	1
0	0.005444349	0
0	0.035015754	1
1	0.82394296	0
1	0.20300868	0
1	0.5069511	0
0	0.007555789	1
0	0.004034499	1
1	0.75513434	1
1	0.9911861	1
1	0.9552709	0
1	0.984932	1
0	0.021322634	1
0	0.015382052	0
1	0.9889107	0
0	0.11756434	0
0	0.019447766	0
1	0.97074103	1
1	0.96752566	0
1	0.105704315	1
0	0.049242828	1
0	0.07233982	1
0	0.023843147	1
1	0.511967	0
1	0.9916392	1
0	0.032895043	0
0	0.002188593	0
0	0.004650965	1
0	0.00212319	1
0	0.10407842	1
0	0.18757474	0
1	0.843801	0
0	0.004172435	1
0	0.013584163	0
0	0.012118332	1
1	0.17465428	0
1	0.4234035	0
1	0.9962025	0
1	0.17195258	1
0	0.4644843	0
0	0.7573285	0
0	0.3878059	1
1	0.9704142	0
0	0.006353756	0
0	0.042110804	0
1	0.87202233	1
0	0.017595181	1
0	0.001756277	1
0	0.00296932	0
1	0.11128965	1
1	0.91485584	1
0	0.14389785	1
0	0.21794863	1
1	0.4464347	0
0	0.01503599	1
1	0.9115509	0
0	0.002520972	0
1	0.8541549	0
0	0.008915019	0
1	0.9934348	0
0	0.29072708	1
0	0.10957663	1
0	0.01940777	0
0	0.5596919	0
1	0.8842541	1
0	0.004410978	0
1	0.9710152	0
0	0.006883625	1
0	0.009809155	0
0	0.008078489	1
0	0.006689862	0
0	0.04503736	1
1	0.92526156	1
1	0.98412263	0
1	0.9854034	1
0	0.75087494	0
1	0.6458685	1
0	0.006150444	1
0	0.83184224	0
0	0.07845035	1
0	0.107728645	0
1	0.9971826	1
0	0.00897493	1
0	0.001968085	0
0	0.003682097	1
1	0.60577244	0
0	0.013750698	1
1	0.9229428	1
1	0.96841586	1
0	0.02565445	1
1	0.81843305	1
1	0.9988201	0
0	0.007211293	1
0	0.71604276	0
0	0.011009063	0
0	0.5427957	1
1	0.90682477	0
1	0.9940843	1
0	0.000641762	1
1	0.43057683	1
0	0.006298079	1
0	0.11779269	0
0	0.09906714	0
1	0.90665317	1
1	0.82450324	0
0	0.22545175	1
0	0.018111758	0
0	0.012327806	1
0	0.017258355	1
1	0.97948426	0
1	0.9498869	1
0	0.097425215	1
0	0.010743506	1
0	0.012411529	1
0	0.000568538	1
0	0.019630987	1
0	0.067190334	1
1	0.8403354	0
0	0.12495853	1
1	0.9983771	0
1	0.8174821	1
1	0.9970305	0
0	0.5019189	0
1	0.96242434	0
0	0.003803511	0
0	0.5536133	0
1	0.9958832	0
0	0.00601127	1
1	0.97551984	1
0	0.05110136	0
0	0.008644615	0
0	0.6593612	1
0	0.03601286	1
0	0.001323166	1
0	0.02468562	1
0	0.007676234	1
0	0.009733374	0
1	0.9587061	1
0	0.7884043	0
0	0.011687925	1
1	0.99313605	0
0	0.01243551	0
0	0.025652377	1
0	0.13938212	0
1	0.9760774	0
1	0.97395146	1
1	0.69861025	0
0	0.503383	0
1	0.96016705	1
1	0.14336549	0
0	0.006891531	0
1	0.99538714	0
1	0.71549207	1
1	0.6284326	1
1	0.41369966	1
1	0.93090165	0
1	0.99749976	0
1	0.9214898	1
0	0.01367527	0
1	0.96372205	0
0	0.001545748	0
0	0.050675042	0
1	0.06264866	1
0	0.051360458	0
1	0.63120306	0
1	0.89333206	1
0	0.006453283	1
0	0.017586915	1
0	0.23939572	1
1	0.950385	1
1	0.82558644	0
1	0.94540584	1
1	0.9761535	1
0	0.00668048	1
1	0.842561	0
0	0.013731487	0
1	0.9136101	0
1	0.9818143	0
0	0.001675825	1
1	0.9932857	1
0	0.004771344	1
1	0.48663273	1
0	0.06469126	0
1	0.69224364	0
0	0.1036906	1
0	0.008789248	1
1	0.9609004	1
0	0.45199016	0
0	0.003219282	1
1	0.28243726	0
0	0.010602378	0
0	0.00659059	0
0	0.72879434	0
1	0.7676765	1
0	0.003780225	1
0	0.003835501	1
1	0.6125659	1
0	0.021182636	1
0	0.02907232	0
1	0.56097937	0
1	0.65342283	0
1	0.9815118	1
0	0.009651394	0
0	0.002937195	0
0	0.04697491	1
1	0.8826438	1
0	0.005802265	1
0	0.03906406	0
0	0.003159868	0
1	0.67924017	0
0	0.036647458	1
1	0.9974558	1
0	0.32118258	0
0	0.009616302	1
0	0.001032078	1
1	0.74669117	1
0	0.013997241	0
0	0.12437925	0
1	0.9863651	1
0	0.05407635	1
1	0.84101033	1
1	0.94366413	1
0	0.1069157	0
0	0.10255742	1
1	0.9495974	1
1	0.5570511	0
1	0.72390664	0
0	0.002360697	0
0	0.00460894	1
1	0.36173978	1
0	0.000310317	1
0	0.9386289	0
0	0.82086957	0
1	0.9534042	1
0	0.07617327	0
0	0.6672691	1
1	0.99705017	0
1	0.9749784	0
0	0.010397161	0
0	0.017761514	0
1	0.18139693	0
0	0.005287054	0
0	0.045541566	1
0	0.010968631	0
0	0.003231506	1
0	0.009009886	1
0	0.0137145	0
0	0.001399176	1
1	0.998445	1
1	0.9871897	0
0	0.8876906	0
1	0.7696315	1
0	0.015146242	0
0	0.004221998	1
0	0.23882109	0
0	0.0012823	1
1	0.99902856	1
1	0.979978	1
1	0.90441644	0
0	0.89041984	0
0	0.72705793	1
0	0.03641159	0
1	0.9504921	1
0	0.001097546	1
1	0.99599093	0
1	0.997948	1
0	0.3731698	0
0	0.6440088	1
1	0.98081917	1
0	0.008843518	0
1	0.13729547	0
0	0.26753697	1
0	0.004719234	0
1	0.91427946	1
1	0.8195856	1
0	0.002292502	1
0	0.006880255	1
1	0.9718579	1
0	0.000767808	1
0	0.013919935	0
0	0.002741925	1
1	0.9805541	0
0	0.009518034	1
0	0.005734269	0
0	0.001284314	1
1	0.8386041	0
1	0.43153664	0
1	0.91969883	1
1	0.23919523	0
0	0.003310265	1
1	0.58029383	1
0	0.05959969	1
1	0.62861	1
1	0.9602444	0
1	0.81850123	1
0	0.5439531	1
0	0.005535616	0
0	0.6483095	0
0	0.34875697	0
0	0.007654076	1
0	0.0157124	1
0	0.003925877	1
0	0.13476968	1
0	0.012726236	1
0	0.39270264	1
0	0.005049039	1
1	0.6592618	1
0	0.001308964	0
0	0.00616172	0
0	0.006499542	1
0	0.19162501	0
0	0.008984006	1
0	0.044998325	0
1	0.9318164	1
0	0.003989996	1
0	0.010912363	1
0	0.033048276	1
0	0.0035117	1
0	0.020303722	1
0	0.041266996	1
1	0.4703666	1
0	0.010810073	1
0	0.6007182	1
1	0.97603446	0
1	0.9043507	1
0	0.002140836	1
1	0.18729973	0
1	0.97224134	0
0	0.26337153	0
0	0.011504396	0
1	0.93178284	0
1	0.9413991	1
1	0.9068486	1
0	0.007745683	0
0	0.26360044	1
0	0.030707741	1
0	0.003107275	1
1	0.82986253	0
1	0.91846377	0
1	0.707969	0
1	0.91908395	1
0	0.002562149	1
0	0.0039124	1
1	0.9988778	1
1	0.84115267	0
1	0.3398184	0
0	0.00727583	1
1	0.7959671	0
0	0.98186743	0
1	0.98095703	0
0	0.5713626	1
0	0.17013673	0
0	0.007702434	0
0	0.001506469	0
1	0.61716807	0
1	0.9890548	0
0	0.008795398	1
1	0.8684146	1
0	0.015622802	1
1	0.5850881	1
1	0.83287424	0
0	0.004852308	1
0	0.001619106	0
1	0.973937	1
0	0.81321573	1
0	0.5009417	1
1	0.9307039	0
1	0.84113	1
0	0.001315574	0
0	0.5387633	1
0	0.44502574	0
1	0.857946	1
0	0.53555334	1
1	0.60448676	1
1	0.7283503	0
0	0.014962132	0
1	0.8990901	0
0	0.031346265	1
1	0.9875057	0
1	0.9753541	1
0	0.64291507	0
1	0.78810525	1
0	0.2654972	1
0	0.028960697	1
1	0.99454546	0
1	0.970988	1
0	0.006864057	1
1	0.8582459	0
0	0.039458357	0
0	0.021044556	1
1	0.77179384	1
1	0.9729251	1
0	0.002415427	0
1	0.6068463	1
0	0.018639242	0
1	0.9855692	0
0	0.12472547	0
1	0.9716433	1
1	0.8600007	0
0	0.009551638	0
0	0.017826391	1
1	0.9011526	0
1	0.57920057	0
0	0.004736459	1
1	0.96959084	0
0	0.027634833	0
1	0.6941048	1
1	0.22907852	0
0	0.3454558	1
1	0.97528696	1
0	0.002450518	0
0	0.18271299	0
0	0.06834745	1
0	0.016264342	1
1	0.99068284	0
0	0.03509284	0
1	0.7192432	1
1	0.85933024	0
0	0.79591364	0
0	0.003429358	0
0	0.046525378	0
1	0.59629554	1
0	0.0090549	0
0	0.002323367	0
0	0.10140813	1
1	0.9537965	1
0	0.001332471	1
1	0.72590667	1
1	0.9140093	0
0	0.030825108	1
1	0.996752	1
1	0.9376277	1
0	0.13850488	1
0	0.014274566	0
1	0.77862525	1
0	0.003817046	1
0	0.016438367	1
1	0.97589797	1
1	0.9558103	0
0	0.021366425	1
1	0.89282024	1
1	0.9758311	1
1	0.9939121	1
1	0.9667264	1
1	0.9936646	0
1	0.8124622	0
1	0.72403544	0
1	0.8972763	0
0	0.016158603	0
1	0.8674401	0
0	0.003796491	0
0	0.017141398	1
0	0.06335996	1
0	0.018204682	0
0	0.00303946	0
0	0.35112858	1
1	0.87637335	1
0	0.017919585	1
1	0.85473764	1
0	0.00691511	1
1	0.98713636	1
0	0.017288191	0
0	0.007089108	0
0	0.001550949	0
1	0.98636925	0
0	0.03214731	1
0	0.11998966	1
0	0.032920524	1
1	0.9846091	1
1	0.8592134	0
0	0.30942085	1
1	0.9107981	1
1	0.9763873	0
1	0.98736876	1
1	0.33358252	0
1	0.89441985	1
0	0.002300544	1
0	0.02253135	0
1	0.9848252	1
0	0.001094751	0
0	0.002330461	0
1	0.9915461	1
0	0.5048826	1
1	0.9288602	0
0	0.007586544	0
0	0.003477535	0
1	0.96818537	1
1	0.8188023	0
1	0.981564	0
1	0.23599616	1
0	0.002662418	0
1	0.7114088	1
1	0.8546079	0
0	0.030681573	1
1	0.9983125	1
0	0.11058727	1
0	0.00557682	1
0	0.016423933	0
0	0.002982938	1
0	0.009716705	0
0	0.6005963	0
1	0.98843354	0
1	0.8930023	0
1	0.7026159	1
1	0.9957255	0
1	0.9933844	0
0	0.001174839	1
1	0.6731008	0
0	0.028575948	0
0	0.016749438	1
1	0.62108165	1
0	0.002177195	1
1	0.8426976	0
1	0.82991	0
0	0.170657	0
1	0.6728053	1
0	0.01925715	0
1	0.60848635	0
1	0.99602437	0
0	0.5804865	0
0	0.01904681	1
0	0.008540927	1
0	0.018110877	0
1	0.09309844	0
1	0.7806314	1
1	0.6406428	1
0	0.7806876	0
1	0.9128947	1
0	0.048321113	0
0	0.027958436	1
0	0.007413077	1
1	0.92116445	0
0	0.001870736	1
0	0.1864761	0
0	0.043679737	1
1	0.770981	1
0	0.00343348	0
1	0.9935868	1
0	0.29793155	0
0	0.88722354	0
1	0.9978823	1
0	0.1088353	1
0	0.11148175	0
0	0.07599923	0
1	0.9248229	0
1	0.97636443	1
1	0.83462775	0
1	0.98976713	1
0	0.002574855	0
0	0.012961519	0
1	0.92897713	0
0	0.003874745	1
1	0.93931246	1
1	0.9386357	0
0	0.5340391	1
1	0.9955373	1
0	0.004724135	1
0	0.09541424	1
1	0.55621815	1
0	0.3722867	1
1	0.2972519	1
0	0.006621051	1
0	0.029972376	1
1	0.9009917	1
0	0.05293405	0
1	0.9618403	0
0	0.78108424	1
1	0.94625807	1
1	0.08989144	0
1	0.94992703	1
0	0.0554344	1
0	0.07781635	0
0	0.001687432	1
1	0.6300448	0
1	0.98652065	0
1	0.9786531	0
0	0.015863843	0
1	0.9947325	1
1	0.9608255	1
1	0.78880155	0
0	0.5234204	1
0	0.03327953	1
0	0.013942908	1
1	0.8546233	1
0	0.5149704	0
0	0.18185443	1
0	0.016825238	1
0	0.006987793	1
1	0.9213681	1
1	0.2756684	0
0	0.5642192	1
0	0.023514604	1
0	0.006018445	1
0	0.0106043	1
0	0.0175949	0
0	0.56830895	1
0	0.005672051	1
0	0.3865578	0
0	0.23690578	0
0	0.002893508	1
0	0.005973517	0
0	0.007051151	1
0	0.01451972	1
1	0.9563604	1
1	0.99593496	1
1	0.7082391	1
0	0.09994268	1
0	0.36082003	0
1	0.99495596	0
1	0.9090415	0
0	0.101863585	0
1	0.9124038	1
0	0.013815704	1
1	0.9658494	0
1	0.49457166	0
0	0.0680767	1
0	0.7315087	1
0	0.31950498	1
0	0.41915157	0
0	0.13709746	0
1	0.6423172	0
0	0.53556883	0
0	0.009492029	1
0	0.13197592	1
0	0.008454736	0
0	0.3513835	1
0	0.7191104	0
0	0.061296303	0
0	0.025597248	0
0	0.010264905	1
0	0.009478969	1
1	0.9481199	1
0	0.115410686	1
1	0.09292438	0
1	0.6560026	0
1	0.88320976	0
1	0.9935487	1
1	0.9554305	1
0	0.05383728	0
0	0.007727241	1
1	0.7917606	0
0	0.001992452	0
0	0.015626125	0
0	0.000503158	1
0	0.8398495	0
0	0.17694627	1
0	0.005055432	0
0	0.02589605	1
0	0.7567905	1
0	0.010685412	1
0	0.002620139	1
1	0.45774993	0
0	0.053705927	0
0	0.020046532	1
1	0.7611843	0
1	0.9780935	1
0	0.001292521	1
0	0.025469018	0
0	0.005112354	0
1	0.6023539	0
1	0.88499266	1
0	0.0896858	0
0	0.019251218	1
1	0.46855533	1
1	0.9851816	1
0	0.012040488	0
1	0.39152852	1
0	0.002997025	1
0	0.005368793	1
0	0.046648026	0
1	0.23467973	0
0	0.013560568	0
0	0.009513931	1
0	0.001366759	1
0	0.014296408	1
0	0.002354282	1
1	0.97161114	1
0	0.017300533	0
1	0.89681554	0
1	0.75368994	1
0	0.003826724	0
1	0.6278163	1
0	0.004769332	0
0	0.52358854	1
1	0.9751751	1
1	0.98674285	1
1	0.86160403	1
1	0.5116518	1
0	0.021425176	0
0	0.037903387	1
0	0.07242361	1
1	0.7312705	0
0	0.024565207	1
0	0.030242752	1
1	0.3298877	1
0	0.006989537	0
1	0.9967109	0
0	0.005024062	0
1	0.9979843	0
1	0.6535296	0
1	0.9946674	1
0	0.016170705	1
1	0.95270276	0
0	0.015054581	1
0	0.020626025	0
0	0.14877072	1
1	0.757147	1
0	0.012074449	0
1	0.7823487	1
1	0.9987098	1
1	0.6037408	0
0	0.010373109	0
1	0.9986506	0
0	0.11585146	1
0	0.16124319	1
0	0.021533355	1
1	0.99828196	1
0	0.00268859	1
1	0.9417765	1
1	0.97667766	0
1	0.77056515	0
0	0.43442047	1
0	0.30758926	0
1	0.8664956	1
1	0.99179065	0
0	0.010478382	1
1	0.9977843	0
0	0.0099506	1
0	0.09679606	1
0	0.030606968	1
0	0.00659598	0
0	0.007458214	0
1	0.71038514	1
1	0.99780506	1
1	0.05548056	0
1	0.57626724	0
0	0.17868716	1
0	0.002927319	1
0	0.0931552	0
1	0.99823004	0
0	0.004762156	0
1	0.4297877	1
0	0.008584905	1
1	0.662925	0
0	0.00143479	1
0	0.029374039	0
0	0.30424368	1
0	0.5662745	1
0	0.31585234	0
0	0.004484445	1
0	0.8437963	0
1	0.51617205	0
1	0.8738389	0
0	0.02082791	0
1	0.5032415	1
0	0.005052663	0
1	0.9745768	0
1	0.9901084	0
0	0.30249417	1
0	0.003720659	0
1	0.34711158	1
1	0.7681642	0
0	0.002378237	0
1	0.97385085	1
0	0.034556974	0
0	0.108974405	0
1	0.8940577	0
0	0.016498826	1
0	0.002221009	1
0	0.32810012	1
0	0.004032342	1
0	0.4471958	1
0	0.40151194	1
0	0.003678495	1
0	0.01116451	0
0	0.3658817	0
1	0.9662545	1
1	0.67385113	0
1	0.97530353	0
0	0.000971373	1
1	0.6662134	1
1	0.99626344	0
0	0.7446738	0
0	0.23148789	1
1	0.9712015	0
0	0.01957343	0
0	0.43382272	1
0	0.010791865	1
0	0.005522876	1
0	0.003224236	1
1	0.7369971	0
1	0.99727637	1
0	0.11914199	1
1	0.996088	0
1	0.7751298	1
0	0.004662943	1
1	0.8878106	1
1	0.5837489	0
1	0.9756536	1
0	0.120841704	1
1	0.67967075	0
0	0.10432255	0
0	0.39129093	1
1	0.99151176	0
0	0.002940719	1
1	0.9848371	1
1	0.6899142	1
0	0.20981415	0
1	0.95759916	1
1	0.83177805	0
1	0.9029051	1
1	0.73865736	0
0	0.034370452	0
1	0.8020427	0
0	0.001122053	0
1	0.9682409	0
0	0.72055846	0
0	0.01549469	1
1	0.94600016	0
0	0.01842071	1
1	0.9438094	1
1	0.99594396	1
1	0.9634186	0
0	0.091478735	0
0	0.176491	1
1	0.85643667	0
0	0.011949929	0
1	0.9747515	0
1	0.2926545	1
1	0.6614429	1
0	0.016958134	1
0	0.36423266	0
1	0.37186646	1
1	0.7351213	1
0	0.003784911	1
1	0.60665935	0
0	0.001883101	0
0	0.96806115	1
0	0.11972902	1
1	0.2596258	0
1	0.932551	0
0	0.24415423	1
1	0.8354907	1
1	0.9903706	1
0	0.05555921	1
0	0.5102118	1
1	0.9094709	0
0	0.64670324	0
0	0.025561538	1
0	0.024414668	1
1	0.17483996	0
0	0.030290667	0
0	0.001848623	1
0	0.001276564	0
0	0.039557282	1
0	0.25384104	0
0	0.005101021	1
0	0.010515722	0
1	0.68688655	0
0	0.035273556	1
0	0.11714212	1
0	0.802982	0
1	0.96934724	0
0	0.2098048	1
1	0.982793	0
0	0.00476087	0
0	0.1914094	1
0	0.09427625	1
0	0.07414261	1
1	0.8988448	0
0	0.012792013	0
1	0.9412828	1
1	0.47766307	1
0	0.01625913	1
1	0.9907651	0
0	0.011120833	0
0	0.41394737	1
1	0.9947918	0
0	0.045391236	0
0	0.7809334	1
0	0.001048036	1
0	0.13343686	1
0	0.007040152	1
0	0.002486507	1
1	0.7688273	0
0	0.25751707	1
1	0.7975011	1
0	0.39227578	1
1	0.7543977	1
0	0.001332434	1
1	0.8269223	1
0	0.000874536	0
0	0.003444678	0
0	0.061917268	0
0	0.009049635	0
0	0.13560793	0
0	0.43393898	1
1	0.7667672	1
1	0.51388925	1
0	0.020843985	0
0	0.000975553	0
0	0.010701121	1
0	0.18516359	1
1	0.97520375	0
0	0.034065254	0
0	0.021395614	0
0	0.35301125	0
0	0.043734793	0
1	0.8379652	1
0	0.012221578	0
1	0.9762355	1
0	0.000690522	0
0	0.04451928	1
1	0.90566695	0
0	0.012879671	1
0	0.00798654	0
0	0.25737503	1
1	0.3899884	0
1	0.99867487	0
1	0.35421732	0
0	0.002665149	1
1	0.54475176	0
0	0.020646354	1
0	0.08718276	1
1	0.6674994	0
1	0.19192748	1
0	0.20827234	0
0	0.4396819	1
1	0.66299075	1
0	0.32187688	1
0	0.004611914	0
0	0.004349575	0
1	0.67912376	1
1	0.7991582	1
1	0.80934054	1
0	0.028105779	1
1	0.97740734	1
1	0.98749405	1
1	0.95182824	0
1	0.6066887	0
0	0.20577219	0
0	0.014646626	1
0	0.7757524	0
0	0.019197857	0
1	0.86043745	1
1	0.99098855	1
1	0.9896958	1
1	0.9718391	0
0	0.09680343	0
0	0.46444413	1
0	0.007801004	0
0	0.053928707	0
1	0.9711771	1
0	0.008002146	1
1	0.993523	1
1	0.5723376	1
1	0.5948457	1
0	0.02633075	0
0	0.03799252	1
0	0.041069288	0
1	0.92722714	1
0	0.002847221	0
1	0.9989242	0
1	0.98569226	0
0	0.07503214	1
1	0.92534286	1
0	0.009501098	0
1	0.94864887	0
1	0.9908813	1
0	0.44128582	1
0	0.21546173	0
1	0.94938177	1
1	0.89734846	1
0	0.3439939	1
0	0.03695898	0
0	0.009237965	0
0	0.101859726	1
0	0.004036444	0
0	0.023953678	0
0	0.10490554	1
1	0.8892505	1
1	0.6320619	1
0	0.007297332	1
0	0.002026174	1
0	0.30292812	0
0	0.055789284	0
0	0.05608135	0
1	0.97695607	1
1	0.8000334	1
0	0.16489056	1
1	0.72121805	0
1	0.7464083	1
0	0.0493623	0
0	0.006658824	1
0	0.013481067	1
0	0.015274448	0
1	0.47037065	0
0	0.005045163	1
0	0.00288872	0
0	0.000416727	1
0	0.1664223	0
0	0.34555742	0
0	0.00933258	1
1	0.9933855	0
0	0.010203124	1
1	0.97390795	1
1	0.7990286	0
0	0.007334365	1
0	0.09546963	0
1	0.7718423	0
1	0.9638511	0
1	0.9893925	1
0	0.3054118	1
0	0.010182031	0
0	0.5524397	1
0	0.011760601	0
0	0.4420572	1
1	0.8836637	0
0	0.009637538	0
1	0.006187232	0
0	0.08344909	1
1	0.7834503	0
0	0.032758586	0
0	0.002584978	1
1	0.8769215	1
0	0.002493336	1
0	0.015812706	0
0	0.012331001	1
1	0.9980963	1
0	0.026821714	1
1	0.99363303	1
0	0.006546143	1
0	0.003073004	0
0	0.014547735	0
0	0.060940664	0
0	0.007668614	1
0	0.62378156	0
0	0.008579356	0
0	0.023624297	1
1	0.96816415	1
0	0.5815073	1
0	0.5632842	0
1	0.65270025	0
0	0.7463478	1
0	0.17501998	0
1	0.9733917	1
0	0.024993813	0
1	0.9856565	1
1	0.88409984	0
0	0.043546468	1
0	0.78042555	0
0	0.012494653	1
0	0.023636961	0
0	0.011675753	0
1	0.9979861	0
0	0.034643333	0
1	0.99190784	1
1	0.9500583	1
0	0.009178959	1
0	0.015273625	1
1	0.89446837	0
0	0.31960446	1
1	0.9973597	1
0	0.14855112	1
1	0.7887237	1
0	0.012703556	1
1	0.96372795	1
1	0.5088624	0
1	0.9304911	1
0	0.000980305	1
0	0.013283971	0
1	0.7581468	0
1	0.8130948	0
0	0.004818123	1
1	0.8339693	0
1	0.6388242	1
1	0.42480752	0
0	0.37267563	1
1	0.9883233	0
1	0.78164977	0
0	0.35915563	1
0	0.001704491	1
0	0.8310784	0
1	0.6615247	0
1	0.96771485	0
0	0.2281491	1
1	0.77847815	1
0	0.005635901	1
0	0.3822881	0
1	0.6176694	1
1	0.99367106	1
0	0.86683595	0
1	0.9934969	1
0	0.001681862	1
0	0.37555385	0
0	0.09590091	0
1	0.79467887	0
0	0.000746191	1
0	0.006769245	1
0	0.15559961	1
0	0.04986875	0
0	0.0634098	0
0	0.003443176	1
0	0.004229482	1
0	0.30731425	0
0	0.001261684	0
1	0.17001347	0
0	0.2433171	1
1	0.91890895	0
1	0.92172116	0
0	0.1395023	1
1	0.89141005	1
0	0.018988617	1
0	0.003589778	0
1	0.96902037	0
0	0.011262829	1
0	0.011590559	0
0	0.15465364	0
0	0.007313425	1
1	0.95718515	1
1	0.9960001	0
0	0.005491633	1
1	0.52088016	1
0	0.003356964	0
1	0.9973425	0
0	0.8193365	1
0	0.78568226	0
1	0.9980617	0
1	0.9449768	0
0	0.013611984	0
0	0.0035729	0
0	0.028738571	0
1	0.77644324	1
1	0.9311288	1
1	0.9315344	1
0	0.10335368	1
0	0.5559526	0
1	0.5189231	1
0	0.60246575	0
0	0.011237448	0
1	0.8561712	0
0	0.19628699	1
0	0.08268282	0
1	0.8445307	0
0	0.011904125	0
1	0.9976603	1
0	0.001084486	1
1	0.022635212	0
1	0.64589673	0
0	0.006651543	0
0	0.2539509	0
0	0.010044846	1
0	0.02497221	1
0	0.18612541	1
1	0.84635466	1
1	0.9730363	0
1	0.96151555	0
0	0.5255404	0
0	0.32406977	0
1	0.58888656	1
1	0.69137204	1
0	0.02502691	0
1	0.96219814	1
0	0.3321508	0
1	0.99701357	0
1	0.31166255	0
1	0.6989428	1
1	0.9276948	1
0	0.01645627	1
1	0.46805254	1
0	0.24570711	1
0	0.001657464	0
1	0.59163684	0
1	0.78308004	0
1	0.54219264	0
0	0.1638134	1
0	0.18166034	1
0	0.043194428	1
0	0.004724433	0
1	0.996011	0
0	0.02000814	1
1	0.7402875	0
1	0.78676665	1
1	0.9903898	1
0	0.7973198	0
1	0.9667514	0
1	0.9327024	0
1	0.8844556	1
1	0.9711283	0
1	0.9983323	0
0	0.28318968	0
1	0.5782244	1
1	0.77340007	1
0	0.21214652	0
0	0.002555364	0
0	0.69688207	1
0	0.02950381	1
0	0.024216415	0
1	0.2713116	1
1	0.9895635	0
0	0.031522796	0
1	0.9990742	0
0	0.002527578	1
1	0.97783685	1
0	0.42121118	1
0	0.49493584	0
0	0.011630318	0
1	0.3109392	1
0	0.009621318	1
1	0.71445125	1
0	0.010446851	1
1	0.5473764	0
0	0.035608932	1
1	0.98932695	0
1	0.8298954	1
1	0.9603755	0
1	0.7123963	0
1	0.9279061	1
0	0.038325656	0
0	0.36059332	0
0	0.5228254	1
0	0.006675046	1
1	0.9761479	1
0	0.25499475	0
1	0.9802777	1
1	0.12556799	0
0	0.008284058	0
1	0.52712834	1
0	0.002603558	1
0	0.019797213	1
1	0.22471468	0
1	0.9741916	0
0	0.006049649	1
1	0.97306436	1
0	0.004368596	0
1	0.9904084	1
1	0.9769209	1
1	0.94260514	0
0	0.008374476	0
1	0.9717217	1
1	0.8431065	1
0	0.62714577	0
1	0.8382431	0
0	0.49906704	1
1	0.9938498	0
0	0.7057235	1
0	0.012535065	0
0	0.69202876	1
0	0.3251033	0
0	0.015368545	0
0	0.031441674	0
0	0.886854	0
0	0.009804038	1
1	0.8905919	0
1	0.93324095	1
1	0.15477346	0
0	0.003542382	0
0	0.5937697	1
1	0.7779814	0
1	0.99279845	0
1	0.8238825	1
1	0.8911624	1
0	0.1860545	0
0	0.016338311	1
1	0.14047205	0
0	0.009145225	1
1	0.6735014	1
0	0.7374721	1
1	0.85035145	1
0	0.006301119	1
0	0.0343939	1
0	0.14792278	1
0	0.11143176	1
1	0.9583084	0
0	0.17220545	0
1	0.22911747	1
1	0.9732362	0
0	0.000692176	1
0	0.007650366	0
1	0.5651607	1
0	0.024566796	1
1	0.99726725	0
0	0.001161896	0
0	0.026384007	0
0	0.007951513	0
0	0.19278418	0
0	0.019652385	1
1	0.98891336	0
0	0.002225681	1
0	0.004403975	0
0	0.004710625	0
0	0.013375849	0
0	0.009086965	1
1	0.44171342	0
1	0.6649571	1
1	0.93677765	0
1	0.9989222	1
1	0.9670702	1
1	0.85253567	0
0	0.17158736	1
0	0.002115651	1
1	0.9664882	1
0	0.21135788	1
0	0.094053276	1
1	0.10700329	0
0	0.115408905	1
0	0.004299774	0
1	0.9644957	0
1	0.4140044	0
0	0.005316271	1
1	0.3282184	0
0	0.07284763	1
0	0.4047262	1
0	0.006775477	1
1	0.9074738	0
0	0.003463302	0
1	0.74771374	0
0	0.37587127	0
1	0.98954904	1
0	0.013171962	1
1	0.8756607	0
0	0.001628482	0
0	0.0096566	0
0	0.23064275	0
0	0.013635969	1
0	0.007326606	0
1	0.44442853	0
1	0.9745557	1
1	0.9445859	0
0	0.023211481	0
0	0.3571215	1
0	0.5496613	1
1	0.48132053	1
0	0.026785474	0
0	0.012734441	1
0	0.72817653	0
1	0.99673104	1
0	0.25292122	1
1	0.85448325	0
1	0.5474305	0
0	0.35416	1
1	0.9130542	0
1	0.909045	1
0	0.009094765	0
1	0.41871497	0
0	0.042335242	1
0	0.022232434	1
0	0.3183796	1
0	0.012533897	0
0	0.00290232	0
0	0.009124568	0
0	0.007438924	1
0	0.003837555	1
0	0.27533942	0
0	0.001002111	1
0	0.39723313	1
0	0.002017638	1
1	0.9460202	0
0	0.025842918	1
0	0.9710434	0
0	0.003946554	0
1	0.9659561	0
1	0.9524236	1
0	0.008349716	0
0	0.05262498	1
1	0.7349905	0
1	0.6500654	0
0	0.15396455	0
1	0.63349503	0
1	0.88690954	1
0	0.19672655	0
0	0.7079101	1
1	0.9969505	0
0	0.001882626	0
0	0.001703882	1
0	0.10697717	0
0	0.12947778	0
0	0.029306045	1
1	0.64566344	0
1	0.992152	0
0	0.001200218	0
1	0.912296	1
0	0.003399436	1
1	0.828216	1
0	0.005831415	1
1	0.9510465	0
0	0.003092281	1
0	0.028739536	1
0	0.33271062	1
1	0.7632035	1
1	0.9466945	1
0	0.000741168	1
0	0.004876376	1
0	0.069388956	0
0	0.021118926	0
1	0.7837731	0
0	0.017025428	1
1	0.843339	1
0	0.006177801	0
1	0.97765553	1
0	0.015670964	1
0	0.007800776	1
0	0.041703667	1
0	0.1299882	0
1	0.6239206	0
1	0.8961224	1
1	0.5856782	1
0	0.63634944	0
0	0.40078536	0
0	0.6036127	1
0	0.03165835	0
0	0.00925804	0
1	0.7828794	0
1	0.9474634	1
1	0.38200593	1
1	0.98989314	0
0	0.006460508	1
1	0.63355714	0
0	0.06608529	0
0	0.029014261	1
1	0.9907136	0
0	0.023911512	0
0	0.006422712	0
1	0.9568551	0
1	0.9333523	1
0	0.33962035	0
0	0.015803529	1
1	0.8205503	0
0	0.0565234	0
0	0.006193442	0
0	0.006339051	0
1	0.9816527	0
0	0.00318599	1
0	0.016542343	1
0	0.021929903	0
0	0.002009684	1
0	0.05399864	1
1	0.4859606	1
1	0.9912431	0
0	0.000402353	1
0	0.005427481	1
1	0.2925624	0
1	0.9862249	0
0	0.003345003	0
0	0.007667772	0
1	0.7956373	1
0	0.012581253	1
0	0.102234855	1
1	0.7066618	1
1	0.9809403	1
1	0.97288597	1
1	0.93062395	1
0	0.006111603	0
1	0.72750545	0
0	0.104687266	0
0	0.003250567	0
0	0.02217569	1
1	0.8859903	1
0	0.034346327	0
1	0.8086393	0
0	0.246868	1
0	0.010523931	1
0	0.27259204	0
1	0.89051294	1
0	0.10896583	1
1	0.95431125	1
0	0.7166837	1
0	0.021374358	0
0	0.016207827	0
1	0.8453848	1
1	0.9763496	1
0	0.028895596	0
0	0.5038199	1
1	0.89862245	0
0	0.84025943	0
1	0.98394793	1
1	0.976299	0
0	0.008984312	0
1	0.95919275	0
0	0.0464031	1
0	0.002759867	0
1	0.6594319	0
1	0.8015724	0
1	0.98941934	0
0	0.46982726	1
0	0.001146825	1
1	0.33966243	0
0	0.4479773	1
0	0.14158468	1
1	0.9917149	0
0	0.003667749	0
0	0.028589757	0
1	0.7660775	0
0	0.33397236	0
1	0.871644	1
0	0.6346583	1
1	0.54681945	1
0	0.009039353	1
0	0.005999477	1
1	0.3887423	1
0	0.010146534	0
0	0.017635316	0
1	0.986	0
1	0.7246594	0
0	0.016143419	1
0	0.10894949	1
0	0.01879102	1
1	0.6644564	0
0	0.17159794	1
1	0.9952118	0
0	0.010945817	0
0	0.0074012	0
0	0.9483206	0
0	0.014909452	0
0	0.006101913	1
0	0.12955454	1
1	0.4624964	0
1	0.98170555	1
1	0.9056791	0
0	0.023364956	0
0	0.013022861	1
1	0.5542394	1
0	0.009570046	0
0	0.049504682	0
1	0.9745063	1
0	0.63895184	0
0	0.64441174	1
0	0.034108162	1
0	0.009124353	1
0	0.120524	1
1	0.8279282	1
0	0.036475275	0
0	0.410834	1
1	0.8468472	1
1	0.9646045	0
1	0.9892943	1
0	0.009361009	0
1	0.6633066	0
0	0.032043774	1
1	0.05753387	0
0	0.000850474	0
0	0.04579173	0
0	0.006156571	0
1	0.878435	0
1	0.99520725	0
0	0.9829915	0
1	0.8107134	1
1	0.78405577	1
1	0.9940593	0
0	0.17660974	0
0	0.3157909	1
0	0.002205583	1
1	0.9902637	1
1	0.91884077	0
0	0.007278672	0
0	0.005530292	1
0	0.014864669	0
0	0.05655643	1
1	0.7815411	0
1	0.9874035	0
0	0.002482853	0
0	0.001128501	1
0	0.10569548	1
0	0.014326206	1
0	0.5141495	0
0	0.006989629	1
0	0.004554077	1
1	0.9961273	1
0	0.20866813	0
1	0.94325995	1
0	0.007279255	0
0	0.368235	1
1	0.83901644	1
0	0.015021759	1
1	0.7246593	1
0	0.020319786	0
0	0.031326544	0
0	0.016934002	1
0	0.39539766	1
1	0.9681913	1
0	0.001599378	0
0	0.04358191	1
0	0.003528646	0
1	0.13842893	0
0	0.06195083	1
1	0.97755057	1
0	0.032292422	0
0	0.16531038	0
0	0.26560226	0
0	0.060366012	0
0	0.010036958	0
1	0.9410692	1
0	0.031411238	1
0	0.32679594	1
0	0.033441156	0
0	0.022814853	1
1	0.7664737	0
0	0.045001768	1
0	0.015661817	1
0	0.17092744	1
0	0.019767221	1
1	0.9977319	0
1	0.9928242	0
0	0.010750842	1
1	0.7941757	1
0	0.019751798	0
1	0.7222303	0
0	0.03731792	1
1	0.9965084	0
0	0.014206383	1
1	0.96397877	0
0	0.56986755	1
1	0.53049326	0
1	0.9762923	0
0	0.40181836	1
0	0.05833472	1
0	0.001987391	0
0	0.06247447	0
0	0.15961231	1
1	0.9046782	0
1	0.7336443	0
1	0.87800634	1
0	0.007567394	1
0	0.07556707	1
0	0.034359463	1
1	0.53070325	1
1	0.99825424	1
1	0.78375274	1
0	0.4864079	0
0	0.38939703	1
1	0.806269	0
0	0.008593335	1
0	0.005607172	0
0	0.008115277	0
0	0.048697364	0
0	0.005371256	1
0	0.02340502	0
0	0.11031133	0
1	0.18059216	0
1	0.995352	1
1	0.9260722	0
1	0.9910294	0
1	0.79076654	1
1	0.92822236	0
0	0.05114444	1
1	0.84531844	0
1	0.9972921	1
0	0.004956659	0
1	0.7375681	1
0	0.07087422	1
1	0.73214674	0
1	0.7644934	0
0	0.050706223	0
0	0.004762951	1
0	0.008751529	1
0	0.3563932	1
1	0.63302225	1
0	0.029499652	1
1	0.9404583	0
0	0.021630455	0
0	0.071845874	1
0	0.13459155	1
0	0.10425538	0
1	0.9504476	1
0	0.003792493	0
0	0.03354803	0
0	0.025268609	0
1	0.66385084	1
1	0.7949021	0
0	0.013792394	0
1	0.72430915	1
1	0.96928406	0
0	0.007064287	0
0	0.006984633	1
1	0.5120124	1
0	0.010259433	1
1	0.7580179	1
1	0.97034544	0
1	0.94157314	0
1	0.96339625	0
1	0.95600194	0
1	0.7059413	1
0	0.017817127	0
1	0.99826306	0
1	0.70850646	1
0	0.012200665	1
1	0.5216681	1
1	0.85966986	0
0	0.001171894	0
0	0.009980541	0
0	0.008153638	0
0	0.16637646	1
1	0.99584514	0
0	0.04802391	1
0	0.000646279	0
0	0.002996894	1
0	0.17784134	0
0	0.008328836	0
1	0.6459931	1
0	0.004483115	0
0	0.023198115	1
0	0.03567298	1
0	0.014466685	1
0	0.006171112	0
0	0.16658077	1
0	0.005862086	0
1	0.9789313	0
0	0.000456898	1
0	0.14857641	1
1	0.8348948	0
0	0.028923461	1
1	0.26173532	0
0	0.001267953	1
1	0.5914132	1
0	0.014438811	1
0	0.4446489	1
0	0.002807206	1
0	0.015728537	1
0	0.007462762	1
1	0.4292879	0
1	0.8961464	0
0	0.017423315	0
1	0.9867421	0
0	0.33869806	1
0	0.054352306	1
0	0.010728329	0
1	0.04487477	1
0	0.025070744	1
0	0.012796083	0
1	0.93730396	1
0	0.7974051	0
0	0.012237102	0
1	0.9416964	0
0	0.01484262	0
0	0.001605297	1
0	0.00459324	0
0	0.1450138	1
0	0.002890278	0
1	0.8802708	1
0	0.000622522	0
0	0.006321801	0
0	0.024190614	0
0	0.003285285	0
1	0.87399197	1
0	0.032453958	0
0	0.00257994	0
0	0.035870247	0
0	0.000868948	0
1	0.74043345	0
1	0.5305078	0
1	0.9953753	1
1	0.99668413	1
1	0.36860177	1
0	0.7454206	0
0	0.002682144	1
1	0.9472537	0
0	0.24306233	1
1	0.95639104	1
0	0.02148605	1
0	0.34343815	0
0	0.01588848	0
0	0.09804717	1
0	0.009147822	0
0	0.4956174	0
0	0.003417429	1
0	0.005987372	0
0	0.00153635	1
0	0.021760475	0
0	0.02027242	0
1	0.7301339	0
1	0.43707457	0
0	0.001621561	1
0	0.14091092	0
0	0.011931106	0
0	0.007083223	1
0	0.06629322	0
0	0.056272317	1
0	0.008076927	0
1	0.9695515	0
0	0.122785054	0
1	0.9222797	1
0	0.16348225	1
1	0.9988331	0
1	0.9257524	1
1	0.47137487	0
1	0.83972967	1
1	0.91822654	1
1	0.8103637	0
1	0.64564705	0
1	0.8044277	0
0	0.00382003	0
1	0.00964072	0
1	0.73187	0
0	0.20712247	1
0	0.006500003	0
0	0.07869758	0
0	0.003053019	0
1	0.68136895	1
0	0.002166535	1
0	0.97974706	0
0	0.17174728	0
0	0.88549596	0
1	0.9315338	1
0	0.059896763	0
0	0.011521652	0
0	0.12775293	0
0	0.010642977	0
0	0.006158757	0
1	0.96375155	1
0	0.01644998	1
1	0.85510063	0
0	0.01509951	1
0	0.0097047	1
0	0.021157742	0
0	0.0469293	0
1	0.9683696	1
1	0.99701226	1
0	0.33828053	1
0	0.00830747	0
1	0.5584819	0
1	0.7197223	1
1	0.9968953	0
1	0.93874717	0
0	0.6137502	0
1	0.8472875	0
0	0.53546697	0
0	0.022211682	1
0	0.03319924	0
0	0.31244397	1
0	0.6782762	0
0	0.012831925	0
1	0.97601354	1
1	0.91195124	0
1	0.56807715	0
1	0.5550028	0
0	0.1250501	0
0	0.286848	0
1	0.9622584	0
0	0.015803825	0
1	0.9808507	1
1	0.8190936	1
1	0.9538818	0
0	0.0130322	0
0	0.41249946	1
1	0.57299954	1
0	0.5652325	1
0	0.19169824	1
1	0.8760416	1
0	0.001718273	0
0	0.002432535	0
0	0.002478328	1
1	0.9694333	0
0	0.031166857	0
0	0.9214277	0
1	0.28165954	1
0	0.023337761	1
1	0.9358372	1
0	0.3437953	0
0	0.673163	0
1	0.9024796	1
1	0.9971245	0
0	0.07744559	1
1	0.1825105	0
1	0.9769845	1
1	0.2018536	0
0	0.13087551	1
0	0.007906704	0
0	0.08422938	1
1	0.9022296	1
0	0.37913612	0
1	0.8504695	1
0	0.027070263	0
1	0.63424486	1
0	0.7803824	1
0	0.39562845	1
0	0.007522221	1
0	0.076995	1
1	0.87265295	0
0	0.04535555	0
0	0.003615635	0
1	0.816506	1
1	0.99064296	0
0	0.026773501	0
0	0.4187986	1
0	0.47588038	0
1	0.8324958	0
1	0.64899004	1
0	0.23745485	0
1	0.6132391	0
0	0.013671887	1
0	0.005512862	0
0	0.010177514	1
1	0.8923644	1
1	0.8228024	0
0	0.11878118	0
0	0.003855486	1
1	0.88752073	0
1	0.7942365	0
0	0.5680619	0
0	0.51467454	0
1	0.70619506	0
1	0.9793401	0
0	0.00502802	0
0	0.019750325	1
0	0.04088947	1
0	0.12556694	0
0	0.9861761	0
0	0.05421868	1
0	0.005409919	1
0	0.17914526	1
0	0.028855415	1
0	0.005585122	1
1	0.55598754	0
1	0.8973496	1
0	0.027865242	0
0	0.048043642	0
0	0.011402804	0
0	0.5637806	0
1	0.98995376	1
0	0.002349824	0
0	0.005025962	0
1	0.9692639	1
0	0.005016305	1
0	0.013524614	0
1	0.9367214	0
0	0.013484004	0
0	0.015745245	1
0	0.0124499	1
0	0.005336914	0
0	0.027341079	0
0	0.06668446	1
0	0.96796507	0
1	0.9650218	1
0	0.80670846	0
0	0.003507705	1
0	0.04297108	0
0	0.18634593	0
1	0.44098747	0
0	0.044134535	0
1	0.8289209	0
1	0.9413148	1
0	0.14278413	1
0	0.29357862	1
1	0.21780665	0
0	0.31789786	1
0	0.59167475	0
0	0.15692246	1
0	0.0342245	1
0	0.08824524	1
0	0.00587917	1
0	0.001171277	1
0	0.001149387	1
0	0.030363534	1
0	0.047272455	0
1	0.5901129	0
0	0.5834479	0
0	0.004401473	0
0	0.003488558	1
0	0.03763994	1
0	0.006880619	0
1	0.964807	0
1	0.9345198	0
1	0.69951737	1
0	0.008660718	1
1	0.96835953	0
0	0.41991934	1
1	0.9807575	0
1	0.9876887	0
0	0.005500054	0
1	0.65801257	1
1	0.9843461	0
0	0.015964216	0
1	0.8448341	1
1	0.97338706	1
0	0.016903752	0
1	0.68736184	1
1	0.9467089	0
0	0.18824403	0
0	0.35807142	0
0	0.029957678	1
0	0.115629815	1
0	0.06165683	1
0	0.008293697	1
1	0.80083245	0
0	0.002083299	1
1	0.5599066	1
0	0.004134154	1
0	0.002129367	0
0	0.0655004	1
1	0.57051796	1
0	0.3450506	1
0	0.020557895	0
0	0.023200814	1
0	0.071118906	1
0	0.001865937	1
1	0.5409388	0
1	0.7994138	0
1	0.9952514	0
0	0.005197611	1
1	0.96382403	0
0	0.003791515	0
1	0.9631698	1
1	0.9775664	0
0	0.28466317	1
0	0.009261589	0
0	0.14800759	0
0	0.007758308	0
0	0.01933654	1
0	0.017641421	0
0	0.105796516	0
1	0.93053466	1
0	0.25462058	0
0	0.002261262	0
0	0.10387043	0
0	0.60590535	1
1	0.9924068	0
0	0.8423063	0
0	0.008704104	1
1	0.95847625	1
0	0.24571547	0
0	0.003986783	1
1	0.90045315	0
1	0.9877033	0
1	0.94683534	1
0	0.28321978	0
0	0.010129685	0
0	0.06686407	0
0	0.03429041	1
0	0.10972164	0
1	0.85311973	0
0	0.05558706	0
1	0.9767694	0
0	0.016065016	1
0	0.004957929	1
1	0.13051222	0
0	0.02702228	1
0	0.024258895	1
1	0.6354109	0
1	0.93691504	1
0	0.02025418	0
1	0.92894226	0
1	0.98758274	1
0	0.001437977	1
1	0.906177	1
1	0.75941175	0
0	0.000811003	1
0	0.000803297	0
0	0.49440515	1
0	0.2849688	1
0	0.003452232	1
1	0.9533072	1
1	0.8365245	0
1	0.91806805	1
1	0.24057147	0
1	0.7329943	1
0	0.002171358	0
0	0.600326	0
0	0.38364828	0
1	0.93335027	1
0	0.013723481	0
0	0.07857082	1
0	0.036779743	0
0	0.14777853	0
0	0.005535099	1
1	0.9584607	0
0	0.027084464	0
0	0.003225706	1
0	0.017611599	1
0	0.39303097	1
0	0.062011145	1
0	0.2956175	0
1	0.9950656	0
1	0.9982495	0
0	0.2839589	0
0	0.010449721	0
0	0.0320591	0
1	0.8492535	1
0	0.22331537	1
0	0.3937889	1
1	0.612962	1
1	0.87564945	1
0	0.017083684	0
0	0.011373991	1
0	0.5192601	0
0	0.5418776	0
0	0.04529999	0
0	0.4986818	0
0	0.29812235	0
0	0.007391142	1
1	0.9968534	0
1	0.97162354	0
1	0.90807223	1
0	0.029171176	1
1	0.9815957	1
1	0.9433677	1
1	0.9401707	1
1	0.528949	1
1	0.9931263	0
1	0.9100579	0
0	0.69957596	0
0	0.051861256	1
0	0.005752447	1
1	0.95999885	1
1	0.8542814	0
0	0.003428025	0
1	0.64408755	1
0	0.003433022	1
0	0.001262355	0
1	0.8823316	0
1	0.97609305	1
0	0.005689275	0
0	0.012814625	1
1	0.5842543	1
0	0.009696724	0
0	0.19260529	1
0	0.32602674	0
0	0.6414791	1
0	0.019302366	0
0	0.08216044	1
1	0.91493666	1
0	0.22712903	1
0	0.001469719	1
0	0.008478775	1
1	0.3994378	0
0	0.73930067	0
0	0.047997393	1
0	0.118834056	1
0	0.043652993	1
0	0.002243016	0
0	0.26118845	1
1	0.38405418	0
0	0.031014461	0
0	0.005512635	1
1	0.73670405	1
1	0.5978905	1
0	0.49459708	0
0	0.013467275	1
0	0.15464222	0
0	0.77085346	0
0	0.002277678	0
1	0.2322121	0
0	0.002266442	1
0	0.2977818	1
0	0.051893648	1
1	0.9907583	0
0	0.37190402	0
1	0.69457275	1
0	0.007309128	1
1	0.9062119	0
1	0.9148093	0
0	0.0029532	1
0	0.001644282	0
1	0.89157385	1
0	0.014282826	1
1	0.9089748	0
0	0.7157522	0
0	0.032431655	1
0	0.009799924	0
0	0.045611687	1
1	0.88442105	0
0	0.00815491	0
0	0.002450028	1
0	0.014916771	0
0	0.21618594	0
0	0.001704116	0
0	0.044909537	1
0	0.6133834	0
0	0.79619366	0
0	0.020558327	0
0	0.002787411	1
0	0.016303174	1
0	0.030771993	0
0	0.2884137	1
1	0.111928925	0
0	0.1094828	0
0	0.2982677	0
0	0.003047831	0
1	0.6731078	0
0	0.16360259	0
0	0.001031789	1
1	0.9964222	1
1	0.97148526	0
1	0.20607603	0
0	0.22338465	1
1	0.97194505	1
0	0.44664234	0
1	0.96883404	1
0	0.070962586	1
0	0.020282686	0
0	0.8381998	0
0	0.00713332	1
0	0.002860477	0
1	0.9880162	0
0	0.0815202	0
0	0.30511907	0
0	0.026677141	1
1	0.9990553	1
0	0.012099736	0
1	0.88484645	0
0	0.24006988	1
0	0.001738476	1
0	0.004942868	0
0	0.33075354	1
1	0.84026057	1
1	0.89116603	0
1	0.52728206	0
0	0.4431027	0
0	0.009944739	0
1	0.50341684	1
0	0.049452417	0
1	0.18042848	0
1	0.1414928	0
1	0.71173906	0
0	0.11136757	1
1	0.9821025	1
1	0.93035334	0
0	0.074748985	1
1	0.42136785	1
1	0.47931135	0
0	0.032216966	1
0	0.03751213	0
0	0.006501935	1
1	0.9737129	1
0	0.24174994	1
0	0.50213623	1
0	0.054448593	1
1	0.16769426	0
0	0.092581645	1
0	0.48102584	1
0	0.017060984	0
0	0.003138683	1
0	0.008268626	0
0	0.016117122	1
1	0.9849572	0
0	0.92539036	0
1	0.8710286	1
1	0.6388832	0
0	0.011516495	0
1	0.904337	0
0	0.02809366	1
1	0.75810367	0
0	0.01886801	0
0	0.000581479	1
0	0.037351526	0
0	0.16622768	1
0	0.05597685	1
0	0.11199189	0
0	0.36105207	1
1	0.96894157	0
1	0.56104034	0
1	0.9173867	0
1	0.9738056	0
1	0.889442	0
0	0.03254851	1
1	0.60984993	1
1	0.51983434	0
1	0.8730943	0
1	0.9112651	0
1	0.9834257	1
0	0.044284854	0
1	0.8912097	1
1	0.88117266	0
0	0.008709111	1
0	0.003015599	1
0	0.003667784	1
0	0.052606225	1
1	0.8691752	0
0	0.002609481	0
0	0.010203967	1
1	0.95591086	0
1	0.82348096	1
0	0.043745242	0
1	0.8863692	0
0	0.008710392	0
1	0.7993819	0
0	0.010463594	0
0	0.000671546	0
1	0.9903763	1
1	0.9523452	1
1	0.5551194	1
1	0.8030687	0
1	0.9909979	1
1	0.97272927	1
0	0.037933037	0
1	0.95964444	1
0	0.6555036	0
0	0.20574768	0
0	0.033079877	1
0	0.64344513	0
0	0.036810275	1
0	0.000406874	0
0	0.10259313	1
0	0.002613504	1
0	0.025216356	1
1	0.6496337	0
0	0.022142451	1
1	0.94647044	1
0	0.019073864	0
0	0.00671909	1
1	0.8636667	0
0	0.11309224	1
1	0.99153066	1
0	0.009362486	1
0	0.46985948	0
1	0.9932215	1
0	0.21055664	0
1	0.56027496	0
0	0.003708076	1
0	0.04043601	1
0	0.000702629	0
1	0.49947637	0
1	0.47761917	1
0	0.010611582	0
0	0.001617217	1
1	0.96285063	0
0	0.4633223	1
1	0.89988506	0
1	0.90826297	0
1	0.86259556	1
1	0.8235424	0
1	0.96954733	1
0	0.01911627	1
0	0.03180164	0
0	0.018985135	1
0	0.24456486	1
0	0.012349389	1
1	0.9597172	0
0	0.6729348	0
0	0.024773903	0
0	0.004393031	1
0	0.00151645	0
0	0.002242294	0
0	0.009115446	1
1	0.79587257	0
1	0.99697185	1
0	0.050537936	1
1	0.95126826	1
0	0.013679631	1
0	0.001594689	1
0	0.003545698	1
0	0.018980186	0
1	0.6351529	1
1	0.3845515	0
1	0.86883265	1
0	0.000963887	1
0	0.00689455	0
0	0.013291005	0
1	0.96932024	1
1	0.95748353	0
0	0.57204306	0
0	0.79667753	0
0	0.5903861	0
0	0.025117189	0
0	0.06191783	0
1	0.66670054	1
0	0.7021207	1
1	0.9690248	0
0	0.003140215	1
1	0.4648811	1
0	0.015196398	0
0	0.025495876	0
0	0.047825407	1
1	0.88276327	1
0	0.051621206	0
0	0.6419699	0
0	0.5843963	1
1	0.7841988	0
0	0.0149512	0
1	0.8294513	0
1	0.90706503	0
1	0.9316004	1
1	0.95635265	1
0	0.015714975	0
1	0.9751575	1
1	0.90683985	1
0	0.050075717	0
0	0.057920106	0
0	0.02532885	1
1	0.9306318	1
0	0.120280564	1
0	0.32840815	1
0	0.08848956	0
1	0.88600767	1
0	0.019416157	0
1	0.9035101	0
0	0.002225616	1
1	0.97808003	1
0	0.07869298	1
0	0.055387728	1
0	0.65682423	1
1	0.98720306	0
1	0.59437895	1
0	0.47361392	0
0	0.003434014	0
1	0.87834406	1
0	0.38338578	0
0	0.004374612	1
0	0.015390792	1
1	0.098289244	0
0	0.27113226	0
1	0.9977628	0
0	0.010465516	1
0	0.004712307	1
0	0.003519179	1
0	0.005076306	0
1	0.9122167	0
1	0.9521808	0
1	0.57510805	0
1	0.9612051	1
0	0.017606739	1
0	0.19901107	1
0	0.17256908	1
0	0.016964614	1
0	0.018610306	1
1	0.9387834	0
0	0.043689325	1
0	0.001817069	0
1	0.7598178	1
1	0.8623673	0
0	0.36498195	1
0	0.17952831	0
0	0.04337178	0
1	0.75489855	1
1	0.020646175	0
0	0.045975596	1
0	0.47049418	0
0	0.3622935	0
1	0.6771529	0
0	0.03382236	0
0	0.6981387	0
1	0.72358483	1
1	0.9928479	1
0	0.018958874	0
0	0.012438268	1
1	0.8465582	1
1	0.6181016	0
0	0.2604869	0
1	0.9686432	0
1	0.88817966	1
0	0.2694935	0
1	0.9962798	1
0	0.4714784	1
0	0.001193117	0
0	0.008262633	1
0	0.7078973	0
0	0.02185452	0
1	0.8868836	0
0	0.009745626	1
1	0.92609835	1
1	0.9919224	1
1	0.89138013	1
1	0.6666153	1
1	0.24011216	1
1	0.8432704	0
0	0.001267381	0
1	0.9672435	0
0	0.010358958	1
0	0.03057555	0
0	0.49565572	0
1	0.9791419	0
0	0.009744554	1
0	0.19416459	1
1	0.43362188	1
1	0.9763031	0
1	0.95828617	0
0	0.019345675	0
0	0.000710361	0
0	0.7310309	0
0	0.21646506	1
0	0.000905342	1
0	0.39224035	1
0	0.10262169	1
0	0.026549522	0
1	0.11139502	0
1	0.85179996	1
1	0.75880504	1
0	0.016562082	1
0	0.27370024	1
0	0.014642711	0
1	0.648737	1
0	0.005218165	1
0	0.23894681	0
0	0.8247588	1
0	0.015396438	1
0	0.007131534	1
0	0.011981036	0
0	0.008573395	0
0	0.58744806	0
0	0.015357798	0
0	0.4721873	1
0	0.011899431	1
0	0.6865105	1
1	0.52015257	0
1	0.599322	0
1	0.11853969	0
1	0.98908746	0
1	0.471832	1
0	0.25462478	1
1	0.95882887	0
0	0.005085214	0
0	0.6213107	1
1	0.6751815	1
0	0.37725374	0
1	0.8037331	1
1	0.54865134	0
0	0.12599535	0
0	0.04007735	1
1	0.9469197	1
0	0.3133189	1
1	0.997343	0
1	0.9712775	1
0	0.006634871	0
0	0.001332924	0
1	0.9948997	0
0	0.006630423	1
1	0.8056871	0
0	0.000985249	0
1	0.97382677	0
0	0.011848631	1
1	0.72895014	0
1	0.9844552	0
0	0.001158906	0
1	0.7683454	1
0	0.96216816	0
0	0.001284498	1
1	0.95092225	1
0	0.011382091	1
0	0.032783315	1
1	0.8101504	0
1	0.98708445	1
0	0.108589865	0
1	0.96697336	1
1	0.9712487	0
0	0.008602147	1
0	0.005847096	0
1	0.76331276	0
0	0.2760051	1
0	0.003125058	1
1	0.99133074	1
1	0.98429626	1
0	0.31002834	1
0	0.034891494	1
1	0.68737483	0
1	0.8254676	0
1	0.98971516	0
1	0.9898707	1
0	0.41047987	1
1	0.54623324	1
0	0.34826404	0
0	0.002386823	0
0	0.3955707	1
1	0.76794326	1
1	0.51721674	0
1	0.998018	0
0	0.08121909	0
1	0.99507916	1
0	0.024069639	0
1	0.9975915	1
0	0.009348049	0
0	0.13568884	0
0	0.9049223	0
1	0.49916455	0
0	0.1619695	1
1	0.7061429	0
1	0.68316823	1
1	0.997347	1
0	0.004549207	0
1	0.9876694	1
1	0.78961957	1
0	0.032576796	1
0	0.01723583	0
0	0.6364833	0
1	0.72748137	1
0	0.004963201	0
0	0.027398322	1
0	0.009759906	0
0	0.70817286	0
0	0.003594019	0
0	0.001116712	0
1	0.9753631	0
0	0.000771988	0
0	0.005533989	0
0	0.68668914	0
0	0.35676336	0
0	0.011873462	0
1	0.8705551	1
0	0.32563907	1
0	0.11413845	0
0	0.94497633	0
1	0.8253523	0
0	0.10480821	1
0	0.3775291	1
1	0.9733493	1
1	0.5414698	0
0	0.04452452	0
1	0.67478144	0
0	0.14054173	1
1	0.8489456	0
1	0.44095105	0
1	0.8917454	1
0	0.84480476	1
1	0.53812724	0
0	0.005276058	1
1	0.33462736	0
0	0.022264196	0
1	0.6989148	1
0	0.034926858	0
0	0.00333675	1
0	0.019869762	1
1	0.96387446	0
1	0.90863997	1
1	0.65924364	1
1	0.73774374	1
1	0.98455656	0
1	0.9419315	0
0	0.065168336	0
0	0.00981711	0
1	0.93141115	0
1	0.87236965	1
1	0.96361667	0
1	0.48402354	0
0	0.0339915	0
0	0.3883986	0
1	0.8286603	0
0	0.013148468	1
0	0.3246179	1
1	0.12753206	0
0	0.008232581	0
0	0.006709874	0
0	0.009907891	0
1	0.38714984	1
0	0.003864594	0
1	0.9501968	0
1	0.84198767	1
0	0.06248765	0
0	0.5541975	0
0	0.11332948	1
0	0.000919808	0
0	0.004724572	1
0	0.03501315	1
0	0.002313585	1
0	0.011050888	1
0	0.11081079	0
1	0.9980222	0
1	0.3545229	1
0	0.35807222	1
0	0.005877941	0
0	0.6425142	1
0	0.002234789	0
0	0.044310804	0
0	0.061165866	1
1	0.12130788	1
1	0.9809857	1
1	0.76443595	1
0	0.002565835	1
0	0.02125988	1
1	0.7722195	1
1	0.98289895	1
0	0.004870035	0
0	0.018062327	0
1	0.9926691	0
0	0.04982768	1
1	0.7716664	0
1	0.8665793	0
0	0.17951865	1
1	0.97825944	1
0	0.05215892	0
1	0.72107166	1
1	0.9940141	0
1	0.9463265	0
0	0.011341556	0
0	0.004229534	1
0	0.005867599	1
1	0.8548356	0
0	0.015881734	0
1	0.96969306	0
0	0.026017481	1
1	0.687091	1
0	0.000971507	1
0	0.007424247	1
0	0.007343577	0
0	0.23439834	0
1	0.98182666	1
0	0.007843938	1
1	0.66805655	0
1	0.9361374	0
0	0.009604085	1
1	0.99115574	0
1	0.8295777	0
0	0.054837927	0
1	0.8081987	1
1	0.939722	0
0	0.002834824	1
1	0.996463	1
0	0.115885586	0
0	0.001107672	0
1	0.9942111	1
0	0.49446326	0
1	0.9615629	0
0	0.61078554	1
0	0.010276927	1
0	0.000804729	1
0	0.31961846	0
1	0.94925284	0
1	0.8774872	0
0	0.03194005	0
0	0.001909683	1
1	0.99836844	1
0	0.06721513	0
1	0.8892513	0
0	0.014094776	0
0	0.002772517	1
1	0.9918607	0
1	0.42734405	1
0	0.014017928	1
1	0.759957	1
1	0.8606373	1
1	0.96597344	1
0	0.022814827	0
1	0.7703939	0
0	0.14652446	1
1	0.8143807	0
0	0.005139431	0
0	0.20342273	1
1	0.99057794	0
0	0.07035771	0
0	0.004718354	1
0	0.014092629	1
1	0.8315632	0
1	0.89380354	1
0	0.19161983	1
0	0.028025374	0
0	0.01943697	0
0	0.28591132	1
0	0.013630712	1
1	0.8386637	1
1	0.99103457	0
1	0.8252892	0
0	0.31310248	1
0	0.07071412	1
1	0.9798217	0
0	0.04485112	1
0	0.028597444	1
1	0.88600206	1
1	0.97140956	1
1	0.9024884	0
0	0.010495557	1
0	0.020305064	1
1	0.86642295	1
0	0.3140086	0
1	0.7211201	1
1	0.9323887	1
0	0.15016656	1
0	0.37244147	1
0	0.035342183	1
0	0.029281748	1
1	0.70714235	0
1	0.9887905	1
0	0.015169482	0
0	0.005646083	1
0	0.11222461	0
0	0.42713958	0
1	0.9258876	1
0	0.1715667	1
0	0.02275072	1
1	0.5388813	1
0	0.06787027	1
0	0.01490233	1
0	0.012948306	0
1	0.9839431	1
0	0.13785815	0
1	0.40587294	0
1	0.7703693	0
0	0.31766534	1
1	0.2918087	0
1	0.9934068	1
1	0.98534656	1
0	0.001687437	1
1	0.36706045	0
0	0.2831688	1
0	0.2191687	0
0	0.03856988	1
0	0.38638848	1
0	0.053699188	0
0	0.117914826	1
1	0.4567649	1
0	0.032548115	1
1	0.9380576	1
0	0.003262073	0
1	0.7444934	0
1	0.99460596	1
0	0.032286454	0
0	0.054772716	0
1	0.8349539	0
0	0.002458395	0
0	0.015251981	1
0	0.92440647	0
1	0.99476296	0
1	0.8524853	0
0	0.06365155	0
0	0.079697564	1
0	0.01721978	1
0	0.03419769	1
0	0.47099367	1
1	0.9004832	0
0	0.024305012	1
0	0.03552525	1
1	0.7510459	1
0	0.044134695	1
0	0.001457112	1
1	0.9813059	1
0	0.005195938	0
0	0.34177747	0
1	0.004991638	0
0	0.205668	1
0	0.002627257	0
0	0.001399536	1
0	0.43026632	0
1	0.85413754	0
0	0.014384215	0
1	0.9490617	0
1	0.60700256	0
0	0.4505072	1
0	0.13644318	1
1	0.9574725	1
1	0.8892626	1
1	0.9499872	0
1	0.9154427	0
0	0.008317882	0
0	0.05364622	0
1	0.7856491	0
0	0.12340863	1
0	0.042612325	1
0	0.2972114	1
0	0.013394292	0
1	0.9611519	1
0	0.27604857	1
0	0.000970972	0
1	0.21756853	1
0	0.0039088	1
0	0.022174885	0
0	0.002777163	1
0	0.011073225	0
1	0.95329815	1
1	0.30531043	1
0	0.4413703	0
1	0.65817904	1
0	0.010044258	0
0	0.035734564	1
0	0.021852072	0
1	0.61777157	1
0	0.004165475	1
1	0.90520316	1
0	0.004876149	1
1	0.65832835	1
1	0.573712	0
1	0.9928267	1
1	0.9079893	1
0	0.180494	1
0	0.018695025	1
0	0.24361981	1
0	0.003468722	1
0	0.007400923	0
1	0.76762533	1
0	0.5679783	0
1	0.67698795	0
0	0.008324545	1
0	0.42779687	0
1	0.79709345	1
0	0.021849556	0
0	0.01381245	1
1	0.8939853	1
1	0.9976814	0
0	0.48706445	1
0	0.015740803	1
0	0.3696956	1
1	0.970948	0
1	0.89251363	1
1	0.9887079	0
0	0.7370113	1
0	0.03993769	0
1	0.98483235	0
0	0.014984397	1
0	0.01609656	0
0	0.019769583	0
0	0.000938017	1
1	0.70336705	0
0	0.11396518	1
0	0.8325457	0
1	0.1897005	0
0	0.002248769	1
0	0.05851779	1
1	0.6868699	0
0	0.003886413	0
1	0.9789883	0
0	0.021243703	0
0	0.001891209	1
1	0.97012645	1
0	0.47831106	0
0	0.09744002	1
0	0.08167992	1
1	0.47902286	0
0	0.20080946	0
0	0.43851298	0
1	0.89385945	0
0	0.038922567	1
1	0.74484026	1
1	0.67318124	1
0	0.000477337	0
0	0.010369018	1
1	0.9159305	1
0	0.0032202	0
1	0.6633177	0
0	0.28265867	0
1	0.98673046	1
0	0.2178239	1
0	0.3197252	1
0	0.020988634	1
1	0.85268503	0
0	0.004715806	0
0	0.007659863	1
1	0.7335556	0
0	0.71666867	1
0	0.007989589	0
0	0.08517345	0
0	0.001558974	0
0	0.006277683	1
0	0.011124453	0
1	0.96495515	0
0	0.001303901	1
1	0.977531	1
0	0.009752926	1
0	0.004230772	0
0	0.04930982	0
1	0.9841298	0
0	0.03638595	1
1	0.93946457	1
1	0.97815984	1
0	0.001185371	1
0	0.1844468	0
1	0.10996809	1
1	0.99278224	1
0	0.87868917	1
0	0.072068125	1
0	0.10458708	1
0	0.004589494	0
0	0.7013882	0
0	0.002948127	1
1	0.40107596	0
0	0.003239532	0
0	0.002251941	0
0	0.27600992	0
0	0.12819327	0
0	0.018841304	0
0	0.014514577	1
1	0.58908755	1
0	0.017527029	1
1	0.99483156	1
0	0.09677136	0
0	0.15484795	1
0	0.003728655	0
0	0.003375419	1
1	0.8842784	0
0	0.001785634	0
0	0.004531533	1
1	0.77047825	0
0	0.031041797	1
0	0.028013818	0
0	0.13022996	0
0	0.15624824	1
0	0.007910759	1
0	0.00583121	1
1	0.9650485	0
1	0.47045872	0
0	0.18779655	1
0	0.040403273	0
1	0.7076858	0
0	0.029921401	0
1	0.88744277	0
1	0.78533226	0
0	0.08953919	0
1	0.843887	0
0	0.001280028	1
1	0.79765856	1
0	0.010162015	0
0	0.27471748	0
1	0.99587893	1
1	0.97562	0
1	0.9925995	1
0	0.016206605	0
0	0.003786477	0
0	0.30463862	0
0	0.012656826	0
1	0.9984933	1
0	0.005941379	0
1	0.98915	1
1	0.6764041	0
0	0.001527646	1
0	0.81296223	0
1	0.9627187	1
1	0.6754677	0
0	0.31901768	0
1	0.817743	0
0	0.032221127	1
1	0.9689033	0
1	0.70466745	0
0	0.013250743	1
1	0.6074242	0
0	0.036737323	1
1	0.90010196	0
1	0.99508023	1
1	0.9831215	0
0	0.004627809	1
1	0.89112955	1
1	0.8805096	1
0	0.020833619	1
0	0.013691634	0
1	0.9974722	0
1	0.33873785	0
1	0.73336995	0
1	0.99325293	0
1	0.97952193	1
0	0.010401033	1
0	0.008507441	1
1	0.90941256	1
1	0.85579056	0
1	0.7693196	1
0	0.24442804	1
1	0.6684511	1
1	0.9986602	0
1	0.9702022	0
1	0.99855703	1
1	0.7478945	1
1	0.8226106	0
0	0.00654965	0
0	0.09021411	1
0	0.7131305	0
0	0.001964989	0
1	0.6779879	0
0	0.004410605	1
1	0.995447	1
0	0.009431793	1
1	0.8009416	1
0	0.00372051	0
1	0.80841696	1
0	0.009350925	0
0	0.003340912	1
1	0.6085795	1
1	0.9480573	0
0	0.005949298	1
1	0.99283	1
0	0.026773263	0
0	0.004460602	0
0	0.006023839	1
0	0.000965074	1
0	0.028240433	1
0	0.009689552	0
0	0.27577418	0
0	0.08539331	1
1	0.96863794	0
1	0.9980184	1
0	0.73792285	0
0	0.012932562	1
1	0.83742005	1
1	0.79324365	1
0	0.565365	1
1	0.86821353	1
0	0.012131462	1
0	0.15333726	1
1	0.86742485	0
0	0.000758508	1
0	0.018296532	1
0	0.028021237	1
0	0.4078346	0
1	0.69697565	1
0	0.008117484	1
1	0.97891504	0
0	0.40091154	0
0	0.019317538	1
1	0.9758952	0
0	0.5037068	0
1	0.89841664	0
1	0.6431928	1
0	0.002908875	1
0	0.17588909	0
0	0.000511987	0
1	0.5550343	0
0	0.119656146	1
0	0.121493764	1
1	0.9730839	0
0	0.41075525	0
0	0.08300331	1
0	0.34374222	1
0	0.016309178	1
0	0.07598522	1
0	0.010236986	1
1	0.02301753	0
0	0.001606761	0
1	0.6663045	0
0	0.059016146	0
1	0.6102991	0
1	0.77921313	1
0	0.016256629	1
0	0.008490632	0
1	0.80280936	0
0	0.08597578	0
0	0.25865245	1
1	0.6024816	0
1	0.7788203	1
0	0.07930468	0
1	0.7443524	1
0	0.020277584	0
0	0.3487518	1
1	0.96235675	0
0	0.2039123	1
0	0.003382355	1
1	0.9926466	0
1	0.9120738	0
0	0.012838637	0
1	0.9801486	0
1	0.9106472	0
1	0.94024247	1
1	0.5466827	0
0	0.016872987	1
0	0.036805768	0
1	0.9415034	1
0	0.004126474	1
0	0.61784285	0
0	0.01539888	0
1	0.9972658	0
1	0.7314924	1
1	0.96967894	0
1	0.8207212	0
1	0.995057	1
0	0.005200435	0
0	0.018025609	1
0	0.8725435	0
0	0.06510517	1
1	0.77020603	1
0	0.001022175	1
1	0.99768925	1
0	0.00437106	1
1	0.97834796	0
1	0.8618162	0
0	0.28819788	1
1	0.8245598	0
0	0.001331903	0
1	0.8915166	1
1	0.9918612	0
0	0.001491341	1
0	0.046247836	0
1	0.99314016	0
0	0.018108651	0
1	0.78290516	1
0	0.30241194	0
0	0.1281921	1
0	0.012482884	1
0	0.005054475	1
1	0.0621234	0
1	0.41286096	0
1	0.9312885	1
0	0.008309388	1
0	0.00373616	1
0	0.36308286	0
0	0.005853287	0
0	0.39490998	0
0	0.019471481	1
0	0.004970733	0
1	0.6805715	1
0	0.09455648	1
0	0.007900984	1
0	0.025326002	1
1	0.5109527	0
0	0.007673612	0
0	0.28412125	1
0	0.00147817	0
0	0.10145964	1
1	0.9786366	1
0	0.009343546	0
0	0.09626566	0
0	0.011619367	0
0	0.032828446	1
0	0.100234926	1
0	0.53740203	1
1	0.9933328	1
1	0.96508306	1
0	0.03056618	1
0	0.007099402	1
0	0.1853068	0
0	0.005328368	0
0	0.079980135	0
0	0.18529426	0
1	0.9287724	0
1	0.8819161	1
0	0.09684444	1
0	0.012117771	0
1	0.9760568	0
0	0.014685869	0
0	0.005590908	1
0	0.03300279	0
1	0.99181515	1
0	0.22624715	0
1	0.88545287	1
0	0.005265389	1
0	0.00712941	1
1	0.12427149	0
1	0.7771132	0
1	0.9984101	0
0	0.24632044	1
1	0.991668	1
1	0.9441074	0
1	0.8338384	1
0	0.27750403	0
1	0.81512374	0
1	0.90021783	1
1	0.17908426	0
0	0.2813769	1
0	0.002915445	1
1	0.2217306	0
1	0.997447	0
0	0.014216117	1
0	0.24845694	1
0	0.05291414	1
0	0.81677973	1
1	0.5291686	0
1	0.9992679	1
0	0.07579698	0
1	0.92238873	1
1	0.9540496	1
1	0.45044184	0
0	0.44869193	1
0	0.030748807	0
0	0.21006083	1
1	0.8478267	0
1	0.9823929	0
1	0.98695755	1
1	0.7567034	1
0	0.1950026	1
0	0.02527763	1
0	0.012528628	0
1	0.87273926	0
0	0.00326114	1
1	0.9783967	0
0	0.08517912	1
1	0.64765704	0
1	0.97713065	0
1	0.9090238	1
0	0.3585398	0
1	0.92086935	0
0	0.023239955	0
0	0.009967456	0
0	0.032817494	1
1	0.8012624	1
0	0.002541464	0
1	0.9438372	1
0	0.009800131	1
0	0.004543383	1
0	0.008334604	0
1	0.95585006	1
0	0.14099644	0
1	0.5669452	0
1	0.8675449	0
0	0.017141664	0
0	0.5967026	0
1	0.91607964	1
1	0.9084292	0
0	0.010198604	1
0	0.052777942	1
0	0.00152778	1
0	0.47509596	1
0	0.04728041	1
1	0.650131	1
0	0.002074823	1
1	0.57297647	0
1	0.9401359	0
0	0.001481996	0
0	0.02170903	0
0	0.8590217	0
1	0.9185367	1
0	0.07960196	0
0	0.05042318	0
0	0.15135816	1
0	0.46425775	0
0	0.12743728	1
1	0.9549508	1
0	0.0621559	1
1	0.92366344	1
1	0.97910464	0
0	0.01094178	1
1	0.9818231	0
0	0.001543942	1
1	0.56494826	1
1	0.99755573	0
0	0.5164204	0
1	0.5887221	0
0	0.001080958	0
1	0.1838885	1
0	0.00299232	0
1	0.47642666	0
1	0.004187822	0
0	0.16005497	0
1	0.99485046	1
1	0.26610786	0
0	0.084212646	0
0	0.005017754	1
1	0.8276047	1
1	0.92421174	0
1	0.8526573	0
1	0.95786554	0
0	0.12575492	0
0	0.006573086	0
0	0.004855219	1
1	0.91455346	0
0	0.67066056	0
0	0.01648492	1
1	0.06816167	0
0	0.018139526	0
0	0.5615144	1
1	0.995201	0
1	0.6444127	0
0	0.039039098	0
1	0.7148157	1
0	0.004232012	1
1	0.9566061	0
0	0.003886996	1
0	0.43307218	1
0	0.015216612	0
1	0.5038237	1
0	0.003403932	1
0	0.049377978	1
1	0.557687	1
0	0.003316709	0
0	0.004212041	1
1	0.92163265	0
0	0.5362352	1
0	0.8941083	1
1	0.8706451	0
0	0.007733555	0
1	0.8335263	0
0	0.029910613	0
0	0.036471114	0
0	0.004677072	1
1	0.6604357	1
1	0.803015	0
0	0.009665719	0
1	0.96570987	1
0	0.032561615	0
1	0.76705223	1
0	0.2659895	1
0	0.003126464	1
1	0.7932657	1
0	0.03560136	0
1	0.43613604	1
0	0.48072615	0
0	0.01519973	0
1	0.97163624	1
1	0.7595983	1
0	0.007622977	0
1	0.3786466	0
1	0.62322134	0
0	0.009541434	1
0	0.00622885	0
1	0.9893139	1
1	0.9289261	0
1	0.98248935	0
1	0.8789753	0
1	0.75242674	1
1	0.92613834	1
0	0.7366809	1
1	0.9627823	0
1	0.99515355	1
1	0.74873525	1
1	0.6668896	1
1	0.96823883	0
0	0.75140244	1
0	0.35378817	0
1	0.84321624	0
0	0.18090641	1
1	0.6896272	0
0	0.53088677	1
0	0.23462746	0
1	0.9082091	1
0	0.003465285	1
0	0.1438101	1
0	0.10094754	1
0	0.012610259	1
1	0.80344456	1
0	0.008469343	1
0	0.018918289	1
0	0.436094	1
1	0.9656344	0
0	0.008935387	0
0	0.3649331	0
0	0.006829344	1
0	0.13198067	1
0	0.0238122	1
1	0.8389274	1
0	0.009640155	0
1	0.95755434	1
1	0.31507125	0
1	0.49205005	0
0	0.001107873	0
1	0.98635083	1
0	0.32900602	1
0	0.048519067	1
0	0.0030874	1
1	0.5919528	0
0	0.030377408	1
1	0.985884	0
1	0.9790273	0
0	0.009927959	0
1	0.9771951	0
0	0.16017817	0
0	0.037187297	0
1	0.90890336	0
1	0.4923826	1
0	0.16975023	0
0	0.112881355	1
1	0.6353929	1
1	0.9677697	0
0	0.006371219	1
1	0.98388493	0
0	0.001371416	1
0	0.008315483	0
0	0.005132536	0
1	0.62427264	1
0	0.027480947	1
1	0.028251233	0
0	0.000933248	1
0	0.03313954	0
0	0.014522573	1
1	0.8351376	0
0	0.000581992	1
0	0.11353644	0
0	0.002514328	0
1	0.9552056	1
0	0.028888218	0
1	0.9352354	1
0	0.31178144	0
1	0.98400176	1
1	0.53389335	1
0	0.014655127	1
1	0.86097753	0
1	0.93788874	0
0	0.58863366	1
1	0.65068126	1
0	0.68500555	1
0	0.03881612	1
0	0.026333164	1
1	0.9920027	0
1	0.97004086	1
1	0.9389787	0
0	0.5518777	0
1	0.5427506	0
1	0.96850353	0
1	0.9386788	1
0	0.08899708	0
0	0.14601542	1
1	0.9729574	0
0	0.005020521	0
0	0.9163339	0
0	0.009676177	0
0	0.49183396	1
1	0.881322	1
1	0.98617053	1
0	0.09390082	0
0	0.007886125	1
0	0.95254636	0
1	0.61200714	0
0	0.00644307	1
0	0.17680167	1
1	0.98415124	1
1	0.9704348	0
1	0.7477717	0
0	0.012319229	1
0	0.12983575	0
1	0.9832708	0
1	0.9772132	1
0	0.06936702	0
0	0.057533797	1
0	0.16065593	1
0	0.005285534	0
0	0.03730039	1
1	0.2960839	1
1	0.923081	1
1	0.8673986	1
1	0.5671215	0
0	0.4255504	0
1	0.9466543	0
0	0.36639848	0
1	0.9981078	0
1	0.52636987	1
1	0.34444338	1
1	0.98471963	1
0	0.008225316	1
0	0.002131848	1
0	0.010508088	1
1	0.9658183	0
1	0.955713	0
0	0.48327127	0
0	0.007253714	1
1	0.96768445	0
1	0.920423	0
1	0.7475123	0
1	0.951478	1
0	0.017869305	0
1	0.95053554	0
1	0.9444081	0
1	0.9952781	1
0	0.014307923	1
1	0.7282524	0
0	0.003103631	0
0	0.008094867	1
0	0.013938542	0
0	0.2864915	0
1	0.9735092	1
1	0.89969414	0
0	0.6591444	1
1	0.9405633	0
0	0.016448084	1
0	0.005587045	0
0	0.012658506	1
1	0.6287095	0
0	0.028639587	1
0	0.075800635	0
0	0.45484483	1
0	0.41459268	0
0	0.04817768	1
1	0.28392106	0
1	0.96047574	1
1	0.98968387	1
0	0.052047055	0
0	0.00126927	1
0	0.000808436	0
1	0.9056454	0
0	0.1505929	0
0	0.054082867	1
0	0.47458312	0
1	0.99501204	0
0	0.003806839	0
1	0.9769125	0
0	0.010983575	1
0	0.48007885	0
0	0.8694469	0
0	0.20994933	0
0	0.000770452	0
1	0.5110226	0
0	0.001037187	1
0	0.5745679	0
0	0.17639713	0
1	0.36777422	1
0	0.55219793	0
1	0.6809507	0
0	0.001663581	0
1	0.93067545	1
0	0.035438348	0
0	0.005352237	0
0	0.047167514	0
0	0.60531807	1
0	0.003488554	0
0	0.055040073	1
1	0.6431935	0
1	0.8242479	1
1	0.6947648	1
1	0.8148925	1
0	0.012239684	1
1	0.57817614	0
0	0.55246603	1
1	0.9641022	0
0	0.4174909	0
0	0.08046729	0
0	0.10774111	1
1	0.30456817	1
0	0.031461604	0
1	0.7724029	1
1	0.59621596	1
0	0.2649732	1
1	0.6635625	1
1	0.885922	1
0	0.006768215	1
0	0.013100325	1
1	0.9949686	1
0	0.14388214	1
1	0.9685289	1
0	0.0112062	1
1	0.6817357	1
1	0.7783463	1
1	0.8718092	1
0	0.004096738	0
0	0.01431144	1
0	0.2586281	0
0	0.13698564	0
0	0.022880942	0
1	0.9777991	1
1	0.81858325	0
0	0.13151293	1
1	0.1192875	0
0	0.0068974	1
0	0.2744749	0
1	0.98137486	1
1	0.3715908	1
0	0.093849294	0
1	0.703076	0
0	0.17492373	1
0	0.006158392	0
0	0.03483669	0
0	0.002879428	0
0	0.008275878	1
0	0.00724435	0
0	0.73924404	0
0	0.045929838	1
1	0.9740155	0
0	0.010890142	0
1	0.97370726	0
0	0.00791317	1
1	0.9657619	0
0	0.4301927	1
1	0.9939275	0
0	0.5153454	0
1	0.9772347	0
0	0.3139361	1
1	0.7228874	0
1	0.7322824	1
1	0.9965828	1
1	0.9739872	0
0	0.026938584	0
1	0.8487059	1
0	0.002453776	0
1	0.91668546	0
1	0.9965178	1
0	0.0573249	0
0	0.030346153	1
1	0.88672405	1
1	0.8267089	1
1	0.49246886	0
0	0.8050695	0
1	0.34883028	1
0	0.39599785	0
0	0.003035121	0
0	0.18231362	1
0	0.08600497	1
0	0.015111783	1
1	0.85885495	0
0	0.050896503	1
0	0.06725854	0
0	0.0006432	0
0	0.04699135	1
0	0.012060635	1
1	0.969676	0
0	0.011893792	1
0	0.13696094	1
1	0.8221805	1
1	0.89412135	0
0	0.1746576	1
1	0.88188624	1
0	0.20917085	0
0	0.11026303	0
0	0.001116006	0
0	0.6138188	0
1	0.31848744	0
0	0.20039983	0
0	0.036193788	0
0	0.09415287	1
0	0.006010352	1
0	0.13794087	1
1	0.9922679	0
1	0.9390387	1
0	0.8676431	0
1	0.39845604	0
0	0.039209366	0
1	0.98561853	1
0	0.002892414	1
1	0.9983784	1
0	0.013480953	1
1	0.9894533	0
1	0.9967759	1
0	0.1866184	0
1	0.9907026	1
0	0.5538614	1
0	0.21660367	1
0	0.39883825	1
0	0.001789629	0
0	0.020289836	0
0	0.21953493	1
0	0.3442498	0
0	0.002220325	1
1	0.9730435	1
1	0.7463711	1
0	0.5557228	0
1	0.6801511	1
0	0.005216787	0
1	0.827563	0
0	0.22635117	1
0	0.035178035	1
0	0.039753474	0
0	0.009389251	0
0	0.07133159	1
1	0.6329168	0
0	0.67568564	0
1	0.76342344	0
0	0.005389187	1
1	0.6890752	0
0	0.2535678	1
1	0.69589806	0
0	0.7132177	0
0	0.044477057	1
1	0.5316209	0
0	0.5849157	1
0	0.15403184	0
0	0.006731659	0
0	0.00934002	0
1	0.9093831	0
0	0.09073839	0
0	0.005150866	0
1	0.90246916	1
1	0.9921069	1
0	0.011285105	1
1	0.98155195	1
0	0.019876886	0
0	0.424883	1
0	0.40811962	1
0	0.060684375	1
1	0.9734002	1
0	0.4702221	0
0	0.009282175	1
1	0.975872	1
1	0.71441114	0
1	0.975997	0
0	0.4901671	1
0	0.019886497	0
1	0.97170883	1
0	0.026593953	1
0	0.015545027	1
0	0.001643432	1
1	0.8567637	0
0	0.006777251	0
0	0.05172026	1
1	0.7917205	1
0	0.16814227	1
1	0.9627282	0
0	0.006917052	0
0	0.010248989	0
0	0.001000003	0
0	0.01982286	0
0	0.005530049	0
1	0.9701874	0
1	0.98319376	1
0	0.008069987	0
0	0.013315924	0
1	0.029768838	0
1	0.33125725	0
1	0.2613	0
1	0.82134324	1
0	0.25805783	1
0	0.08662837	1
0	0.539617	0
0	0.097855255	1
1	0.7922029	1
0	0.06313819	1
0	0.061881743	0
0	0.003366341	1
1	0.9674709	0
1	0.88614637	0
0	0.06866695	0
1	0.997472	1
1	0.7285874	1
1	0.86689407	1
0	0.010986902	1
1	0.9461683	0
1	0.03445232	0
1	0.9422988	1
1	0.99520963	0
0	0.006944012	0
1	0.9696698	0
1	0.6112979	0
0	0.002274222	1
1	0.96124786	0
0	0.13210449	1
0	0.27413312	0
0	0.009083204	0
0	0.31384432	1
0	0.009013947	1
1	0.9943098	1
1	0.1724255	0
1	0.8107602	0
0	0.042976256	1
1	0.92651457	0
0	0.0026485	0
1	0.92201394	1
1	0.115756184	0
1	0.9975414	0
1	0.9516189	1
0	0.04257709	0
1	0.8820117	0
1	0.90116006	0
1	0.41223526	0
0	0.01733545	1
0	0.2061879	0
1	0.9945891	1
0	0.002426077	1
0	0.2247354	1
0	0.005448815	1
1	0.7738307	0
0	0.5836852	0
0	0.026238818	1
1	0.7396433	1
0	0.020338874	1
1	0.9409418	0
0	0.000392457	1
0	0.044558868	1
0	0.67345035	0
0	0.007057373	1
0	0.001480281	0
1	0.72573704	0
1	0.73214114	0
0	0.012915299	1
1	0.67362016	1
0	0.003725068	1
1	0.978717	1
1	0.9895343	0
1	0.98884857	0
0	0.009245261	1
1	0.9955546	1
1	0.8242222	0
0	0.237751	0
0	0.002359158	1
0	0.15457253	1
0	0.000869376	0
1	0.7335565	1
0	0.2519968	1
1	0.85342646	1
1	0.9874972	1
1	0.94476575	1
0	0.6080772	0
0	0.1585969	0
1	0.24934822	0
0	0.26593292	0
0	0.038626738	1
0	0.020343212	0
1	0.3132742	0
0	0.6478511	1
1	0.96096814	0
1	0.8710935	0
1	0.58372223	1
0	0.09159214	0
1	0.6703512	1
1	0.45713493	0
0	0.009954753	1
0	0.87909293	0
0	0.06500822	1
1	0.8742445	0
0	0.008634981	1
0	0.006149931	0
1	0.99329245	0
0	0.017409027	1
0	0.6427999	1
0	0.003006148	1
1	0.67684203	1
0	0.38139024	1
1	0.9823559	1
1	0.9964774	1
0	0.4150162	1
1	0.91266024	0
0	0.036079895	1
0	0.17117481	1
0	0.24096803	1
1	0.12703247	0
1	0.81633794	1
1	0.9873073	0
0	0.039858896	0
0	0.6231857	1
1	0.9642578	1
1	0.8726919	1
0	0.6949892	0
0	0.35052967	1
1	0.9701581	1
0	0.78062564	1
1	0.85091114	1
1	0.97509354	0
1	0.83977765	1
0	0.9712002	0
0	0.00710268	1
0	0.004982667	1
1	0.9624831	1
0	0.01862874	0
1	0.9862347	0
0	0.042191487	0
1	0.67672986	1
0	0.0240333	0
0	0.012019734	1
1	0.6598082	1
0	0.12975778	0
0	0.005437163	1
0	0.006344965	0
0	0.023376534	0
0	0.4201805	1
0	0.1928234	0
0	0.09436759	0
0	0.00559377	0
1	0.8517078	1
0	0.26659748	1
0	0.004546807	1
0	0.007034754	1
0	0.006015915	0
1	0.8721854	0
0	0.000975262	0
1	0.94839555	0
1	0.6989836	0
0	0.04675938	0
0	0.002070527	0
0	0.04780294	0
0	0.001034567	1
1	0.39151427	1
0	0.034617588	0
0	0.50958914	1
1	0.73305917	0
1	0.7803979	0
0	0.00095248	0
0	0.05282107	0
0	0.005585831	1
0	0.84681153	0
1	0.6999115	0
1	0.5463503	1
1	0.8395648	0
0	0.005260104	1
1	0.9623194	1
1	0.9482024	1
0	0.007130592	1
1	0.47580567	1
0	0.012747997	0
1	0.94956744	0
1	0.81946063	1
0	0.09028049	1
1	0.9909525	1
1	0.99132174	0
0	0.37391117	0
1	0.99714655	0
1	0.65723515	0
1	0.46999684	0
1	0.8109713	0
0	0.54230684	0
0	0.02599647	0
0	0.012645699	1
1	0.01563233	0
0	0.08816453	1
0	0.021731615	0
0	0.001469931	0
0	0.003114678	1
0	0.007378384	0
0	0.003147441	0
0	0.010465278	0
1	0.7990634	1
1	0.8625483	1
1	0.989604	1
0	0.005264807	1
0	0.1670447	1
0	0.013274686	1
0	0.035657328	1
1	0.9509168	1
0	0.000964085	1
1	0.6566059	0
1	0.92214364	0
0	0.022284804	0
1	0.47440574	0
1	0.99454004	0
1	0.81699276	0
0	0.30418354	0
1	0.9276554	0
0	0.007096623	1
0	0.044670288	0
0	0.020317104	0
0	0.80859405	0
0	0.005754869	1
1	0.8147662	0
0	0.41687918	1
0	0.3286038	1
0	0.44536886	0
0	0.15066844	1
0	0.24882637	1
0	0.14781182	0
0	0.005440599	1
0	0.38311288	0
1	0.82049197	0
0	0.010693849	1
1	0.99652135	1
0	0.5827043	0
1	0.8679549	0
0	0.16341338	1
1	0.995484	0
1	0.80725473	1
0	0.019453814	0
0	0.27049375	0
1	0.6393988	1
1	0.9850382	0
1	0.9873756	1
0	0.003275729	1
0	0.14456618	0
1	0.58746016	1
0	0.032418534	1
1	0.5678074	1
1	0.12836085	0
0	0.022956286	0
1	0.8493235	0
1	0.9410215	1
0	0.10303978	0
1	0.6284977	0
0	0.122671455	0
1	0.7521065	1
0	0.041110255	0
0	0.002679482	0
1	0.73144734	0
0	0.0439841	1
0	0.5006401	1
0	0.55057406	0
0	0.67092824	0
1	0.9844609	1
0	0.68785167	1
1	0.5059427	0
0	0.052631445	1
0	0.34434316	1
1	0.46383542	0
0	0.009288874	1
0	0.003419552	0
1	0.44634652	0
1	0.9961462	0
0	0.006214312	1
1	0.99900454	1
0	0.01834035	1
1	0.9756597	1
0	0.006951822	1
0	0.019586675	1
0	0.004737675	0
0	0.74646944	0
0	0.021330705	1
1	0.54154706	1
0	0.013943275	1
1	0.96120214	0
1	0.801246	0
0	0.035246704	0
1	0.92319626	0
1	0.97078943	0
0	0.07009305	1
1	0.9285619	1
1	0.64212245	0
0	0.023151835	0
0	0.007610514	1
0	0.025627311	0
0	0.07365262	0
0	0.010240595	1
1	0.98096853	1
1	0.35830843	1
0	0.48821262	1
0	0.03316739	0
0	0.001200459	1
1	0.6614612	1
0	0.6875362	0
0	0.039990056	1
0	0.113479994	0
1	0.97226715	1
1	0.9964504	1
1	0.96426433	1
0	0.32123414	1
0	0.007282297	1
0	0.031766374	0
0	0.03504587	1
1	0.99268967	1
0	0.24725556	0
0	0.10738831	0
1	0.9705555	0
0	0.064460196	0
1	0.7826733	1
1	0.97392374	1
1	0.51502776	1
0	0.30741104	0
0	0.10930554	1
0	0.25321507	1
1	0.6636244	1
0	0.01652699	1
1	0.7903874	1
0	0.007447865	0
1	0.9971517	1
0	0.006666048	1
1	0.9908364	0
0	0.007282401	1
0	0.09630245	1
0	0.01786401	1
1	0.98873436	1
1	0.6651457	0
0	0.020944597	0
0	0.008231456	0
0	0.012701654	0
0	0.011105238	1
0	0.000914005	0
0	0.043850247	1
0	0.05543318	0
1	0.84259284	1
1	0.9263911	1
1	0.9514629	0
0	0.004826372	0
0	0.5053024	1
1	0.9975478	1
1	0.9779661	1
0	0.003868358	1
0	0.012824046	0
0	0.001125059	1
1	0.9486106	0
1	0.9660271	0
0	0.00450391	1
1	0.92213845	1
1	0.4973377	1
0	0.19591096	0
0	0.00173404	1
1	0.9772679	0
1	0.8085415	0
0	0.18124473	0
1	0.73079413	0
0	0.014550785	1
1	0.95507926	1
0	0.13054426	0
0	0.006196898	1
1	0.99331266	1
1	0.37151635	0
1	0.39182118	0
0	0.009063937	0
0	0.015406473	1
0	0.004819307	0
0	0.00139812	0
0	0.003891405	1
0	0.09978503	0
0	0.006842024	0
1	0.57481444	1
0	0.055520426	1
1	0.66337776	1
1	0.9857721	0
1	0.9707856	1
0	0.021055408	1
0	0.003800795	1
1	0.77978665	0
0	0.12288939	0
0	0.00635058	1
0	0.001772464	0
0	0.044116262	1
1	0.66043013	1
1	0.9409225	0
0	0.029314611	1
1	0.8277591	1
1	0.84297	0
1	0.98999596	0
0	0.018129576	0
1	0.8521241	0
0	0.412383	0
0	0.010500099	1
0	0.001008898	0
0	0.3402067	1
0	0.011137006	0
0	0.7716102	0
0	0.001718152	1
0	0.8731511	0
1	0.6590295	0
1	0.9347413	0
0	0.020688754	1
1	0.95430183	1
1	0.81938994	0
0	0.003359341	1
0	0.80316925	1
1	0.7859583	0
0	0.022086583	1
0	0.002164566	1
1	0.8382072	0
0	0.026782751	0
0	0.006396692	0
0	0.402529	0
1	0.68093425	0
1	0.9838552	1
0	0.028404605	1
0	0.001198977	1
0	0.18291605	1
0	0.037443154	1
0	0.006265908	1
1	0.85373056	1
0	0.3868814	0
0	0.000887831	1
0	0.019352913	0
0	0.2835098	0
1	0.96529436	0
0	0.008598914	1
0	0.004284675	0
1	0.84300977	0
1	0.90152955	1
0	0.008286926	1
1	0.3267534	0
0	0.002248354	0
1	0.937532	1
1	0.90633816	0
0	0.40710846	0
0	0.03762572	1
1	0.7649345	0
0	0.07193122	0
0	0.017231937	0
1	0.90150225	0
0	0.017044455	0
0	0.07150836	0
1	0.9549707	1
1	0.82952565	1
0	0.28800088	1
1	0.5587265	0
1	0.9275384	0
1	0.6762826	1
0	0.009895003	0
0	0.5213805	0
1	0.83789426	0
0	0.090722896	1
0	0.015206112	0
0	0.009447381	1
0	0.006263298	1
0	0.009117772	0
0	0.01974232	1
1	0.945362	1
1	0.83774006	0
1	0.9417815	1
1	0.898353	0
1	0.96337646	1
0	0.010822797	0
0	0.027325615	1
1	0.6337664	0
0	0.4933977	1
1	0.07858468	0
0	0.009265422	1
0	0.001570437	1
1	0.91127795	1
1	0.9507196	1
0	0.24314606	1
1	0.9831035	1
0	0.006878026	0
0	0.8224494	0
0	0.001976563	0
0	0.001671188	1
0	0.035556044	1
0	0.003465205	0
1	0.5819584	0
0	0.071325086	1
1	0.94753414	0
0	0.29033065	1
1	0.9430924	1
0	0.14884709	0
1	0.31591448	1
0	0.033283077	1
1	0.336103	0
0	0.007346557	0
0	0.24968648	1
1	0.9279104	1
0	0.03267266	1
1	0.9630634	0
0	0.6329154	1
1	0.9033048	0
0	0.026096981	1
1	0.6848949	1
1	0.5517084	1
1	0.9973546	0
1	0.53077555	1
0	0.054077923	1
1	0.8198644	1
0	0.004803957	1
1	0.98372525	0
0	0.007551693	1
0	0.015498625	1
0	0.49266276	1
1	0.8638264	1
0	0.000854872	0
1	0.93219787	0
0	0.3535954	0
0	0.06699002	1
0	0.053093083	0
0	0.022117632	1
0	0.15690668	0
0	0.02516297	0
0	0.061959688	1
0	0.22625484	0
0	0.003139481	1
0	0.16492091	0
1	0.8615614	0
1	0.46600282	0
0	0.59978306	1
0	0.47020978	0
0	0.003871364	1
0	0.06370012	0
0	0.013233746	0
1	0.9356703	0
0	0.17549211	0
0	0.043113288	1
1	0.95954883	1
0	0.059902836	1
1	0.88467616	1
1	0.7657801	1
0	0.014139567	1
0	0.13975424	1
1	0.94654846	0
1	0.7610017	1
0	0.32998532	0
0	0.6553709	0
0	0.007136759	1
1	0.89129525	1
1	0.9919666	0
1	0.96375054	1
1	0.87052023	1
0	0.004887961	0
1	0.98387736	0
0	0.037659273	1
0	0.31217682	1
0	0.7208395	0
0	0.007112974	0
0	0.001480663	1
1	0.90406924	1
0	0.00458796	0
1	0.90071553	1
0	0.3319904	0
0	0.01173941	0
0	0.021320922	0
1	0.98357993	0
1	0.997586	1
1	0.7225148	0
0	0.15076806	1
0	0.009285052	0
1	0.9525863	0
0	0.063909285	1
1	0.98153234	0
0	0.002200437	1
0	0.079231	1
0	0.00416956	1
1	0.96609604	1
0	0.20254385	1
0	0.27430764	1
1	0.99845314	0
0	0.18168981	1
0	0.1867991	0
1	0.9945726	1
0	0.085983165	1
0	0.566028	1
1	0.9796515	0
1	0.8870132	1
0	0.25901464	1
1	0.9398413	1
0	0.040256243	1
0	0.013678004	1
1	0.7908637	1
0	0.010697319	0
1	0.9626976	1
0	0.83793896	0
1	0.78684324	1
0	0.002348129	0
1	0.98725265	1
1	0.9952478	0
1	0.9981116	1
1	0.99137163	0
1	0.94237643	0
0	0.085857816	1
0	0.042765796	1
1	0.44575027	1
0	0.029961253	0
0	0.008700862	0
1	0.6671634	0
0	0.027588453	1
1	0.7051204	0
0	0.003821402	1
0	0.022389749	1
1	0.98220587	0
0	0.13490942	0
0	0.009665364	0
0	0.004295279	0
0	0.020010808	0
0	0.004588581	1
0	0.066247955	1
1	0.9709989	1
1	0.9482564	0
1	0.93494886	0
0	0.21906827	0
1	0.9224516	0
1	0.22592938	0
0	0.00680748	1
1	0.53399575	1
1	0.6178783	1
1	0.9977689	0
0	0.00046413	0
0	0.05488881	1
1	0.9100042	0
0	0.8109466	0
1	0.9944224	1
0	0.01858528	1
1	0.74594194	1
0	0.008560937	0
1	0.8624369	0
0	0.023384364	1
1	0.9962993	0
1	0.50960904	1
0	0.014548754	1
0	0.004833328	1
0	0.08777284	0
0	0.03083896	1
0	0.052597433	0
0	0.037934702	1
0	0.005535605	0
0	0.4578077	1
0	0.7105055	0
1	0.712141	1
0	0.021923244	1
0	0.13891014	0
0	0.010578286	0
0	0.025386527	0
0	0.09472243	0
1	0.80775416	0
0	0.048773546	0
0	0.019578608	0
0	0.020185323	1
1	0.9808384	1
0	0.11450116	0
0	0.013658338	1
1	0.60214746	1
1	0.92328936	0
0	0.009876106	0
1	0.9313355	1
0	0.44337344	0
0	0.9352258	0
1	0.9082959	1
1	0.5577586	1
0	0.01354579	1
0	0.6782631	0
0	0.064126484	1
0	0.55874383	0
0	0.002518419	1
0	0.014192734	1
0	0.027305577	1
0	0.020929828	1
0	0.21516225	1
1	0.98100364	0
0	0.015733195	1
0	0.15772589	0
1	0.5670438	0
1	0.8757704	1
0	0.057387047	1
0	0.606734	1
1	0.99522793	1
1	0.99785954	0
0	0.56516427	1
0	0.26561594	1
0	0.4798213	1
1	0.95415574	0
1	0.6392649	0
1	0.955517	0
1	0.68409467	1
0	0.20069247	0
0	0.003994233	1
0	0.29418314	1
1	0.9304887	1
0	0.007176607	0
0	0.10988852	1
1	0.31446838	0
0	0.04308048	1
1	0.07494571	1
0	0.00692975	0
1	0.98593706	1
0	0.006447965	1
0	0.2785475	1
0	0.05070711	0
0	0.010965605	0
1	0.9562469	1
0	0.123039834	1
1	0.98833346	0
0	0.004798875	1
1	0.95356786	0
0	0.032614507	1
1	0.8866843	1
0	0.019102246	0
0	0.6302451	0
0	0.002180419	1
1	0.90794396	1
1	0.9922193	0
0	0.007847676	0
0	0.05263121	0
0	0.27360958	0
1	0.9521003	0
0	0.000273203	1
0	0.0373963	0
1	0.83727807	0
0	0.07099269	1
0	0.019831095	1
1	0.7365035	1
0	0.18307452	1
1	0.9585573	1
1	0.82514465	0
1	0.6342008	1
0	0.30858544	1
0	0.034728248	1
1	0.89366966	0
0	0.25320357	0
0	0.5733752	0
0	0.004323249	1
0	0.050661635	1
1	0.80985665	0
0	0.18948711	1
0	0.4168602	0
0	0.2071749	0
1	0.9427594	0
0	0.002894088	0
0	0.06580607	0
0	0.16410786	1
0	0.05847612	1
1	0.8309508	1
0	0.013304331	1
0	0.78735054	0
1	0.9097792	0
0	0.25104016	1
0	0.001653804	0
0	0.76035935	1
1	0.88004434	1
0	0.2534695	0
1	0.80276316	1
1	0.8481012	1
0	0.029456683	0
0	0.003610106	1
0	0.39052403	0
1	0.71616495	0
0	0.034165587	1
0	0.061306067	0
1	0.23440744	1
0	0.56166047	0
1	0.9916276	1
1	0.32944116	0
0	0.033530265	0
1	0.8411737	0
0	0.4415038	1
0	0.017373385	1
1	0.65184987	0
0	0.006403181	0
1	0.90632766	0
0	0.000900706	0
1	0.8808135	0
0	0.3581324	1
0	0.8995196	0
1	0.82963294	1
1	0.8290397	1
0	0.39599696	1
0	0.6564902	0
0	0.021954687	1
1	0.9784413	1
0	0.03789806	1
0	0.23003185	0
1	0.89758897	1
1	0.99722713	0
0	0.012925589	0
1	0.99467385	0
0	0.003218127	0
0	0.011226757	1
0	0.48316944	1
0	0.009431539	1
1	0.8691532	1
1	0.8657945	0
0	0.3452419	0
0	0.120990746	1
1	0.930232	0
0	0.002641861	1
0	0.037123624	0
0	0.5928726	0
0	0.4286852	1
1	0.9861146	1
1	0.923628	0
0	0.004897421	1
0	0.000926777	0
0	0.004052097	0
0	0.63980854	1
1	0.6730564	1
1	0.7423998	0
0	0.044210818	0
0	0.002661718	0
0	0.014588864	0
0	0.00396966	1
1	0.8934608	1
1	0.54663867	0
1	0.8843642	0
1	0.98740524	1
0	0.08621316	1
0	0.092226095	0
0	0.08801034	1
1	0.95699906	1
0	0.028066678	0
1	0.87736595	0
1	0.9668031	1
0	0.010151414	0
0	0.13539067	0
0	0.08326704	0
1	0.8768629	0
0	0.073387794	0
1	0.19282188	0
1	0.47269735	0
0	0.02804746	0
0	0.003711144	1
1	0.64433086	1
0	0.002796868	1
1	0.7303886	1
0	0.51341647	1
1	0.7095498	0
0	0.012067154	0
0	0.014559287	0
1	0.7843433	1
1	0.99919957	1
0	0.008590385	0
1	0.9638801	1
1	0.9664863	0
1	0.6561681	0
0	0.15455353	1
0	0.022458494	0
1	0.23817664	0
0	0.28865024	1
1	0.4528151	1
0	0.007766039	1
0	0.15601057	1
0	0.020911139	0
1	0.30392295	1
0	0.0694469	1
1	0.92151386	0
0	0.002240337	0
1	0.98225224	0
1	0.68984437	1
1	0.9184114	1
1	0.98089874	1
0	0.55612034	1
1	0.85614306	1
1	0.9972197	0
0	0.70351475	0
1	0.8793255	1
0	0.004709966	1
0	0.1917773	0
0	0.002513029	0
0	0.017025083	1
0	0.22027163	1
1	0.93330866	1
0	0.043936443	0
0	0.30494127	0
1	0.8078125	0
0	0.016136082	1
1	0.87679994	0
1	0.96352714	1
0	0.3477247	0
0	0.000857785	1
1	0.9819949	0
0	0.40585807	0
0	0.7444737	0
0	0.001977176	0
0	0.061437085	0
0	0.003143326	1
1	0.9885162	0
0	0.737292	1
0	0.010221513	1
0	0.018355688	0
1	0.876169	1
0	0.001098324	0
0	0.010487735	1
1	0.49089718	1
1	0.94995284	0
1	0.9990601	0
0	0.002128676	0
0	0.0027184	1
0	0.010426915	1
0	0.016998388	1
1	0.88785297	0
0	0.018932413	1
0	0.016716566	1
1	0.95769656	1
1	0.90477943	1
1	0.8617843	0
1	0.80659384	1
0	0.7419775	0
1	0.9436818	0
0	0.7683948	0
1	0.8815409	0
0	0.1277139	1
0	0.8280362	1
0	0.015175974	0
0	0.2307648	0
0	0.006350065	1
0	0.025323754	1
0	0.35434243	1
0	0.010481087	1
0	0.002248664	0
0	0.29070786	0
0	0.002431719	0
0	0.035401262	0
0	0.22795503	1
1	0.9695542	1
1	0.7058424	1
0	0.003684837	1
1	0.480202	0
0	0.07062099	1
0	0.1815775	0
1	0.8492795	0
1	0.97303164	1
1	0.95212007	0
0	0.03195601	1
0	0.013802282	0
1	0.6473925	0
1	0.99416417	1
0	0.047059044	1
0	0.015481937	0
1	0.94549465	0
1	0.3649237	0
0	0.3730145	1
0	0.7472683	1
0	0.014578379	0
0	0.03894962	1
1	0.940927	0
1	0.42338997	1
0	0.003403539	1
0	0.028467515	0
1	0.98856926	1
1	0.59286845	0
1	0.8783726	0
0	0.007174562	0
1	0.49312568	0
1	0.8202578	0
0	0.0544773	0
1	0.8669767	1
1	0.47031474	0
0	0.044048008	1
1	0.1691931	0
1	0.9037061	1
1	0.9656034	1
0	0.002750123	0
1	0.83951586	1
1	0.62872994	1
1	0.8039045	1
1	0.71533054	1
0	0.001291419	1
1	0.7839346	1
0	0.014535402	1
0	0.010819417	0
0	0.37196633	1
1	0.9636378	0
0	0.035151113	1
0	0.00291432	1
0	0.04564165	0
1	0.865082	0
0	0.38342538	0
0	0.0635016	1
1	0.9747672	1
1	0.34303987	0
0	0.022577712	0
0	0.003468533	1
0	0.4527571	1
0	0.02830907	0
1	0.9888736	0
0	0.004373304	1
1	0.33627513	1
0	0.007870404	0
1	0.97938067	0
0	0.004420709	1
0	0.007516189	0
0	0.22503306	1
1	0.5677012	0
0	0.5714625	0
1	0.8824795	1
1	0.9006317	1
1	0.96180916	1
0	0.27430454	1
1	0.9819764	1
0	0.005632252	1
0	0.03430205	1
1	0.98420113	0
1	0.86588854	1
0	0.007681296	0
1	0.99195063	0
1	0.7146398	1
0	0.05075496	1
0	0.00218672	0
0	0.024118433	1
1	0.9124475	1
0	0.15145527	0
1	0.91335475	1
1	0.9006653	0
0	0.001734941	1
0	0.003183513	1
0	0.04244284	1
0	0.001769423	1
0	0.01249167	0
0	0.003227104	1
1	0.88196665	0
0	0.033447184	0
0	0.06790623	0
0	0.001058979	0
1	0.9354927	0
1	0.83242273	1
0	0.24649669	0
0	0.46252048	0
0	0.005671185	0
1	0.990931	0
1	0.77147895	0
1	0.9622435	1
0	0.19981082	0
0	0.04049872	0
0	0.08528414	0
0	0.027981699	1
1	0.646314	0
0	0.009130999	1
1	0.99704534	0
1	0.9957624	0
1	0.21349609	0
0	0.22402938	1
0	0.034691077	1
1	0.74193305	0
1	0.57915235	0
0	0.08695137	1
0	0.000968651	0
0	0.30667505	1
0	0.01336872	0
0	0.007436759	1
1	0.87583745	0
0	0.005330489	1
1	0.48027006	0
0	0.06035017	0
0	0.14288256	0
1	0.98561734	0
0	0.37592888	0
0	0.5064487	1
0	0.006752552	0
0	0.65174395	0
1	0.39141127	1
0	0.51059026	1
0	0.13998154	0
0	0.006053071	0
0	0.058678053	0
0	0.014363591	0
0	0.014246821	1
1	0.11304424	0
0	0.006433163	1
0	0.006010632	0
1	0.62760615	1
1	0.696381	1
0	0.055482972	0
0	0.007282538	1
0	0.054403696	0
1	0.7863867	0
0	0.0057812	0
0	0.18897945	1
0	0.28602314	0
1	0.9510629	0
1	0.7303023	0
0	0.8782666	0
1	0.9079965	1
1	0.8680845	1
1	0.8515088	1
1	0.67257065	1
0	0.028329473	1
1	0.9028027	1
1	0.83003235	1
0	0.001449499	0
1	0.8801051	0
0	0.029746989	1
1	0.9696511	0
0	0.001860203	1
0	0.108895645	0
0	0.06405973	1
0	0.002810582	0
0	0.101250246	0
0	0.27573466	0
1	0.30475768	0
1	0.9806985	1
0	0.027437141	0
0	0.001477773	1
1	0.61106765	1
0	0.00103459	1
1	0.96471125	1
0	0.022260023	1
0	0.4128203	1
1	0.98239064	0
1	0.38761052	1
0	0.13733372	0
0	0.006884094	1
0	0.010348101	1
1	0.99175197	0
0	0.58225644	1
0	0.01112888	0
0	0.4138645	1
1	0.7106819	1
0	0.006794467	1
1	0.9201407	0
1	0.20328832	1
0	0.002544719	0
1	0.95908123	1
1	0.70343375	0
0	0.015193549	1
0	0.015531584	1
0	0.14135115	0
0	0.66884714	0
1	0.49462333	0
1	0.98799276	0
1	0.9739456	1
0	0.007483095	1
1	0.85964215	0
0	0.3495307	1
0	0.002803328	1
1	0.9776169	0
1	0.4255092	0
0	0.098848894	1
0	0.032082483	0
0	0.008938428	1
0	0.00584736	1
0	0.011495626	1
0	0.011187675	0
0	0.009105825	1
0	0.162427	0
0	0.2691665	0
0	0.57635003	1
0	0.022689931	1
0	0.015715905	0
1	0.9693815	0
0	0.01826956	1
1	0.93363786	0
0	0.008052037	1
1	0.68086874	0
1	0.978014	0
0	0.32090232	1
1	0.62304145	1
0	0.009952822	1
0	0.07575732	1
0	0.011912535	1
1	0.9176888	1
0	0.014101271	1
0	0.023410883	1
1	0.96492344	0
0	0.002428939	1
0	0.005730961	0
1	0.2885801	1
0	0.00852841	0
0	0.008686134	0
1	0.9423271	1
1	0.7369274	1
0	0.6634389	1
1	0.9817462	0
0	0.006190191	0
1	0.10089021	1
0	0.072381385	1
0	0.007039929	1
1	0.97739875	1
1	0.3478289	0
0	0.034206238	0
0	0.018291248	1
0	0.276733	1
1	0.94797117	0
0	0.14188929	1
0	0.35249794	0
0	0.52171254	1
1	0.85865843	0
1	0.97807866	1
0	0.019005457	1
0	0.101337284	0
1	0.9708991	0
0	0.07154898	0
0	0.17801134	0
0	0.031069718	0
0	0.047225088	1
0	0.06567518	1
1	0.73386514	1
0	0.46513575	1
1	0.9969007	1
0	0.7252159	0
1	0.70505697	1
0	0.005711125	1
1	0.5658437	1
0	0.18785083	0
1	0.96816885	1
0	0.36544338	0
0	0.021100437	0
1	0.43498093	1
0	0.004898793	1
0	0.001846493	1
1	0.82001626	1
0	0.60681623	0
0	0.03199835	1
0	0.046087373	0
0	0.005572152	1
0	0.003932351	0
1	0.8105599	1
0	0.006996947	1
0	0.006538453	0
0	0.010515627	0
0	0.012755333	0
1	0.68543345	0
0	0.28010342	1
0	0.021674722	0
0	0.033852395	0
0	0.017351639	1
0	0.08378125	1
1	0.829932	0
0	0.001339243	0
1	0.9566937	1
0	0.016718926	0
1	0.9991641	0
1	0.19707848	0
0	0.006566212	0
0	0.22055346	1
0	0.038254883	1
1	0.93743783	1
1	0.37137845	1
1	0.9243389	0
1	0.91057616	1
1	0.99291396	1
1	0.92334867	1
1	0.9908502	0
0	0.001682103	0
1	0.4283046	0
0	0.009921086	0
0	0.033420496	0
0	0.000858846	1
0	0.028730443	0
1	0.7914034	1
0	0.39238936	0
1	0.37285382	1
1	0.6337231	0
0	0.000754211	0
0	0.002512239	1
1	0.9671691	0
1	0.8229223	0
0	0.01013705	1
0	0.013784606	0
0	0.15517966	1
1	0.44196662	1
0	0.10755722	0
0	0.15984385	1
0	0.18254732	0
1	0.79649174	0
1	0.9488394	1
1	0.9727729	0
0	0.05646259	0
0	0.013657516	0
1	0.9403771	1
1	0.8467505	1
0	0.1515484	0
1	0.99563485	0
0	0.023946539	1
0	0.5462023	1
0	0.050598193	1
0	0.05558912	1
1	0.96565187	1
1	0.88019824	0
0	0.25767618	0
0	0.00785641	0
0	0.003622668	0
0	0.007248393	0
0	0.015574097	0
0	0.017125932	0
0	0.008653037	0
0	0.000932377	0
0	0.001469819	1
0	0.06850928	0
1	0.7930341	0
0	0.004364205	1
0	0.09186441	1
0	0.3500131	0
0	0.8839394	1
0	0.23593669	1
0	0.1697821	1
1	0.7540525	1
0	0.05463916	1
0	0.012497347	1
1	0.5722656	0
0	0.022179792	0
0	0.19874924	1
0	0.72857577	1
1	0.9796377	0
0	0.01327337	0
0	0.041617572	0
1	0.9855149	1
1	0.838841	1
1	0.9310418	0
0	0.008072042	1
1	0.95127624	0
0	0.00286687	0
0	0.0318937	1
0	0.004566005	0
0	0.12883802	0
0	0.002265368	1
0	0.021571515	0
0	0.82863456	0
0	0.261174	0
1	0.9857466	1
1	0.6418217	1
1	0.9700805	1
1	0.962917	1
0	0.003243643	0
1	0.98411477	1
0	0.72272545	0
0	0.002176104	1
1	0.97745353	1
0	0.032751303	0
0	0.13256128	0
1	0.9680397	1
0	0.002770962	1
0	0.008452626	0
0	0.14656222	0
0	0.03901853	0
0	0.04713378	0
0	0.002238484	1
0	0.20312949	0
0	0.10255795	0
0	0.002708038	0
0	0.003683183	1
0	0.22058283	0
0	0.00852974	1
0	0.021949593	1
1	0.80015206	1
1	0.80969876	1
1	0.98018473	1
0	0.32286856	1
1	0.6565527	1
0	0.41131055	0
1	0.88841885	1
0	0.000842042	1
0	0.07842613	1
1	0.737078	1
1	0.77803063	1
1	0.95058244	0
1	0.9659223	1
0	0.002981092	1
0	0.005081758	0
0	0.55745184	1
0	0.009391579	1
0	0.005510946	0
1	0.95811814	1
0	0.029849863	1
1	0.955328	1
0	0.001951953	1
1	0.97379994	1
1	0.9755967	1
0	0.15440294	1
0	0.51838005	1
1	0.99766433	0
1	0.83391005	1
0	0.17468747	0
0	0.015795076	0
0	0.25285062	0
0	0.001955602	0
0	0.002574714	1
0	0.006705286	0
0	0.003960598	0
0	0.011212056	0
0	0.006886366	0
1	0.66948277	0
0	0.4178113	1
1	0.46057585	0
0	0.000571444	1
0	0.033414997	0
0	0.00034476	0
0	0.036914337	1
0	0.020062262	1
1	0.95229405	0
1	0.309669	0
1	0.99188644	1
0	0.023344263	0
0	0.00234003	0
0	0.046966497	1
1	0.69146144	1
1	0.30372804	1
1	0.97624683	0
1	0.9970516	1
0	0.8672315	0
0	0.011728628	1
1	0.9735667	0
0	0.001215851	1
0	0.27804643	0
1	0.9375973	1
1	0.9664561	0
1	0.42784765	0
0	0.002929373	0
0	0.6645675	1
1	0.55660444	0
0	0.008445048	0
1	0.99671644	0
1	0.41808167	1
1	0.11254265	0
0	0.03413192	1
0	0.008155265	0
0	0.6431289	1
0	0.008311879	1
0	0.001863244	0
1	0.9972277	0
0	0.001125339	1
0	0.02454767	0
0	0.07195219	1
1	0.7349979	0
1	0.99796367	0
0	0.02020964	1
1	0.99478275	1
1	0.95340484	0
1	0.87583303	1
1	0.42283693	0
0	0.002025244	0
1	0.58784044	1
0	0.03578653	1
1	0.98069674	0
0	0.07760219	0
1	0.6742657	1
1	0.9803633	1
0	0.0190347	1
0	0.13237955	1
0	0.010652019	0
0	0.04859	0
0	0.010915673	1
1	0.9517233	1
1	0.22115287	1
1	0.9871563	0
0	0.002262206	0
0	0.010798856	1
1	0.9685422	1
1	0.88913697	1
0	0.32164666	0
1	0.93917704	0
0	0.000898027	0
0	0.9495667	0
0	0.001413115	0
0	0.009904669	0
0	0.66317195	0
1	0.98077214	1
0	0.003447196	1
0	0.00446529	0
1	0.9735975	1
0	0.005663522	0
1	0.9678841	1
0	0.07287488	0
1	0.89936507	0
0	0.1783478	1
1	0.7797232	1
1	0.8131046	0
0	0.5155374	1
1	0.8527439	1
0	0.53935075	0
0	0.38618392	0
0	0.007712608	0
1	0.9990736	1
0	0.003845027	0
1	0.9952023	1
1	0.98068	1
0	0.028603155	0
1	0.43075255	1
0	0.046052836	0
1	0.9764558	1
0	0.08439981	0
1	0.7596835	0
1	0.8164596	1
0	0.78921133	1
0	0.7876306	0
1	0.24156733	0
0	0.000589557	1
1	0.9836548	0
0	0.003263363	0
1	0.99780923	1
0	0.029551664	1
0	0.03677641	1
0	0.004782425	0
1	0.9959194	0
0	0.011861528	1
1	0.53392214	1
0	0.004635239	1
0	0.005217417	0
0	0.00371374	0
1	0.7575541	0
0	0.17261459	0
0	0.02000017	1
1	0.7988203	0
1	0.75282186	0
1	0.96414465	1
1	0.9240559	1
0	0.0717236	0
0	0.28512368	0
1	0.8650354	1
1	0.92608005	0
1	0.6414888	0
1	0.61106026	1
1	0.68611115	0
0	0.055323135	1
0	0.004471832	0
0	0.002503166	0
0	0.12069706	1
0	0.09454569	0
1	0.54656494	1
1	0.99552333	0
1	0.64710164	1
1	0.18125775	1
1	0.09209191	0
1	0.7756668	0
0	0.25642928	0
0	0.46293396	0
1	0.74373573	1
0	0.024404606	1
1	0.88989586	0
1	0.8700523	1
0	0.015795061	1
0	0.15678446	0
1	0.45921856	1
0	0.06521255	0
0	0.000606271	1
0	0.010475322	0
1	0.81956536	1
0	0.37932065	1
1	0.61979896	1
0	0.01936339	0
1	0.9932562	1
0	0.21547417	0
0	0.006256325	1
0	0.08495829	0
0	0.003986446	1
0	0.038186423	0
1	0.95906556	1
0	0.006892069	1
0	0.002117977	1
0	0.07141158	0
1	0.95161134	0
0	0.002778768	1
1	0.937588	0
1	0.93044466	1
1	0.9655358	1
0	0.010172438	1
1	0.8865267	0
0	0.002874847	0
1	0.54727775	0
1	0.8881803	0
0	0.078897305	0
1	0.9306537	1
0	0.012544767	0
1	0.7702936	1
0	0.68201876	0
1	0.81063825	1
0	0.04009743	0
0	0.27560022	0
0	0.004284592	1
1	0.99090683	1
0	0.021858642	0
0	0.002743884	0
1	0.917889	1
0	0.000669219	0
0	0.52201927	0
0	0.40174094	1
0	0.28753775	1
1	0.5072145	1
0	0.001982702	0
0	0.010637019	0
0	0.43799764	1
0	0.003620584	0
0	0.3297556	0
1	0.7590964	1
0	0.23190652	1
0	0.13813859	0
0	0.013270078	1
0	0.039116558	1
0	0.00211338	0
1	0.9578828	1
0	0.000670728	1
0	0.002360067	0
1	0.99562633	0
0	0.005992841	1
1	0.99607676	0
0	0.007273165	0
1	0.48046666	1
1	0.99441224	1
0	0.036442094	1
1	0.96613854	0
0	0.021998389	0
0	0.48698336	1
0	0.009260546	1
0	0.3496036	1
1	0.91473705	0
1	0.982535	0
0	0.050882008	0
0	0.21691127	0
0	0.004580671	0
0	0.049462248	0
1	0.93545276	0
0	0.010869755	1
1	0.9153033	0
0	0.07598759	1
0	0.29502487	0
0	0.11481955	0
0	0.005097477	1
1	0.9268249	0
1	0.99275523	1
0	0.12306358	0
1	0.9191173	0
1	0.90056014	1
0	0.19958313	0
1	0.9157533	0
0	0.1951456	1
1	0.7565355	1
0	0.04264322	1
1	0.9689895	0
1	0.8469724	0
0	0.018391792	1
0	0.31172055	0
0	0.4724523	0
1	0.9204565	0
0	0.040316593	0
1	0.85984635	1
0	0.001240149	0
0	0.011220888	1
0	0.00611959	1
0	0.003420862	0
0	0.020881876	0
1	0.7237978	1
1	0.59283614	0
1	0.9030036	1
1	0.8338868	0
0	0.1828887	1
0	0.020119997	1
1	0.97808427	0
1	0.5739102	1
0	0.0325072	0
1	0.98616624	1
1	0.99827063	0
1	0.992113	1
0	0.000902903	0
1	0.994058	0
1	0.7682916	1
1	0.95725507	1
0	0.004185593	0
1	0.43062314	1
0	0.5361978	0
0	0.012487648	1
0	0.2173875	1
0	0.7959886	1
1	0.6805306	0
1	0.98801804	1
0	0.008135137	1
0	0.008082946	1
1	0.9979121	0
0	0.32948914	1
0	0.00641242	1
1	0.88862646	0
1	0.5260256	1
1	0.981247	0
1	0.9838964	1
0	0.55998725	0
1	0.99804616	1
0	0.19215311	1
1	0.6731173	1
0	0.117673144	1
1	0.97438794	1
1	0.9910981	1
0	0.005974352	0
1	0.9119054	1
0	0.005376065	0
0	0.002300265	0
0	0.88947314	0
1	0.9406895	1
0	0.70974094	0
0	0.003409338	0
0	0.005866909	1
1	0.9532328	1
0	0.39167556	0
0	0.002974788	1
0	0.18480517	1
1	0.9953219	1
1	0.9926001	0
1	0.894862	1
0	0.31124312	1
1	0.9927127	0
0	0.059768587	1
0	0.04321328	0
0	0.15374851	1
0	0.003656901	1
0	0.002120018	1
1	0.63375807	0
0	0.120547816	0
1	0.7534687	1
0	0.008585482	1
1	0.6500488	1
0	0.1299468	0
0	0.014441377	1
1	0.888868	0
1	0.8453051	1
1	0.8136414	1
1	0.73768663	1
0	0.3489164	0
0	0.005010924	0
0	0.019820368	0
1	0.6566114	0
1	0.5284683	1
1	0.67980903	1
1	0.96865875	0
1	0.9763533	0
1	0.3973017	1
0	0.024609763	0
1	0.99524033	1
0	0.004566324	0
0	0.027350536	1
1	0.9989975	1
0	0.022825519	1
0	0.04675249	0
0	0.057839565	1
0	0.060632512	0
0	0.031854276	1
0	0.6479577	1
1	0.60705817	0
0	0.62364745	1
1	0.21046843	0
0	0.021911072	0
0	0.046874348	1
0	0.020833028	0
0	0.35811758	0
0	0.0086268	0
0	0.016902547	1
0	0.005300434	1
0	0.010156471	0
1	0.005797289	0
0	0.0506811	1
0	0.003460423	0
1	0.993608	1
1	0.7400345	1
1	0.76900667	0
0	0.010558686	1
0	0.4646712	1
0	0.011024276	1
1	0.9081302	0
1	0.6672625	1
1	0.8252882	1
0	0.004555179	0
1	0.9545267	0
0	0.06604166	0
0	0.026589638	1
0	0.002689283	1
1	0.9416252	0
0	0.02262201	0
0	0.002778485	1
1	0.9795568	1
0	0.004785142	1
0	0.27334496	0
1	0.8626998	0
0	0.049001656	0
0	0.01161271	0
0	0.022087377	1
0	0.003334421	0
1	0.9162538	1
1	0.71934235	0
0	0.02561119	0
1	0.9405568	0
0	0.043665905	1
0	0.002128211	1
0	0.002275189	0
0	0.52165776	0
1	0.7455195	1
0	0.40941763	0
1	0.3195547	1
1	0.90676254	0
0	0.008877113	1
0	0.2236547	0
1	0.94259274	1
1	0.72480106	1
0	0.09196775	0
0	0.006581539	1
1	0.91227144	0
0	0.24292786	1
0	0.001833814	0
1	0.6868938	1
1	0.8084219	1
1	0.90011925	1
0	0.8541737	0
1	0.84472626	1
0	0.052735	0
0	0.04698712	0
0	0.052428477	1
1	0.7332806	0
0	0.04224156	0
1	0.14550935	0
1	0.7593799	0
1	0.28852925	1
1	0.6169898	0
1	0.73249966	1
1	0.75080895	0
1	0.95413965	1
1	0.31510606	0
1	0.99034727	0
1	0.893412	0
0	0.3155807	1
0	0.002107894	1
1	0.972369	1
0	0.06824318	0
0	0.001288731	1
0	0.41041008	0
0	0.1310638	1
1	0.80085593	0
1	0.97634447	1
1	0.6591237	0
1	0.38840115	0
0	0.003686425	0
0	0.023737416	1
1	0.6353052	0
0	0.25535142	1
0	0.84615207	1
1	0.95015395	0
0	0.003721288	1
0	0.9183096	0
0	0.60386854	0
1	0.8363785	1
1	0.8109969	0
0	0.008483474	0
0	0.06358388	0
0	0.06458731	1
1	0.72356564	0
0	0.91321474	0
0	0.001566896	1
0	0.006207846	1
1	0.7739575	1
0	0.004606399	0
0	0.09690309	0
0	0.009440414	0
0	0.013524704	1
0	0.022815203	0
1	0.93245465	1
1	0.81718886	0
1	0.99636626	0
1	0.8015108	1
0	0.349831	0
0	0.001151835	0
0	0.40510485	0
1	0.96976185	1
0	0.009435149	0
1	0.68975586	1
0	0.003082121	0
1	0.9366554	1
1	0.80876404	1
1	0.8771753	1
0	0.004725455	1
1	0.9439446	0
0	0.4090202	1
1	0.9795156	0
0	0.01008423	0
0	0.019752832	1
0	0.518086	0
0	0.054032624	0
0	0.009684534	1
1	0.9965576	1
1	0.54382175	1
0	0.007221354	0
0	0.003108899	0
0	0.58436644	1
0	0.015272183	1
0	0.1249292	0
1	0.8495119	1
0	0.025717154	0
0	0.012531738	0
0	0.13366544	1
0	0.033745214	0
1	0.41686377	1
1	0.8163341	1
0	0.7160406	0
0	0.24617569	1
0	0.004209851	0
1	0.98071665	0
0	0.02622235	0
0	0.43312728	1
1	0.7063684	1
1	0.9016395	1
1	0.970637	1
0	0.006560957	1
1	0.960411	0
0	0.001380461	0
1	0.84027785	1
0	0.51980066	1
1	0.9940329	0
0	0.45468956	0
1	0.18179218	0
1	0.89423335	0
0	0.000998394	1
0	0.7602186	0
0	0.001120724	0
1	0.7061971	0
1	0.9633156	1
0	0.15811147	1
0	0.024743346	0
0	0.45427236	1
1	0.7733984	1
0	0.7825723	0
0	0.6670997	1
0	0.1687711	1
0	0.001706752	1
0	0.003540049	0
0	0.009211485	1
1	0.7827034	1
0	0.9356742	0
0	0.6142647	0
0	0.001965784	0
1	0.98585224	0
0	0.009378204	0
0	0.020033048	1
1	0.9949846	1
1	0.45707038	0
0	0.004658744	0
0	0.29196763	0
1	0.9880953	0
0	0.027197951	0
0	0.009944734	0
0	0.002839611	1
0	0.01662716	0
0	0.00066359	1
0	0.7396197	0
1	0.47095475	1
1	0.8045365	1
1	0.9766759	1
1	0.9492502	1
1	0.94867337	1
1	0.9671234	1
0	0.001133188	1
1	0.62653023	1
1	0.9858456	1
0	0.3687284	1
0	0.52587783	0
1	0.81306934	1
0	0.008761727	0
0	0.03507364	1
1	0.34952217	0
0	0.029485488	0
0	0.03621377	0
0	0.03931848	1
0	0.01594773	1
0	0.110546105	0
0	0.009209514	1
1	0.99387395	0
0	0.54926485	0
1	0.7011637	1
1	0.8322139	0
1	0.8814871	0
0	0.28415188	0
0	0.03963274	1
1	0.8721372	1
0	0.19049142	0
0	0.003621988	1
0	0.048305612	1
1	0.84391797	0
0	0.116586775	1
0	0.84001094	0
0	0.010813827	1
1	0.9708546	1
1	0.510655	0
0	0.06851944	0
0	0.1522476	0
1	0.7303247	0
0	0.13284118	0
0	0.4994677	0
0	0.043025713	1
0	0.015531183	0
1	0.76770115	1
0	0.011993052	1
1	0.09034048	0
0	0.001935804	1
0	0.3292247	0
0	0.007621521	1
0	0.2731506	0
0	0.010148157	0
1	0.9236211	1
1	0.98688006	1
0	0.051489856	0
0	0.6526052	0
1	0.9959027	0
0	0.05023224	0
0	0.001936866	0
0	0.449882	1
0	0.019812746	1
0	0.14355934	1
1	0.9565747	1
0	0.034366183	1
1	0.933506	0
0	0.1619078	0
0	0.24093464	0
0	0.9682065	0
1	0.002526731	0
1	0.8810086	0
0	0.121698335	0
0	0.004012507	0
0	0.2990034	1
0	0.7787997	1
1	0.9327532	1
0	0.004605649	0
1	0.9183739	0
0	0.067947455	0
0	0.007177633	0
0	0.007792351	1
0	0.008608997	1
1	0.903197	0
0	0.09167345	1
1	0.8385506	0
1	0.6637537	1
0	0.008423868	1
0	0.69433314	1
0	0.037869617	0
0	0.010707559	0
0	0.02470179	0
1	0.99627364	1
0	0.50682914	0
0	0.04830754	1
0	0.003289017	1
0	0.028661968	1
0	0.09803715	1
0	0.057800107	1
0	0.012232654	1
1	0.48388818	0
0	0.006025238	0
1	0.8422734	1
0	0.001587	0
0	0.3315743	0
1	0.91530776	0
1	0.9983694	1
1	0.9964408	0
0	0.091422044	1
1	0.93422174	0
1	0.9784217	1
1	0.981061	1
0	0.44773197	0
0	0.4145216	0
1	0.9846355	1
0	0.006600328	0
1	0.5967802	0
0	0.004550266	1
0	0.04383942	0
1	0.8918653	1
0	0.177359	0
0	0.5986358	0
1	0.60811895	0
0	0.59361875	1
0	0.007906259	1
1	0.99349713	0
0	0.00339735	0
0	0.10407879	0
0	0.017399387	0
1	0.96499103	0
1	0.7121205	1
0	0.004346045	1
1	0.94886315	1
0	0.002807526	0
1	0.9428515	0
0	0.015477133	1
0	0.024949776	0
1	0.6068989	1
1	0.98138577	0
0	0.3276326	0
1	0.9046868	1
1	0.22535492	0
1	0.9149236	1
0	0.19526722	1
0	0.48106477	1
0	0.001067701	0
0	0.41923594	1
0	0.022187265	1
0	0.005449797	0
1	0.8127177	1
0	0.6476354	0
1	0.9074806	1
1	0.9539131	1
0	0.22598855	1
1	0.99658465	0
0	0.54428333	1
0	0.4914224	1
0	0.011648003	0
1	0.8633555	1
0	0.021954374	1
1	0.80501485	1
0	0.008883241	1
0	0.07134298	0
0	0.16863547	1
0	0.023357946	1
0	0.034404557	0
0	0.38566867	1
1	0.2848181	1
1	0.6817239	0
0	0.7112863	1
0	0.30590445	0
1	0.95897937	1
0	0.010930722	1
0	0.016907716	1
1	0.7775295	0
0	0.0636699	0
1	0.9955504	0
0	0.002517797	0
0	0.0647099	0
0	0.006291291	0
1	0.9973537	1
1	0.9404943	1
1	0.92873144	0
1	0.9199418	0
1	0.90014726	0
1	0.81984305	1
0	0.01796637	1
0	0.001225165	1
0	0.9041845	0
1	0.6549903	0
0	0.006315451	1
0	0.78549385	0
0	0.008369607	0
0	0.14047568	1
1	0.85598296	0
0	0.3539627	0
0	0.004747533	1
0	0.16428094	1
1	0.9949758	0
1	0.847092	0
0	0.010400018	1
1	0.9924901	0
1	0.6714999	0
1	0.8112273	0
0	0.019135788	1
1	0.4784384	1
0	0.1264454	1
1	0.81590533	0
0	0.06371005	0
1	0.58579403	1
1	0.9063365	0
1	0.7695301	1
0	0.1508875	0
0	0.023073282	1
1	0.9962017	0
1	0.48937306	0
0	0.97110736	1
1	0.98036593	1
0	0.016301064	0
0	0.09362031	0
1	0.8887186	0
0	0.00638407	1
0	0.006874014	0
0	0.010517706	0
1	0.9970595	0
1	0.64810264	1
0	0.009018984	0
0	0.003751648	0
0	0.028274214	1
1	0.9967026	0
1	0.98684	1
0	0.13587762	1
1	0.92316985	0
0	0.001814757	1
1	0.3446533	0
1	0.99856985	0
1	0.7091894	0
0	0.09354153	1
0	0.59936625	0
0	0.04038141	1
0	0.2012235	1
0	0.031707805	1
0	0.57476026	0
0	0.014868306	1
0	0.001638693	1
0	0.000975107	1
0	0.013823841	0
0	0.04044516	1
0	0.7567828	1
0	0.022976449	0
1	0.5987243	0
1	0.14713643	1
0	0.14073552	1
0	0.003920499	0
1	0.95215905	1
0	0.004289642	0
0	0.6169615	0
1	0.995398	0
0	0.003120048	1
0	0.21667992	1
0	0.06115906	0
0	0.15356211	0
0	0.025181176	1
1	0.98859274	0
1	0.6987492	0
1	0.96988904	1
0	0.019002058	0
0	0.9088958	0
1	0.9933664	1
1	0.9670844	0
1	0.8509321	1
1	0.7758996	0
0	0.004317104	1
1	0.13742974	1
1	0.34840012	0
0	0.000818777	1
0	0.02269999	1
1	0.95856684	1
0	0.20575072	1
0	0.015639156	0
0	0.006372205	0
0	0.001056598	1
0	0.15955989	0
1	0.98168737	1
0	0.7767481	1
0	0.009787465	1
0	0.002267163	1
1	0.4751905	0
1	0.9966162	1
1	0.88476574	0
1	0.9428662	0
0	0.4860271	0
1	0.8400646	1
1	0.96893644	1
1	0.9990509	1
1	0.78999144	0
1	0.92097837	1
0	0.005834568	1
0	0.000940943	1
0	0.010980919	0
0	0.003507888	1
0	0.007402794	1
0	0.6726079	1
1	0.8596759	0
1	0.8323229	1
0	0.49801037	1
0	0.005097661	0
0	0.004287565	0
0	0.52187395	0
0	0.002111665	0
0	0.20467721	0
0	0.015829584	0
0	0.001493143	1
1	0.83111894	0
0	0.020887878	1
1	0.4337809	0
0	0.01773924	1
0	0.32560346	1
0	0.02007654	1
0	0.00362562	0
0	0.025657639	0
0	0.002866803	1
0	0.003877542	1
0	0.004798354	0
0	0.021001413	1
1	0.8457676	0
1	0.9728157	0
0	0.020502185	0
0	0.002728242	0
0	0.1522396	0
0	0.005656788	1
0	0.21925278	0
0	0.40054387	1
1	0.19707617	0
0	0.57514244	0
0	0.023143109	0
0	0.20285952	1
1	0.5474076	0
1	0.9190581	1
0	0.31864488	0
0	0.008498761	0
0	0.003242175	0
0	0.005311127	1
0	0.75342345	0
0	0.058404263	0
0	0.010617275	0
1	0.80297035	0
0	0.19822295	1
1	0.99525553	1
1	0.44252923	1
1	0.9919636	0
0	0.62145287	0
1	0.9642708	1
1	0.94285846	0
1	0.915774	1
1	0.1174537	0
0	0.015401078	1
0	0.04215876	1
0	0.5197697	1
1	0.9227148	0
0	0.00171247	0
0	0.001546959	0
0	0.001713563	0
0	0.00198535	0
0	0.3986061	1
0	0.7902312	0
0	0.31588522	0
1	0.39922094	1
0	0.006214604	1
0	0.002216876	1
0	0.002269893	1
1	0.92102486	1
0	0.30590022	1
1	0.5866882	1
1	0.5888311	1
1	0.504121	1
0	0.00860752	1
0	0.003494979	1
1	0.91214836	0
0	0.031186238	0
1	0.64285684	1
0	0.054903876	1
1	0.9907498	1
0	0.023882605	1
0	0.1748013	1
0	0.18508703	0
0	0.028623527	1
0	0.77966577	0
0	0.49813184	1
0	0.055845995	1
1	0.8325264	0
1	0.85866797	1
0	0.048584543	1
0	0.007424303	1
1	0.9181029	0
1	0.9752881	1
1	0.98639464	0
0	0.6141648	1
0	0.004418431	0
1	0.66569936	0
0	0.45526874	1
1	0.5591575	1
1	0.5943946	0
1	0.91749686	1
1	0.7360192	1
0	0.57581335	0
0	0.6373938	1
0	0.053097844	1
0	0.016956203	0
0	0.104673184	1
0	0.003786236	0
0	0.008054963	0
0	0.005699467	1
0	0.00068762	1
1	0.99126375	0
1	0.41604453	0
1	0.8777179	0
0	0.10893266	0
0	0.003586536	0
0	0.019346077	1
0	0.004354575	1
1	0.39155194	0
0	0.09752409	0
0	0.12792128	1
0	0.005056286	0
0	0.50436074	1
0	0.002665683	1
1	0.69221616	0
0	0.28605086	1
0	0.002572922	1
1	0.99206924	1
1	0.85739905	0
1	0.9936993	1
1	0.7640093	0
1	0.7527515	0
0	0.46802184	0
1	0.8185692	1
1	0.9118719	1
1	0.92195463	1
0	0.010379798	1
0	0.029348444	1
1	0.94308597	1
1	0.9731189	1
1	0.6778789	0
0	0.001438526	0
1	0.97462183	0
1	0.966501	1
1	0.985927	1
1	0.99762493	0
1	0.95097095	0
1	0.9962243	1
1	0.9070306	1
0	0.8753018	0
0	0.08845167	0
0	0.7730712	0
1	0.86993986	0
1	0.8372774	0
0	0.052242093	0
0	0.0433794	1
0	0.037095398	1
1	0.9972404	0
1	0.71577466	1
1	0.9959072	0
0	0.09928092	1
0	0.52303964	1
0	0.55909365	0
0	0.5678459	1
0	0.011751748	0
1	0.9705538	0
1	0.8638885	0
1	0.82128173	1
0	0.15311848	1
0	0.005128218	1
0	0.36622304	1
0	0.004528454	1
1	0.84454155	0
1	0.9592568	1
1	0.732	0
1	0.980358	0
1	0.9765604	1
0	0.00885319	1
0	0.16531259	1
0	0.1489527	0
0	0.04245338	1
0	0.001862325	1
1	0.6727175	0
1	0.8133049	0
0	0.027568672	0
0	0.004437941	0
0	0.637477	1
1	0.99268156	0
0	0.002705904	0
1	0.92481333	0
0	0.007494614	0
0	0.001556178	1
0	0.56084776	1
0	0.001780363	0
0	0.001998139	1
1	0.3465116	1
0	0.02832925	0
0	0.000394197	1
0	0.013800737	1
1	0.8503125	1
1	0.8626283	1
1	0.9867574	0
0	0.00603549	0
1	0.9984138	1
1	0.6174239	0
0	0.03596127	1
1	0.32285377	0
1	0.84410673	1
0	0.029105818	0
1	0.99246675	0
0	0.002760351	1
0	0.012045691	1
0	0.014486108	0
1	0.9123289	0
0	0.22631139	1
1	0.32776925	0
1	0.99148625	1
1	0.89873314	1
1	0.99668723	1
0	0.83137214	0
1	0.98234266	1
1	0.91124946	0
0	0.009738643	1
1	0.9345158	1
0	0.003428529	1
1	0.67474747	0
1	0.98916817	1
1	0.6390676	1
1	0.5774936	0
1	0.6760126	1
0	0.22727823	1
1	0.9067037	0
1	0.8913398	1
1	0.3398549	1
0	0.00158498	1
1	0.906909	0
0	0.17647415	1
0	0.049850807	1
0	0.62760115	0
1	0.15685536	0
1	0.86994255	1
1	0.4778764	1
1	0.99737775	1
0	0.002289855	1
1	0.97486985	1
1	0.9854344	1
0	0.24293636	0
0	0.315197	1
0	0.018664623	0
0	0.006606737	1
0	0.020851353	1
0	0.84841555	0
0	0.5835382	0
1	0.995321	0
1	0.7365085	0
0	0.011956506	0
0	0.047245026	0
0	0.111728705	0
0	0.004811912	0
1	0.7135175	1
0	0.76976293	1
0	0.8512073	1
1	0.21819268	1
0	0.000656849	1
1	0.89888036	0
1	0.94214135	1
0	0.020423664	1
0	0.8560001	0
0	0.22399008	0
1	0.7180969	1
0	0.004227318	0
1	0.9927731	0
0	0.062198345	1
1	0.25677237	1
1	0.9356321	0
0	0.007092576	1
0	0.027599594	0
0	0.015886713	0
0	0.0888493	0
0	0.00294399	1
1	0.8393429	1
0	0.8194242	1
1	0.99684924	1
0	0.036840554	1
1	0.81595325	1
0	0.58276737	1
0	0.61955416	0
0	0.092005454	1
0	0.011947103	1
0	0.017899264	1
1	0.9509415	0
0	0.005173323	0
0	0.78479284	0
0	0.065055884	1
0	0.002680951	0
0	0.004715972	0
0	0.061080463	1
1	0.46118164	1
1	0.9966023	1
1	0.85057425	0
1	0.995869	0
1	0.9797325	1
1	0.26158002	1
1	0.99515283	1
0	0.67604923	0
1	0.96565473	0
0	0.17440395	1
1	0.96484405	0
0	0.01912026	1
1	0.994611	1
0	0.7749101	0
0	0.7978839	0
0	0.008616338	1
0	0.18324506	0
0	0.001181833	1
1	0.99624604	1
0	0.015901892	1
1	0.97345996	1
0	0.001321994	1
1	0.7776357	0
1	0.98759496	0
1	0.7279324	0
0	0.004061923	0
1	0.8956724	0
0	0.91182417	0
0	0.11161889	1
0	0.014793091	1
1	0.7224542	1
0	0.012447532	1
1	0.9643801	1
1	0.29054844	1
0	0.23424561	1
0	0.10277098	0
0	0.011355974	0
0	0.011109549	1
1	0.92018884	1
0	0.05638711	0
1	0.82436603	0
1	0.91255254	1
1	0.84708697	0
1	0.94860107	0
0	0.010545011	1
0	0.005316904	1
0	0.13444252	0
1	0.88825226	0
0	0.045705475	1
1	0.95848477	1
0	0.25721595	1
1	0.8776592	0
0	0.60179627	0
1	0.67754805	1
0	0.013813321	0
1	0.95832723	1
0	0.0004385	1
1	0.85148466	0
0	0.024300076	0
1	0.90896124	1
0	0.004155202	1
0	0.00610838	1
0	0.42125675	1
0	0.948044	0
1	0.9811389	0
0	0.16631071	0
1	0.95139706	0
0	0.007057009	1
0	0.006330017	0
1	0.9643672	1
0	0.7200872	0
0	0.025291683	1
0	0.010906956	0
0	0.025344577	0
0	0.034920245	1
0	0.044217568	1
0	0.035720374	0
0	0.46309057	0
0	0.001507965	0
1	0.802856	1
1	0.986723	0
1	0.95837355	0
0	0.060989693	0
0	0.48054406	1
0	0.41289648	1
1	0.980838	0
0	0.015392079	0
1	0.90107346	0
0	0.003357483	1
0	0.65638655	0
0	0.6757861	1
1	0.62712175	1
0	0.01490831	0
1	0.8425536	0
1	0.9042049	1
0	0.10308839	0
1	0.9971732	1
0	0.7400512	1
0	0.002097904	1
1	0.9756859	1
0	0.03871203	0
0	0.001395157	1
0	0.4253386	1
1	0.9476838	0
1	0.67994654	0
0	0.006564697	1
0	0.008493009	0
1	0.9082091	1
0	0.10795429	1
0	0.002093011	1
0	0.005081249	1
1	0.98147297	1
0	0.4398896	0
0	0.005590413	1
1	0.8607147	1
1	0.99651635	0
0	0.013118042	1
0	0.058007862	1
0	0.017093591	1
0	0.023636945	1
0	0.050670754	1
1	0.7682724	0
1	0.9856734	0
1	0.055560723	0
1	0.6102396	1
0	0.027817922	0
0	0.013133948	0
1	0.7531192	1
0	0.001352677	0
0	0.53324246	1
0	0.0064417	1
0	0.002467874	1
1	0.9812445	0
0	0.12905744	1
0	0.20138662	1
1	0.98071104	0
0	0.0272721	0
1	0.7730164	0
0	0.018749816	1
0	0.39678612	0
0	0.14015727	1
1	0.954225	1
0	0.004703383	0
0	0.000994477	1
0	0.17656703	1
0	0.29543114	1
0	0.003754507	1
0	0.003753168	1
0	0.004085799	0
0	0.11002284	1
0	0.42619842	0
0	0.28402594	0
1	0.93334943	1
1	0.31218055	0
0	0.023710925	1
1	0.5395455	1
1	0.99293834	1
1	0.9485649	1
0	0.10021454	0
1	0.75772166	0
1	0.36239144	0
0	0.8052222	0
0	0.068468474	1
0	0.03452579	1
1	0.97997254	0
0	0.006937613	1
0	0.41934082	0
0	0.7202304	1
1	0.83986324	1
1	0.1775747	0
0	0.025708284	0
0	0.14758271	0
1	0.93928385	0
0	0.06588742	1
0	0.017644348	0
0	0.17541954	1
0	0.010958968	0
1	0.9712842	0
0	0.001206452	0
0	0.006475287	0
0	0.017104834	0
0	0.37126493	0
0	0.006966712	1
0	0.032847293	1
1	0.7910564	1
0	0.35693872	1
1	0.7846399	1
0	0.5768458	1
1	0.95708185	0
0	0.003159621	0
1	0.92439204	1
1	0.7228155	0
0	0.005298323	0
1	0.9177488	0
1	0.8308198	0
0	0.007062357	0
1	0.99410737	1
1	0.9889904	0
1	0.9591123	1
1	0.9394314	0
0	0.18526624	1
0	0.05027965	0
0	0.001544511	1
1	0.9258743	1
1	0.74210525	1
0	0.5724534	0
0	0.15774381	0
0	0.018412273	0
1	0.95939827	1
1	0.9068474	1
0	0.04223698	1
1	0.72734606	0
1	0.9830925	0
0	0.11204265	1
0	0.11939482	0
1	0.93459326	0
0	0.013965583	0
0	0.020616539	1
0	0.20340125	0
0	0.005208531	1
0	0.06916063	1
1	0.72294474	1
1	0.37421653	1
0	0.64959335	1
1	0.73877	0
0	0.001385743	1
0	0.006030684	1
1	0.80612165	0
0	0.028123444	1
0	0.3423695	0
1	0.84932464	0
1	0.9929636	1
0	0.018182067	0
1	0.858646	1
0	0.13034478	0
0	0.003798578	0
1	0.33067596	1
0	0.005560048	0
0	0.95260715	1
0	0.5356974	0
0	0.003662381	0
1	0.99793744	0
1	0.85359746	0
0	0.007129103	0
0	0.034252133	0
0	0.001046779	0
0	0.022016792	0
0	0.002046871	0
0	0.000480529	1
1	0.98441654	1
0	0.002458625	1
0	0.008711372	0
0	0.014617737	0
0	0.004872784	0
0	0.7812154	0
0	0.7318578	0
0	0.20681657	1
1	0.7403475	0
1	0.99341524	0
1	0.7144577	1
1	0.9888283	1
0	0.11671344	1
0	0.019878246	0
0	0.015365147	0
0	0.5573861	0
0	0.009144918	1
0	0.47200686	1
1	0.9210739	1
0	0.011356985	0
0	0.1964282	0
1	0.9343113	1
1	0.8468389	1
1	0.92285967	0
1	0.9968464	1
1	0.9589557	0
1	0.91562337	1
0	0.004913536	1
1	0.577347	0
1	0.9055118	1
0	0.001328691	0
1	0.98405635	1
0	0.123706706	1
0	0.010375518	1
1	0.7652586	0
1	0.9973068	0
1	0.82979035	1
0	0.01273805	0
1	0.5121208	1
1	0.9577179	1
0	0.006307024	1
0	0.12234803	0
0	0.55502796	1
0	0.04244391	0
1	0.86208576	0
0	0.002839871	1
0	0.048927028	0
1	0.9737109	0
0	0.14485581	1
0	0.6557469	0
1	0.62101793	0
0	0.010294785	0
0	0.14465071	1
0	0.1281499	1
0	0.5716709	1
1	0.94384664	0
1	0.84637994	1
0	0.194198	1
1	0.95394695	0
0	0.1294286	1
1	0.40255213	0
0	0.00993799	1
1	0.9590967	1
0	0.11604179	0
0	0.42171767	1
1	0.9567552	1
0	0.002951221	0
1	0.3186695	0
0	0.002930029	1
0	0.015767414	0
1	0.90038407	1
1	0.9967231	0
1	0.97715306	1
0	0.18456213	0
0	0.06807886	0
0	0.001619084	1
0	0.005877228	1
0	0.007564487	1
0	0.11266032	0
0	0.29321176	1
1	0.790868	1
1	0.9664606	1
0	0.002981676	0
1	0.7752803	1
1	0.9969572	1
0	0.024348477	1
1	0.8902195	1
0	0.001246099	1
0	0.004106073	1
0	0.005066275	0
1	0.7619326	1
0	0.39683953	0
0	0.16463795	1
0	0.002742025	1
0	0.02624429	0
0	0.007109318	0
0	0.91454804	0
1	0.46543214	1
0	0.004243775	1
0	0.42740345	1
0	0.004497157	0
0	0.15663818	1
1	0.26576766	0
1	0.9672442	1
1	0.47815418	1
0	0.024914037	1
0	0.008947155	0
0	0.07713263	1
1	0.89923424	0
0	0.23114549	0
0	0.004161398	1
0	0.003055122	1
0	0.005356217	1
1	0.86637497	0
0	0.0956382	1
1	0.6865196	1
0	0.80166745	0
0	0.03467622	1
0	0.005086703	1
1	0.9972134	0
0	0.09736171	1
0	0.3927617	1
1	0.72707367	1
0	0.024082948	1
0	0.4436982	1
0	0.005663868	0
0	0.013479514	1
0	0.71830195	1
0	0.024520727	1
0	0.1665348	0
1	0.8640006	1
0	0.4335409	1
1	0.3038855	0
0	0.002365642	1
0	0.001074661	1
0	0.001554007	0
0	0.021755204	1
0	0.011293903	0
1	0.9972783	1
0	0.004684708	0
1	0.9702459	1
1	0.97819805	1
0	0.021205116	1
1	0.43818036	1
1	0.72312945	1
1	0.8355907	1
0	0.003891572	1
1	0.7523395	0
0	0.5664361	1
1	0.61257786	1
1	0.81998754	0
1	0.73019236	0
0	0.012108774	1
0	0.03379877	1
1	0.943947	0
0	0.048978698	1
0	0.004857394	1
0	0.003814032	1
1	0.6555452	0
0	0.57422984	1
1	0.9973992	0
0	0.35742834	1
0	0.009111592	1
1	0.97950315	1
1	0.8424861	1
0	0.003946766	0
0	0.6129863	0
1	0.86301243	1
0	0.28187427	0
0	0.015954494	0
0	0.028728843	0
1	0.99690044	0
0	0.5261467	0
0	0.001996624	1
0	0.008367327	1
1	0.9454226	0
0	0.026978498	1
1	0.80766416	1
0	0.3473398	1
0	0.094357036	1
1	0.9374527	1
1	0.98944527	1
0	0.516099	0
0	0.004359521	1
1	0.8983541	1
0	0.002516609	0
1	0.95552385	0
0	0.000460725	0
1	0.9855538	1
1	0.86019534	0
1	0.9471584	1
0	0.16757566	0
1	0.94507545	0
0	0.017225964	0
0	0.024894046	0
0	0.007071257	1
0	0.29096115	1
0	0.039020095	1
1	0.9610704	1
0	0.011155354	0
0	0.011473035	1
0	0.21810617	0
1	0.9977245	0
0	0.000827261	0
1	0.89453363	1
1	0.97237486	1
0	0.10078049	1
0	0.06913574	1
1	0.9885816	0
0	0.087207355	1
0	0.6626342	0
1	0.28466958	0
1	0.69894373	1
1	0.78842443	1
1	0.99769646	0
0	0.13238247	1
0	0.101885706	1
1	0.9981014	1
1	0.574389	0
0	0.062233694	1
1	0.9417821	0
0	0.047487725	1
1	0.31137082	0
0	0.010801205	1
0	0.028548338	0
1	0.99872154	1
0	0.109964825	0
0	0.004063199	1
1	0.9855122	0
0	0.36755982	0
1	0.9970547	1
0	0.000614034	1
1	0.6167547	1
1	0.8697788	1
0	0.1010803	1
0	0.57603425	0
0	0.000795049	0
1	0.044023596	0
0	0.21786693	1
1	0.99502534	0
0	0.33619434	0
0	0.3655606	1
0	0.011151273	1
0	0.016058007	1
0	0.018419502	1
1	0.9422609	0
0	0.002319135	0
0	0.036124747	1
0	0.026311638	1
0	0.66494274	0
0	0.68240434	0
0	0.07116365	0
1	0.5961855	1
1	0.56906444	1
0	0.3883596	0
0	0.03976062	0
1	0.99293786	1
1	0.95301515	0
0	0.05757897	1
0	0.046759482	0
1	0.23559104	1
1	0.072574645	0
0	0.038880326	1
1	0.9699924	1
0	0.024424097	0
1	0.97705555	1
1	0.73593926	0
0	0.001586965	1
1	0.123889625	0
0	0.10155726	0
1	0.9412598	0
1	0.963655	0
0	0.002839832	1
0	0.2997227	0
1	0.99035347	0
0	0.013117708	1
0	0.8459357	1
0	0.002636747	1
1	0.8106081	0
0	0.044523317	1
1	0.8812792	1
0	0.7210182	0
0	0.046789695	1
1	0.6592663	1
0	0.004177429	0
1	0.76564854	1
1	0.7149913	0
1	0.7833642	1
0	0.002352681	1
0	0.36789948	0
1	0.717664	0
1	0.36848086	0
0	0.011947626	0
0	0.26014414	1
0	0.002896509	1
1	0.884256	0
0	0.006575699	0
0	0.27683	0
0	0.55540997	1
0	0.041838013	1
1	0.7955612	1
0	0.19266215	1
0	0.7031156	0
1	0.9635477	1
1	0.88532466	0
0	0.006472281	0
0	0.4092289	1
1	0.105087966	0
0	0.011942004	0
1	0.10564096	0
0	0.02790053	0
0	0.034044683	1
0	0.05353366	0
1	0.9381864	1
0	0.000836874	1
0	0.002492665	1
0	0.014653083	0
0	0.023267621	1
1	0.089989856	1
0	0.08477756	1
1	0.6828059	1
0	0.15775189	1
0	0.007800381	1
0	0.006022488	0
0	0.019824091	0
1	0.94089407	0
1	0.8400043	0
1	0.8234644	1
1	0.8043923	0
0	0.74774027	0
0	0.002074654	0
0	0.5722111	0
0	0.009154658	0
0	0.009611078	0
0	0.005564711	0
1	0.9595002	0
1	0.98109263	0
0	0.29386783	1
1	0.23757619	0
1	0.93588597	1
1	0.86400115	0
0	0.50771934	1
1	0.97511905	0
1	0.9237108	1
1	0.9523396	1
0	0.006235489	1
1	0.70601004	0
0	0.11182518	0
1	0.9789601	1
1	0.9982765	1
1	0.9143166	0
0	0.35143128	0
1	0.88211524	0
0	0.039941993	0
1	0.8575236	1
0	0.004379976	0
0	0.016771574	0
0	0.005198277	0
1	0.84125096	1
1	0.83707815	0
0	0.012517247	0
0	0.00374654	1
0	0.38331133	1
0	0.014938655	0
0	0.009067998	1
0	0.12727141	0
0	0.6997203	0
0	0.7360643	1
1	0.9214518	1
0	0.015352982	1
0	0.1435066	0
1	0.7194628	1
0	0.43603414	0
0	0.010877058	0
1	0.96761394	1
1	0.9906204	1
1	0.12219172	0
0	0.00629144	1
0	0.030756652	0
0	0.004263782	1
1	0.85299915	1
0	0.7371187	1
0	0.12883689	0
0	0.007746878	0
1	0.97524035	0
1	0.7221488	1
1	0.89622724	0
0	0.01431105	1
1	0.8088624	0
1	0.9798252	1
1	0.98494625	0
0	0.31084692	0
0	0.027243312	0
0	0.009086476	0
0	0.03558108	1
1	0.3317075	0
0	0.046554007	1
0	0.00811083	0
0	0.003664779	0
1	0.9586893	1
1	0.99312675	0
0	0.004945761	1
1	0.7086878	0
1	0.5662896	0
1	0.88324815	1
0	0.802348	1
0	0.03039457	0
1	0.9197312	0
1	0.97128516	0
1	0.96507305	0
1	0.99837446	0
0	0.62488014	1
0	0.004413217	0
1	0.032687016	0
1	0.9109032	0
1	0.95798135	0
1	0.8999347	1
0	0.028346226	1
0	0.013622052	0
0	0.579131	1
0	0.016255166	1
0	0.001572482	1
0	0.0101932	0
0	0.014721322	0
1	0.8972118	1
0	0.002087745	0
0	0.29700148	0
1	0.9563281	1
1	0.6507768	0
1	0.9352861	0
0	0.001269904	1
0	0.001933187	1
1	0.75466114	0
0	0.002090001	0
0	0.020496044	0
0	0.021936126	0
0	0.32414746	1
0	0.067802586	1
0	0.10928989	0
0	0.007540201	1
1	0.88680196	1
0	0.020111823	1
0	0.24755543	1
0	0.012951561	1
0	0.011023532	1
0	0.007015608	0
0	0.02297958	0
0	0.63020164	1
0	0.044656664	1
0	0.000428458	0
0	0.11508395	1
0	0.009024496	0
0	0.2852025	0
1	0.9822655	0
1	0.8278337	1
0	0.4514335	1
1	0.76127505	0
0	0.030274179	0
0	0.34472516	0
1	0.8137808	1
1	0.96195376	1
1	0.8718364	1
1	0.78218275	1
0	0.003391965	1
0	0.07185206	0
1	0.97155535	0
0	0.34400508	0
1	0.6910924	1
0	0.68538976	1
0	0.027752172	1
0	0.006643356	1
1	0.64743274	1
0	0.016536	0
0	0.006773815	0
0	0.059272725	1
0	0.003551832	0
0	0.25854564	0
0	0.002416487	1
1	0.93502253	1
0	0.01783755	0
1	0.9976688	1
0	0.011892946	1
1	0.97933275	0
1	0.64905906	0
0	0.02616397	1
0	0.022933543	1
0	0.007418075	1
0	0.001799636	0
1	0.76448774	1
1	0.96129125	1
1	0.37723204	1
0	0.005301819	0
0	0.49927306	1
0	0.003164341	1
1	0.9736626	1
0	0.32648072	0
0	0.037134815	1
0	0.042347394	0
0	0.008287714	0
1	0.614399	1
0	0.75237286	0
0	0.44502002	1
1	0.97378176	0
0	0.006755629	0
1	0.9906007	0
1	0.9283134	1
0	0.15314901	0
0	0.026325349	0
0	0.00451482	1
0	0.060492687	0
0	0.34878227	0
1	0.91570705	0
1	0.73731047	1
0	0.003970846	1
0	0.005925938	1
0	0.77561826	0
0	0.050058596	0
0	0.005857972	0
0	0.4152487	0
0	0.1728175	0
0	0.003806861	0
0	0.022726709	1
1	0.99046904	1
0	0.006668126	0
0	0.43279135	1
1	0.9985135	1
1	0.9922969	0
0	0.005925275	0
0	0.041894495	1
0	0.007148235	1
0	0.035783675	1
1	0.15212807	0
1	0.992134	1
1	0.8561046	1
0	0.14646894	0
0	0.6634232	0
1	0.56209236	0
0	0.005961481	1
0	0.14392188	1
0	0.004025603	0
1	0.87649727	0
0	0.005514363	0
0	0.70036054	1
1	0.99797934	0
0	0.006918392	0
0	0.001505243	1
0	0.002508235	1
0	0.6344334	0
0	0.06744411	1
1	0.7874542	0
0	0.003816637	1
1	0.98388785	0
1	0.97280437	1
1	0.9971288	1
0	0.037535775	1
0	0.6052964	0
1	0.3587869	0
0	0.001793469	0
0	0.016344167	1
0	0.011813877	1
0	0.070087165	1
1	0.34647477	0
0	0.3393245	1
0	0.000675935	0
0	0.005072338	0
0	0.04563659	1
0	0.030542854	1
0	0.006795294	0
0	0.002071019	0
0	0.4537812	1
0	0.012556256	0
0	0.0982434	1
1	0.6779992	1
0	0.5943948	1
0	0.006205052	0
0	0.36877602	1
1	0.8987863	1
0	0.041026354	1
0	0.798194	0
1	0.97322255	0
1	0.99321544	1
0	0.002556772	0
0	0.021580756	0
0	0.032970507	1
0	0.40836123	0
0	0.002456344	0
0	0.004088361	0
1	0.655438	1
1	0.8997624	1
0	0.039410114	0
1	0.96858484	1
0	0.7216526	0
0	0.34200767	1
0	0.003957061	1
1	0.9557609	0
1	0.665714	1
1	0.9328472	0
1	0.9906116	0
0	0.016398855	0
1	0.9805485	0
1	0.037293248	0
1	0.948426	0
0	0.001781782	1
1	0.9743212	1
1	0.88937443	1
0	0.002192454	0
1	0.76639354	1
0	0.014820463	0
0	0.028909435	0
0	0.6154073	1
0	0.020078894	1
0	0.004979916	0
0	0.10090209	0
0	0.14524628	0
0	0.031335842	1
1	0.87368286	0
0	0.001318991	0
1	0.98682564	1
0	0.005293731	1
1	0.80843145	0
1	0.96255475	1
1	0.7897073	1
0	0.16063495	1
0	0.038248323	0
0	0.031189185	0
0	0.1415973	1
0	0.01880821	1
0	0.007886233	0
1	0.94856006	1
0	0.004288129	1
0	0.74790734	1
1	0.9849337	0
0	0.04730601	1
0	0.56789273	1
1	0.9977064	1
1	0.99037254	1
0	0.5921767	1
1	0.19127934	1
0	0.42326134	1
1	0.99268275	0
1	0.8866123	0
0	0.05197367	0
0	0.049325585	1
1	0.24463312	0
1	0.95714366	0
0	0.3434839	1
1	0.5455368	1
1	0.9304094	0
0	0.15368621	1
0	0.01513141	1
1	0.9936399	0
1	0.9924844	0
0	0.037477087	1
0	0.003511722	1
1	0.6054965	0
0	0.009203577	1
0	0.015561717	0
0	0.015739473	0
1	0.9218516	0
0	0.05707272	1
0	0.00126015	1
0	0.009643917	0
1	0.99406105	0
1	0.96855867	1
0	0.36521095	0
0	0.8949038	0
0	0.013271446	0
1	0.9391974	1
0	0.05730402	0
0	0.011827886	0
0	0.002986667	0
0	0.011318838	0
0	0.022199247	0
0	0.1738098	1
0	0.006145319	0
0	0.004977599	1
0	0.011738602	0
0	0.37063143	0
0	0.047069095	0
0	0.004293917	0
0	0.081887856	0
0	0.122649394	0
0	0.2870101	1
1	0.9979613	1
0	0.014138676	1
0	0.083479404	0
0	0.042040817	0
0	0.07094684	1
0	0.035660665	1
1	0.9803995	1
1	0.8466129	0
0	0.11148114	0
1	0.7034181	0
0	0.022373144	1
1	0.062642865	0
1	0.8588626	1
1	0.81854516	1
0	0.02744378	0
1	0.97995114	1
0	0.024569664	1
0	0.5016062	1
1	0.9939282	1
0	0.045024585	1
0	0.17507498	0
0	0.4385472	0
0	0.005695294	0
0	0.002975765	1
0	0.005848849	1
0	0.1264826	1
0	0.4064545	1
0	0.025504068	0
1	0.9941949	0
0	0.025607424	0
1	0.41009727	0
0	0.44165698	1
1	0.72265536	1
0	0.5214024	0
0	0.034076545	0
1	0.6246325	0
1	0.9106062	0
0	0.01485117	1
0	0.10084299	0
1	0.6934411	0
0	0.16731116	1
0	0.12342239	0
0	0.017957907	1
0	0.15214792	0
0	0.024149664	0
1	0.9574843	1
1	0.9899879	1
0	0.022126434	0
0	0.019431546	0
0	0.4028406	0
0	0.090764046	0
0	0.21480104	0
0	0.27408084	1
0	0.00328442	1
1	0.8881906	1
0	0.2629994	0
1	0.839786	1
1	0.964744	0
1	0.97406036	1
1	0.95668954	1
0	0.010528058	1
1	0.98924506	0
1	0.98577744	1
1	0.912048	1
1	0.75908333	1
1	0.9847425	1
1	0.6665953	0
0	0.236025	1
0	0.012255156	0
0	0.021932993	1
1	0.94149286	1
0	0.00284362	1
0	0.003595769	1
0	0.28359887	0
1	0.9034904	0
0	0.06325302	1
0	0.091221444	1
0	0.004848515	1
0	0.00175688	0
0	0.00613353	1
1	0.9100868	1
1	0.9968946	0
1	0.6768721	0
0	0.06369597	1
1	0.7513686	0
0	0.013049347	0
1	0.7340554	1
1	0.6740733	0
0	0.009190172	0
0	0.30870885	0
1	0.8238413	0
1	0.91000795	0
0	0.00295985	1
1	0.7497847	1
0	0.16238846	1
0	0.23965359	1
1	0.13842665	0
0	0.001703241	0
1	0.36769047	1
1	0.74524677	1
1	0.9813787	0
1	0.9807311	1
1	0.10282169	0
0	0.053768158	0
0	0.040642418	1
0	0.023108745	1
0	0.004002066	0
0	0.10971236	1
0	0.006875291	0
0	0.003300503	1
0	0.018086493	1
0	0.011320295	0
0	0.87791145	0
0	0.16047177	0
1	0.880517	0
1	0.8639733	1
0	0.015794875	0
0	0.002791363	0
1	0.9663017	0
0	0.33565968	0
1	0.09685443	0
0	0.008229292	1
0	0.002496342	1
1	0.9622456	0
1	0.72298604	1
0	0.01304301	1
1	0.6084216	0
0	0.003687573	1
0	0.016315889	0
0	0.2571643	1
1	0.93255115	1
1	0.8458199	1
0	0.002343622	0
0	0.001931991	1
0	0.020468693	0
0	0.019389175	0
1	0.9822833	1
1	0.55269015	0
0	0.49657172	0
0	0.29529232	0
0	0.01479859	0
1	0.9468011	0
0	0.005261262	1
1	0.9968828	0
1	0.99070275	0
0	0.32993594	1
1	0.9920312	0
0	0.006819471	0
1	0.98571175	1
0	0.001740012	0
0	0.008625038	1
0	0.0007882	0
1	0.25131372	1
0	0.1303991	1
0	0.7651737	0
1	0.9985843	0
1	0.6132263	0
1	0.96118957	0
1	0.97108805	0
0	0.24577168	1
1	0.9304475	0
0	0.010908093	1
1	0.9963033	0
0	0.13802636	0
1	0.301038	0
0	0.6802705	0
1	0.91283554	1
0	0.45475298	1
0	0.11430293	0
1	0.83192766	0
0	0.007129485	1
1	0.96643263	0
1	0.48101217	1
0	0.012058795	1
0	0.020718569	0
1	0.92561346	1
0	0.4661358	0
0	0.45973408	0
0	0.3980038	1
1	0.90939474	1
1	0.99017465	1
1	0.53365976	1
0	0.007282749	1
0	0.010194065	0
0	0.5470856	0
1	0.98552775	1
0	0.47468883	0
0	0.21430908	1
1	0.72746986	0
1	0.9965295	0
0	0.05225906	1
1	0.9842555	1
1	0.6796238	1
1	0.9881004	0
0	0.012570818	1
0	0.04340625	0
1	0.9483255	0
0	0.011616409	1
1	0.8513544	1
1	0.88054705	0
1	0.9905273	1
0	0.049669966	0
1	0.63405436	1
1	0.95754844	0
0	0.23214534	1
1	0.97645205	1
1	0.26910362	1
1	0.6595735	0
1	0.7915299	1
0	0.002292605	1
1	0.85610396	1
1	0.96382636	1
1	0.9760317	0
1	0.74167913	1
0	0.00041238	0
0	0.007126438	0
0	0.52528274	1
0	0.006520584	0
0	0.024881763	1
1	0.5693786	1
0	0.00916766	1
0	0.001221366	1
1	0.84573793	1
0	0.053063046	0
0	0.011042642	0
0	0.01183862	0
0	0.21590969	1
0	0.002992785	0
1	0.76212835	1
0	0.10954983	1
0	0.19191371	1
0	0.007034288	0
1	0.93170977	0
1	0.8640899	0
0	0.022378026	1
1	0.97481436	1
1	0.05329613	0
1	0.6312975	0
0	0.040485352	1
1	0.9975183	1
1	0.72876066	0
0	0.19242458	1
0	0.2605126	1
0	0.004233911	0
1	0.9850336	1
1	0.64608365	1
1	0.99797827	0
1	0.9035974	1
0	0.002370211	1
0	0.001737999	0
0	0.082725994	1
1	0.9982492	0
0	0.8155311	0
0	0.013991925	1
1	0.9513836	1
0	0.005773734	0
1	0.965717	0
1	0.10848652	1
1	0.36130825	1
0	0.000962211	1
0	0.53146833	1
0	0.006011381	0
1	0.8877723	1
0	0.09060812	0
1	0.98527527	0
0	0.001922705	0
1	0.97661227	0
0	0.001502202	1
0	0.15377006	0
0	0.01762259	0
1	0.7981264	0
0	0.00704335	1
1	0.71540856	0
1	0.7851664	1
1	0.7305893	0
0	0.016893812	1
0	0.006878072	0
0	0.077611886	0
0	0.008268352	1
1	0.87983555	1
0	0.014036077	0
0	0.006322208	0
0	0.014700705	1
0	0.006740503	0
1	0.7970847	0
0	0.10969385	1
0	0.6067169	0
0	0.43707407	1
0	0.4193264	0
0	0.007751172	1
1	0.9585324	1
0	0.018326923	1
0	0.141545	0
1	0.945636	1
0	0.13896908	0
1	0.9205227	0
1	0.8763405	0
0	0.9140942	0
1	0.75877684	0
0	0.001530084	1
0	0.932986	0
1	0.67588246	0
0	0.005777047	1
0	0.11768592	1
0	0.014637704	0
1	0.6855282	0
0	0.032210708	1
1	0.9280178	1
1	0.9963553	1
0	0.16474988	0
1	0.907686	1
1	0.9822448	1
1	0.882181	1
0	0.41988543	1
1	0.95194596	1
1	0.5721115	0
1	0.7858818	0
1	0.87452906	0
1	0.6928494	1
0	0.37637442	1
0	0.029861873	1
0	0.007576757	1
0	0.18584035	1
1	0.5550292	1
1	0.7444642	1
0	0.15451536	0
1	0.89957327	1
0	0.016467026	0
0	0.74397814	0
1	0.93127733	0
0	0.19349676	1
0	0.004613359	0
1	0.9974226	0
1	0.69203997	0
0	0.5328612	0
0	0.057091225	0
1	0.78748083	1
1	0.86848915	1
0	0.02862683	0
0	0.19050202	0
1	0.2028904	0
1	0.9887011	1
0	0.04900401	0
1	0.4455922	0
0	0.26139382	1
1	0.99302703	1
0	0.1929478	0
0	0.82693166	1
1	0.6946131	1
1	0.74570376	1
0	0.18866561	1
0	0.3473207	1
0	0.00934081	1
1	0.9729462	1
1	0.9925666	1
1	0.9971783	0
1	0.95234066	0
1	0.65147436	1
0	0.050037917	1
1	0.6150347	0
0	0.19718963	1
0	0.012665945	0
0	0.001901432	1
1	0.5337971	1
0	0.08542134	0
0	0.1699241	0
1	0.9358675	1
0	0.006650702	1
0	0.004520693	0
0	0.016428702	1
0	0.0045451	0
1	0.9121917	0
1	0.76206195	0
1	0.6605536	1
1	0.72987956	1
0	0.019709613	0
0	0.010709696	0
1	0.99790144	0
1	0.7919509	1
0	0.20790114	0
1	0.9597001	1
0	0.32611388	0
1	0.9784889	1
0	0.7515856	0
0	0.038317055	0
1	0.9972633	0
1	0.97375304	0
0	0.003309549	0
0	0.28097633	1
0	0.00947742	1
1	0.9880272	1
1	0.7083976	1
0	0.46076953	1
1	0.954005	0
0	0.29961586	1
1	0.65129864	1
0	0.3938343	1
0	0.6074839	1
1	0.8861957	1
1	0.01968975	0
0	0.40128294	0
1	0.19737078	0
1	0.012411932	0
1	0.97246087	0
0	0.038566433	1
1	0.528562	1
1	0.80901086	1
0	0.07539821	1
0	0.003818889	0
0	0.06661048	1
0	0.00553035	0
0	0.002549885	1
0	0.005352905	1
0	0.66763544	1
1	0.9965569	0
0	0.037393443	1
0	0.02773286	1
0	0.52181894	1
0	0.011246905	1
1	0.86186725	0
0	0.050741665	1
1	0.96574926	0
0	0.003148987	1
1	0.9627102	0
1	0.95252794	1
0	0.027966406	0
1	0.7389275	0
0	0.07204338	0
0	0.05759571	1
1	0.98722166	0
0	0.006748875	0
0	0.07516429	1
0	0.004625051	0
0	0.021372737	0
0	0.12089143	1
1	0.9693123	0
0	0.47114646	1
0	0.003574493	1
0	0.5391302	0
0	0.006243463	0
0	0.009024001	0
1	0.918042	1
0	0.002606161	0
1	0.98344165	0
1	0.8664778	1
1	0.6141336	1
1	0.96561205	1
0	0.010421023	1
0	0.002198912	1
0	0.32059866	1
0	0.43805236	1
1	0.840236	0
1	0.52222735	1
0	0.001297889	1
0	0.0217871	1
0	0.0578203	0
0	0.024266453	0
0	0.4555273	0
1	0.97398734	1
0	0.819455	1
0	0.02940898	0
1	0.9782632	1
0	0.000964471	1
0	0.015888197	1
0	0.002324415	1
1	0.94528216	1
1	0.9008317	0
1	0.81901985	1
0	0.007200303	1
1	0.80353504	1
1	0.9884792	0
1	0.9329969	0
0	0.001738579	1
1	0.7934092	0
0	0.00601532	0
1	0.99217075	1
1	0.89932674	1
0	0.7859755	0
1	0.7038077	0
0	0.005074116	0
0	0.006863758	0
1	0.90350455	0
0	0.022328736	0
0	0.005702024	0
0	0.013192978	0
1	0.9953666	0
1	0.7137146	0
1	0.3408379	0
0	0.034696788	1
0	0.004895658	0
0	0.20970584	1
0	0.010969474	1
0	0.2535661	1
0	0.30925488	0
0	0.007742283	1
0	0.61907196	1
0	0.9755363	0
1	0.99795556	0
0	0.00742792	1
1	0.95127994	0
0	0.0185511	0
1	0.6157989	0
1	0.9551334	0
1	0.29677895	1
1	0.75182825	1
1	0.8151483	1
1	0.9739837	1
0	0.098596685	0
0	0.08873797	0
0	0.547632	1
0	0.010875776	1
0	0.6046767	1
0	0.004359914	0
1	0.7349315	1
0	0.39241958	0
1	0.77176183	1
1	0.97205365	0
0	0.00271731	0
0	0.002382961	1
0	0.21081287	1
0	0.5529074	1
1	0.96466756	1
0	0.23475239	0
1	0.9960951	0
0	0.6840504	0
0	0.5594621	1
0	0.53909516	1
0	0.021401884	1
1	0.5695993	0
1	0.9900233	1
1	0.7755534	1
0	0.007983907	1
1	0.9730324	0
1	0.8948936	0
0	0.703074	0
1	0.9588588	0
1	0.9257487	0
1	0.26260945	0
0	0.009163057	0
0	0.40751016	0
1	0.821178	0
0	0.1178412	1
1	0.9195504	0
1	0.6931687	0
1	0.7890113	1
0	0.001520525	1
1	0.9760946	1
1	0.5657631	1
0	0.000511736	0
0	0.019282749	1
0	0.03629668	0
1	0.52088845	0
0	0.001826193	0
0	0.025155028	1
1	0.99457103	0
0	0.011030781	1
1	0.7100417	0
1	0.9769538	0
0	0.019269448	0
1	0.6064791	0
0	0.004617434	0
1	0.005008542	0
1	0.767516	1
1	0.9554614	1
1	0.77046466	0
0	0.016729275	1
0	0.09592642	0
0	0.21273226	1
0	0.14705284	1
0	0.010851913	0
0	0.018937571	0
0	0.015778072	1
0	0.013571064	0
1	0.9312219	0
1	0.8074187	0
1	0.60053706	0
1	0.7564537	1
1	0.7063594	1
1	0.99882287	1
1	0.6956845	1
1	0.9947254	0
0	0.3444884	0
1	0.39063603	0
0	0.038464624	1
0	0.5051742	0
0	0.017021948	1
0	0.042758718	0
0	0.00788285	1
0	0.002388621	1
0	0.14708737	1
1	0.97633773	1
1	0.99206185	0
1	0.9563556	0
0	0.011166474	1
0	0.007698604	1
0	0.00593665	0
0	0.000629588	1
0	0.002952911	0
1	0.76621085	0
0	0.011596487	1
0	0.33606753	1
1	0.98124415	1
1	0.11441181	0
1	0.7361223	1
0	0.007823462	1
1	0.9885129	1
1	0.6531222	0
0	0.006493405	1
1	0.8135889	0
0	0.055421542	0
0	0.002844133	1
0	0.030789817	1
0	0.045968216	1
0	0.001350079	1
1	0.6107304	0
0	0.61232907	0
0	0.47653252	0
0	0.002792904	0
0	0.025700873	1
1	0.99831474	1
0	0.020204406	1
1	0.9595587	0
1	0.095727116	0
0	0.6263375	0
0	0.08274856	1
0	0.04240372	1
1	0.68591887	0
1	0.897665	0
0	0.000455389	1
1	0.21833329	1
0	0.2985579	0
1	0.9526287	1
0	0.22541194	1
0	0.16906789	1
1	0.8241812	1
0	0.042580627	1
1	0.91941047	0
1	0.8956748	0
0	0.029273873	1
0	0.003214135	1
1	0.93221754	1
0	0.008998647	1
1	0.9154536	0
0	0.005709035	1
1	0.7936685	1
0	0.5487259	1
0	0.003721118	0
0	0.05265801	1
1	0.809204	1
1	0.5162918	0
0	0.40252373	1
1	0.55340564	0
0	0.02715158	0
0	0.02435098	1
0	0.18009362	1
1	0.9755288	1
0	0.62527806	0
1	0.7384925	1
1	0.640186	1
1	0.9622976	1
0	0.029223818	0
0	0.90906185	0
1	0.94486994	1
1	0.9249241	0
0	0.015593533	1
0	0.24579261	0
0	0.11098827	0
0	0.01788445	1
1	0.99031585	0
0	0.24057172	1
0	0.1632344	1
1	0.98227274	0
0	0.0979884	1
1	0.93437535	0
1	0.8377541	1
0	0.06215145	0
0	0.005267025	0
0	0.3259858	1
0	0.003204489	0
1	0.70289487	1
1	0.9249163	1
0	0.005967984	1
0	0.001834125	1
0	0.005272756	0
0	0.012779529	1
1	0.9020508	1
0	0.11614427	0
1	0.76220536	1
1	0.9756007	1
0	0.006403821	1
1	0.8339196	1
1	0.92718744	0
0	0.36235052	0
0	0.000945154	0
1	0.96602464	1
1	0.79732066	0
0	0.022513276	1
0	0.45386696	0
1	0.8408081	0
0	0.33371767	0
0	0.004910697	0
1	0.4801851	0
1	0.9674415	1
0	0.004749204	1
1	0.40459177	1
1	0.89555764	0
0	0.019763844	1
1	0.9619504	0
0	0.008274571	1
0	0.047822986	0
0	0.003332644	1
1	0.7508011	0
0	0.00326136	1
0	0.007494674	1
0	0.06842089	1
0	0.001267113	0
0	0.12731217	1
1	0.96662414	1
0	0.4124623	1
0	0.005586501	0
1	0.3470951	1
1	0.8488002	0
0	0.00870405	1
0	0.025398681	1
0	0.068559065	0
1	0.66847533	0
0	0.745084	1
0	0.001212188	1
0	0.003314052	1
1	0.4133618	0
0	0.001843175	0
1	0.97671676	1
1	0.74266165	1
1	0.9607323	1
0	0.5062778	0
0	0.37581116	0
0	0.4874334	0
0	0.001041134	1
0	0.000778208	1
1	0.7554882	0
1	0.9589407	0
1	0.9732621	0
1	0.35053232	1
0	0.5810334	0
0	0.059989966	0
0	0.10634923	0
0	0.000562976	1
0	0.06233166	0
1	0.9834036	1
1	0.5451855	1
1	0.984812	1
0	0.00996572	0
1	0.3340139	0
0	0.008811792	1
0	0.012682122	0
1	0.42199215	0
0	0.005366668	1
0	0.008086284	0
0	0.044674266	0
0	0.00276879	0
1	0.9327584	1
1	0.97354174	0
1	0.90305454	1
1	0.9731469	0
0	0.028408915	1
0	0.01184281	0
1	0.76987505	0
1	0.96051973	1
0	0.001697568	0
1	0.9823069	0
0	0.60896146	1
1	0.9741495	1
1	0.9832624	0
0	0.001858921	0
0	0.1907725	0
1	0.9692253	1
1	0.95375913	1
0	0.009217136	1
0	0.001181948	0
0	0.13988352	0
1	0.37069932	0
1	0.88020426	1
1	0.9689716	0
0	0.020334652	0
0	0.79996103	1
1	0.96252894	1
0	0.006032445	1
1	0.9319176	1
1	0.99674547	0
0	0.013889652	0
1	0.5454808	1
1	0.9844173	0
1	0.5127316	1
1	0.95653486	0
1	0.9974685	1
0	0.2344919	1
0	0.028686829	0
1	0.8257353	0
0	0.063253075	0
0	0.006896783	0
1	0.5919739	0
0	0.007697931	0
0	0.715156	0
1	0.90315175	1
1	0.83892965	1
1	0.941119	1
1	0.935652	1
1	0.35429317	0
0	0.278058	1
1	0.9968279	1
0	0.003940446	0
0	0.025997052	1
1	0.9287622	1
0	0.005913754	0
1	0.98015976	0
0	0.000947498	0
1	0.99121207	0
0	0.019550921	0
0	0.18702284	0
0	0.003373935	0
0	0.000391966	0
1	0.9723307	0
0	0.010885434	0
0	0.10797298	1
1	0.9226943	1
0	0.09294501	0
0	0.003490662	1
0	0.3146955	0
1	0.8676534	1
1	0.89883137	0
0	0.5378593	0
0	0.001671403	0
0	0.019180609	1
0	0.016374545	0
0	0.002346062	1
0	0.002983813	1
1	0.71380806	0
0	0.010718606	1
0	0.01158477	1
0	0.5300392	0
0	0.5130185	1
0	0.1460578	0
1	0.48670834	0
1	0.9719073	1
1	0.9603104	0
1	0.9975817	0
0	0.969981	0
1	0.871039	1
0	0.63109404	0
1	0.6199285	0
0	0.002845964	0
0	0.21403626	0
0	0.19472785	0
0	0.07577083	1
0	0.026408061	0
1	0.20942308	0
1	0.9378403	1
0	0.007717212	0
0	0.41250157	1
1	0.975135	1
1	0.82407403	0
0	0.005276351	0
1	0.49325776	0
0	0.4299825	0
1	0.9940544	0
1	0.95847845	0
0	0.016752187	1
0	0.016035609	1
0	0.14211197	0
1	0.9914048	0
0	0.002997025	1
0	0.010833247	1
1	0.28594056	1
0	0.03323053	0
1	0.86534345	1
1	0.9956131	1
1	0.9964594	1
0	0.013794982	1
0	0.004039931	0
0	0.2053157	1
1	0.099014014	1
0	0.044757	0
1	0.69631934	1
1	0.6397348	0
1	0.91700894	1
1	0.9256305	1
0	0.003617448	0
0	0.001891545	0
0	0.48893586	0
0	0.4164378	1
1	0.96028125	0
1	0.7405903	0
0	0.002890869	0
0	0.31514838	0
0	0.013839327	0
0	0.45758936	1
1	0.8663343	1
0	0.09366643	1
0	0.003771608	1
1	0.792594	1
1	0.6553849	0
0	0.011240013	1
1	0.036118835	0
0	0.061086476	0
0	0.002087932	1
0	0.001384073	0
0	0.8357993	1
0	0.6588217	0
0	0.01610548	1
1	0.7395037	1
1	0.99368745	1
0	0.002113957	1
0	0.033012226	1
0	0.027727425	0
1	0.95715654	0
1	0.96515965	0
1	0.983576	0
0	0.005735854	0
1	0.56464374	0
0	0.010959929	1
0	0.03172358	0
0	0.30925182	1
0	0.7470736	0
0	0.001776416	0
0	0.74190325	1
1	0.93728155	1
0	0.002575211	1
0	0.12567528	1
0	0.25071967	1
0	0.7313313	0
1	0.96575314	1
1	0.96250725	0
1	0.84606344	1
1	0.93286425	1
0	0.001449084	0
0	0.01567276	0
1	0.95725745	0
0	0.006569083	1
0	0.009660386	0
0	0.025437089	0
0	0.31779093	1
1	0.17382336	0
1	0.90768224	0
0	0.001147122	0
1	0.5702174	0
1	0.96425337	0
1	0.9925101	1
1	0.60654867	1
0	0.002304464	0
1	0.9263442	0
0	0.02822327	1
1	0.9696436	1
0	0.015230989	1
1	0.8609598	1
0	0.045289107	0
0	0.013593341	1
1	0.47713903	0
1	0.8875626	0
0	0.006379864	0
1	0.35889268	1
1	0.9541862	1
0	0.018235628	0
0	0.07131386	1
0	0.002630713	1
0	0.015701726	1
0	0.04102424	1
1	0.57775956	1
1	0.9872191	0
0	0.027289506	1
0	0.00721671	1
0	0.2612194	1
1	0.7196405	0
1	0.5976976	1
0	0.001260189	0
0	0.010848264	1
0	0.013559987	1
0	0.010231813	0
0	0.5254338	1
0	0.012182788	1
0	0.011478473	0
0	0.002644758	1
0	0.03154889	1
1	0.55535024	0
0	0.5191839	1
1	0.688359	0
1	0.611953	0
0	0.007102798	1
0	0.11361534	0
0	0.08284631	0
0	0.013083628	0
1	0.16622914	1
1	0.8475482	1
1	0.5247795	0
1	0.99224734	0
0	0.48390168	0
1	0.9508111	1
0	0.36442053	0
1	0.9855928	1
1	0.9971054	0
0	0.07884574	1
0	0.009189494	0
1	0.8023891	1
0	0.37152684	0
1	0.19187681	1
0	0.05608325	1
0	0.012065529	1
0	0.06372695	0
0	0.013578088	1
0	0.008077171	1
0	0.000955611	0
0	0.012533307	0
1	0.9325116	0
1	0.83041054	1
1	0.29178	1
1	0.86670625	1
1	0.92500913	0
1	0.5962906	1
1	0.99626666	0
0	0.40333423	1
0	0.001496338	1
1	0.8013718	1
0	0.080768436	1
0	0.009590284	0
1	0.99361175	1
0	0.25562572	1
1	0.87574095	0
1	0.7818691	1
1	0.957569	1
0	0.013857971	0
1	0.9818523	0
0	0.014243781	1
0	0.015739873	1
0	0.57674253	0
1	0.7738728	1
0	0.018248089	1
0	0.001318662	1
0	0.58434755	0
0	0.3353526	0
1	0.75293833	1
0	0.00237412	1
1	0.88755107	1
0	0.003331711	1
0	0.1064494	1
1	0.8464656	0
1	0.8239658	0
1	0.6535679	0
0	0.13680603	1
0	0.10360909	0
1	0.9955059	1
1	0.5497384	0
1	0.8027469	0
1	0.87305933	1
0	0.004359724	1
0	0.009463552	0
0	0.007509085	0
0	0.006939022	1
0	0.070294	1
1	0.47292727	1
0	0.66085297	0
0	0.4353982	0
0	0.002161341	0
0	0.0650401	0
0	0.4177289	1
0	0.7074175	0
0	0.028336022	0
1	0.99111104	1
0	0.2652737	1
0	0.006467536	0
0	0.007772435	0
1	0.65533245	0
1	0.73431426	1
0	0.005069836	1
1	0.77836186	0
1	0.80395555	1
1	0.9615299	1
0	0.037758995	1
1	0.8252244	0
1	0.96459186	0
0	0.01912088	1
1	0.99718577	0
0	0.018914532	0
0	0.082154654	0
0	0.11628355	1
0	0.088295035	1
0	0.00644	1
1	0.9933694	1
1	0.76108545	0
1	0.4984354	1
1	0.67803216	1
1	0.84713537	1
0	0.008848446	0
0	0.002740672	0
1	0.92530257	1
0	0.6088741	0
0	0.07386966	1
0	0.26389635	0
1	0.82768	1
1	0.96661425	1
0	0.022076754	1
1	0.99421185	0
0	0.019449284	0
1	0.92413324	0
1	0.75572246	0
1	0.60533816	1
1	0.96953964	1
1	0.8511039	1
1	0.9106837	0
0	0.029366244	0
1	0.035090268	0
1	0.9922185	1
0	0.009390044	0
1	0.47563246	0
0	0.18171585	0
1	0.99427456	1
0	0.007319857	0
0	0.005048343	0
0	0.000941797	0
1	0.97438794	1
1	0.9948061	1
0	0.012423728	1
0	0.003789194	0
1	0.70835805	0
0	0.013670086	1
0	0.003105099	1
0	0.35373053	0
0	0.025500655	0
1	0.63819516	0
1	0.99724907	0
0	0.03047977	0
0	0.006623125	0
0	0.371562	0
0	0.019082936	1
1	0.982421	0
0	0.002910267	0
0	0.3259539	1
1	0.96804035	1
0	0.01297689	1
1	0.96752924	1
0	0.62453777	1
0	0.17751463	1
1	0.9865202	1
1	0.8998913	0
0	0.014661678	0
1	0.82628	0
0	0.28398287	0
0	0.009258727	1
0	0.000870065	1
0	0.008881461	0
0	0.001062225	1
1	0.9183964	0
0	0.019176975	1
0	0.016056592	0
1	0.9835777	1
1	0.94281566	0
0	0.412153	1
1	0.8560573	0
0	0.006308707	0
0	0.16917627	1
0	0.6281135	0
0	0.002771683	1
1	0.21769044	0
1	0.9370604	0
1	0.95671856	1
0	0.011230573	1
0	0.12147693	1
1	0.7698741	1
0	0.06373826	1
0	0.33484057	1
1	0.9039153	0
1	0.83613425	0
0	0.35528728	1
1	0.7172212	1
0	0.06632597	0
1	0.9961365	0
0	0.019511487	1
0	0.020969644	1
0	0.04267685	1
0	0.19026738	0
1	0.96332884	0
0	0.17142212	1
1	0.9159503	1
0	0.22184573	1
0	0.47020608	0
0	0.001925042	0
1	0.8049362	0
0	0.022765424	1
0	0.110463396	0
0	0.19642304	1
1	0.65242827	0
1	0.99169946	1
1	0.71147406	1
0	0.43702513	0
1	0.9571667	0
0	0.29935902	1
0	0.44943023	0
0	0.009428662	1
0	0.09663619	1
0	0.023068322	1
0	0.005286687	1
1	0.74562067	0
0	0.6622913	1
0	0.489886	0
1	0.62112135	0
0	0.00127884	1
0	0.3149368	1
0	0.69460934	1
0	0.02035908	1
1	0.98934925	0
0	0.002566584	0
0	0.22564001	1
0	0.003693973	0
0	0.014511094	0
1	0.99324894	1
0	0.002682445	0
1	0.96588635	1
1	0.9679291	0
0	0.010743749	1
1	0.43872142	0
0	0.002125372	1
1	0.9733343	1
0	0.07526427	1
1	0.96804583	1
0	0.018139109	0
1	0.9809825	1
0	0.001168063	1
1	0.8696217	1
0	0.009177424	0
0	0.2624674	1
0	0.4721426	0
1	0.9099079	1
0	0.023261419	1
1	0.9983255	1
1	0.9150877	0
0	0.114804626	0
0	0.034925397	1
0	0.001118888	1
1	0.9847423	0
1	0.4715912	0
0	0.008051394	0
1	0.72227347	1
0	0.014729376	1
0	0.28454792	0
0	0.3231392	0
1	0.8923817	1
0	0.006557111	0
0	0.08455373	1
0	0.001405468	0
0	0.011974867	1
1	0.71934557	1
0	0.012544235	0
1	0.91626143	0
0	0.01593724	0
0	0.003173125	0
1	0.88380635	1
0	0.01225814	0
0	0.6545976	0
1	0.58717996	0
1	0.80171365	1
0	0.31477457	0
1	0.94708526	1
0	0.006373	0
1	0.8032347	0
0	0.05420802	1
1	0.941394	0
0	0.015878605	0
0	0.2483472	1
1	0.93914324	1
0	0.012649968	1
0	0.015045809	0
1	0.81416017	1
1	0.99114764	0
1	0.9861645	1
1	0.98515433	1
1	0.9496065	0
0	0.006043024	0
0	0.016308956	1
0	0.000718731	1
0	0.014099686	0
0	0.016225964	0
1	0.96589136	1
0	0.24250944	1
0	0.42375302	1
0	0.012974409	1
0	0.080653936	1
0	0.015886735	1
0	0.07259814	0
1	0.9740735	1
1	0.93269026	0
0	0.3256158	0
1	0.8766165	1
1	0.81569135	1
0	0.16390194	1
1	0.94514596	1
0	0.004628848	0
1	0.9971156	1
1	0.80756986	1
0	0.00340749	1
1	0.9074339	1
0	0.37945127	1
0	0.037543297	1
0	0.073712155	0
1	0.9944412	0
0	0.00879976	0
0	0.20562278	1
1	0.985552	0
0	0.37508413	0
0	0.68767065	1
0	0.06800744	0
0	0.74186295	1
1	0.47258538	1
0	0.015398858	0
1	0.720339	0
1	0.73463756	0
0	0.19541115	0
0	0.15547457	0
0	0.02973869	1
1	0.8116876	0
0	0.33543912	0
0	0.003246058	0
1	0.620751	1
0	0.024278622	0
0	0.001294439	0
0	0.046414237	0
0	0.05611974	1
0	0.023420202	0
0	0.04635824	1
1	0.3147862	0
0	0.31979576	0
0	0.4602428	0
0	0.27802786	1
0	0.00750668	1
0	0.001225067	1
0	0.00617447	0
1	0.37405652	1
1	0.47701988	1
0	0.053669468	1
1	0.7827475	1
0	0.051122833	0
1	0.9520603	0
0	0.02867731	1
0	0.0599233	0
1	0.9473089	1
0	0.01867681	0
0	0.25063777	0
0	0.005273536	1
0	0.86243397	0
1	0.95247495	1
0	0.3707573	1
0	0.06469947	1
0	0.009923742	0
1	0.88089275	0
0	0.05886796	0
0	0.42098624	1
1	0.9851638	1
0	0.05542454	0
0	0.09329925	1
1	0.99567163	1
0	0.049666245	0
1	0.86852777	1
0	0.34151566	0
1	0.98786676	1
1	0.69776505	0
0	0.03839903	1
0	0.006662468	1
0	0.017638728	0
1	0.76544803	1
0	0.40435678	1
1	0.9697883	1
0	0.002955042	0
0	0.017987916	0
0	0.02443304	0
0	0.07506355	0
0	0.058722317	1
0	0.014416605	1
0	0.04089128	1
1	0.7576749	0
0	0.071976356	0
1	0.18964168	0
0	0.003410801	1
1	0.28583068	0
0	0.23663229	0
1	0.9405571	1
0	0.1735623	0
0	0.01021409	1
1	0.99196327	1
1	0.15352832	1
0	0.00070438	1
0	0.31978166	0
0	0.21509373	0
1	0.543797	0
0	0.016617011	0
1	0.9669357	1
1	0.99738675	1
1	0.88461506	0
0	0.05746947	0
0	0.016561927	1
0	0.82372063	1
0	0.003748585	0
0	0.037570443	1
0	0.010115967	1
1	0.27288717	0
0	0.022094047	0
1	0.962947	0
0	0.71176493	0
0	0.90877366	0
1	0.4320308	0
0	0.014378051	0
0	0.006777319	0
0	0.002552405	1
0	0.8155242	0
1	0.9750411	1
1	0.80965054	0
1	0.017911993	1
0	0.034037743	0
1	0.871698	0
0	0.002224087	1
0	0.004469611	0
0	0.12623537	1
0	0.030965907	1
0	0.003653226	1
0	0.73396534	0
0	0.010253116	1
1	0.9342918	1
0	0.86214244	0
0	0.002206831	1
0	0.012460299	1
0	0.8637987	1
0	0.73574716	0
0	0.004585899	0
1	0.9918282	1
0	0.006876219	0
0	0.32965642	0
0	0.03253394	0
0	0.20992392	1
0	0.013845576	1
1	0.7728596	1
0	0.003422524	1
0	0.000972518	1
0	0.64558136	0
0	0.032941844	0
0	0.92374694	0
0	0.22491406	0
0	0.003347998	1
0	0.00620892	0
0	0.06499106	1
1	0.33405992	0
0	0.009072095	1
1	0.5370028	0
1	0.85243946	1
0	0.28573132	0
0	0.004246365	1
0	0.6899308	0
0	0.08273036	0
0	0.003192127	1
1	0.9966073	0
1	0.8052622	0
0	0.24377826	1
0	0.06786111	1
0	0.009312951	1
0	0.02282237	1
1	0.9079097	0
1	0.562754	1
1	0.9385548	1
0	0.044781618	0
0	0.006899622	0
0	0.3217743	1
1	0.65627086	0
1	0.6663776	1
0	0.01676291	0
0	0.007726071	1
1	0.9769325	1
1	0.9867567	1
0	0.18885008	0
1	0.9648071	0
0	0.028636463	0
0	0.8927606	0
1	0.7370733	1
0	0.007570092	0
1	0.2349119	1
1	0.8253267	0
1	0.9965778	0
0	0.01411208	0
0	0.018732248	0
1	0.991	1
0	0.05518381	0
0	0.077189654	0
1	0.99668354	0
0	0.42121395	0
0	0.002237143	1
1	0.74702376	1
0	0.005170698	1
0	0.3356592	0
0	0.15033291	1
0	0.55054003	0
0	0.4401385	0
1	0.9034505	0
0	0.010329898	1
1	0.9000381	1
0	0.002891471	1
0	0.058960386	0
1	0.95727044	1
0	0.08259874	1
1	0.98621017	1
0	0.30346835	1
0	0.6711977	0
0	0.008299428	0
0	0.005039051	1
0	0.16272753	1
1	0.3731552	0
0	0.019220725	0
0	0.11449431	1
1	0.85773104	1
0	0.20221189	1
0	0.011175212	1
0	0.037132677	1
0	0.10350991	1
0	0.007490373	0
1	0.06671478	0
0	0.59299475	0
0	0.2623847	1
0	0.0380893	0
0	0.016758833	0
1	0.4952902	0
0	0.3661181	0
1	0.7226552	0
0	0.11127228	1
0	0.1594307	1
0	0.004596597	0
1	0.97834605	0
0	0.11980536	1
0	0.21333696	0
0	0.7437898	1
0	0.015053323	0
0	0.014695416	1
1	0.99871075	1
1	0.92387605	0
0	0.01599846	0
1	0.77078766	0
1	0.55372834	1
1	0.68974996	0
1	0.99182105	1
0	0.79986346	0
1	0.98223025	1
1	0.3865218	0
0	0.06646303	0
0	0.015822357	0
1	0.97879225	1
0	0.018006245	0
0	0.004933388	0
0	0.003399101	1
0	0.005569439	0
0	0.005545445	0
0	0.2476395	1
1	0.7406445	0
1	0.7714895	1
0	0.011557845	1
1	0.9888264	1
1	0.81958824	0
1	0.7021138	1
0	0.031714246	1
0	0.021754121	1
1	0.9057454	1
1	0.97364694	1
0	0.011814997	1
0	0.87992007	0
1	0.99639744	1
0	0.001894313	1
1	0.97979844	1
1	0.83318764	1
0	0.17230457	0
1	0.95004517	1
0	0.009531854	0
1	0.83579654	1
1	0.974957	1
0	0.22056538	0
0	0.002126961	1
1	0.94280726	1
0	0.028954782	0
0	0.000970918	1
0	0.002541812	0
1	0.96866435	0
1	0.91260046	1
1	0.9975568	0
1	0.82901937	1
1	0.7236422	0
0	0.05194256	1
0	0.14738658	1
0	0.006182446	0
1	0.7070237	0
1	0.63398415	0
0	0.06671007	1
0	0.25464728	0
0	0.6236553	1
1	0.8151471	0
1	0.77636427	0
0	0.88133806	0
1	0.28210568	1
1	0.95211613	1
0	0.2745252	1
1	0.6804339	1
0	0.725057	1
0	0.6910497	0
1	0.99365187	0
0	0.7405921	0
0	0.003916646	0
0	0.003323988	1
0	0.15128246	1
0	0.001935842	1
1	0.9889207	0
0	0.01701519	0
0	0.10833287	1
1	0.99491996	1
1	0.85898143	0
0	0.09001954	1
1	0.9758069	1
0	0.0128573	1
1	0.964205	0
0	0.56704706	1
0	0.3475642	0
0	0.006454322	1
1	0.75492096	0
1	0.48088786	0
1	0.79425234	0
1	0.9957164	0
0	0.051049586	1
0	0.01041997	1
0	0.004389272	0
0	0.014128576	1
0	0.00329555	0
1	0.97870207	0
1	0.9409327	0
1	0.84505934	1
1	0.41785026	1
1	0.58347833	0
1	0.67731804	1
0	0.1406221	0
1	0.40637127	1
0	0.00560037	0
0	0.003410592	0
0	0.5863641	0
0	0.6597424	0
1	0.93512166	1
0	0.029280784	1
0	0.094482146	1
1	0.944362	1
1	0.734667	1
1	0.98236805	0
0	0.004715857	0
1	0.5909422	1
1	0.9639794	1
1	0.79097295	1
1	0.82291186	0
0	0.005139489	0
0	0.024070354	0
0	0.013148585	1
1	0.94919926	0
0	0.007560604	1
0	0.00596125	0
1	0.99630404	1
1	0.81035525	0
0	0.000781643	1
0	0.002033126	1
0	0.94959635	0
0	0.012214298	1
0	0.001066555	1
1	0.98360217	0
0	0.3802555	0
0	0.668063	1
0	0.00831147	0
1	0.5222159	0
1	0.051991295	0
0	0.219505	1
0	0.003067557	0
0	0.026363827	0
1	0.9866775	0
1	0.9916141	1
0	0.08515334	1
0	0.008835659	0
0	0.008914121	1
1	0.9408235	1
1	0.81891924	1
0	0.000970704	0
1	0.91552186	1
0	0.021910295	0
0	0.001798159	1
0	0.5537716	0
1	0.6170183	1
1	0.99274325	0
1	0.36871293	0
0	0.003964747	1
1	0.98147434	1
0	0.13561836	0
0	0.6296365	0
1	0.9805336	1
0	0.15782654	0
1	0.99640393	0
1	0.7594109	0
1	0.92742	0
0	0.24049428	0
1	0.8826193	1
0	0.20081021	0
0	0.000839588	0
0	0.14689302	1
0	0.84833807	0
0	0.007037799	1
1	0.7336565	1
0	0.005568361	0
0	0.050990477	0
0	0.001759407	0
0	0.003616647	1
0	0.004158556	0
0	0.794541	0
1	0.7091582	1
0	0.010213377	1
0	0.32110116	0
0	0.011546753	0
0	0.008796001	0
1	0.4995138	1
1	0.714655	0
0	0.660825	1
1	0.9629581	0
0	0.006538927	1
1	0.97189415	0
0	0.001567902	1
0	0.01331559	1
1	0.99555874	1
1	0.72538954	0
0	0.020582983	0
1	0.97839946	0
1	0.68169427	1
0	0.5168469	0
0	0.20278957	1
0	0.36257726	0
0	0.12788703	0
1	0.9626916	1
1	0.6878044	1
1	0.42668632	0
1	0.9751092	1
0	0.0915067	1
1	0.97797275	1
1	0.49414736	0
1	0.86973304	0
0	0.037800554	0
1	0.6708748	0
1	0.7456563	0
0	0.51379895	1
1	0.9068141	0
0	0.0022231	0
0	0.565376	1
0	0.007286442	1
1	0.970868	0
1	0.9692551	1
0	0.001316764	1
1	0.94066906	1
1	0.94930696	0
0	0.003732187	1
0	0.001855622	0
0	0.002414409	1
0	0.0066954	1
0	0.019433185	0
0	0.7883776	0
1	0.72286886	0
0	0.04220636	1
1	0.72944826	1
0	0.11483238	0
1	0.10785983	1
0	0.012153443	0
0	0.059193317	1
0	0.023916721	0
0	0.006218717	1
0	0.00516478	0
1	0.8291104	0
0	0.001597672	0
0	0.000759088	0
0	0.011263705	1
0	0.001793073	1
1	0.9884449	0
0	0.29032585	1
1	0.9559897	1
0	0.112733915	0
0	0.002639053	0
0	0.26753685	0
0	0.11926473	1
0	0.01068388	1
1	0.9597685	0
1	0.77054965	0
0	0.002472066	1
0	0.031506937	1
0	0.2867024	1
0	0.006386309	0
1	0.17284028	1
0	0.687496	0
1	0.6241142	0
0	0.007548091	0
0	0.47195292	1
0	0.003927555	1
0	0.0048997	1
1	0.27822703	0
1	0.9243635	1
1	0.6326003	0
1	0.9411105	1
1	0.94320524	1
1	0.87678444	1
1	0.39401925	0
1	0.9872443	1
0	0.11616574	0
1	0.9302222	1
1	0.89205796	0
0	0.07550866	0
1	0.9792788	0
1	0.93578315	0
0	0.5323393	1
1	0.60008687	0
0	0.25582322	1
1	0.8643635	0
0	0.008257364	0
0	0.018809492	1
0	0.035525784	1
0	0.009418304	1
0	0.019503657	1
0	0.28068638	0
1	0.98459923	0
0	0.16341405	0
1	0.9847372	1
0	0.13943684	1
0	0.028527489	0
1	0.8614214	0
0	0.14838816	0
0	0.015613741	0
1	0.8418081	0
1	0.9935994	1
1	0.43101475	1
1	0.8625161	0
0	0.40795526	0
0	0.17241672	1
0	0.13880081	0
1	0.8442441	1
0	0.013073092	0
0	0.007468681	0
1	0.4968848	1
0	0.7782223	1
1	0.70765615	0
1	0.99275887	1
1	0.99147195	1
0	0.12450153	1
0	0.008885781	1
0	0.002610371	0
0	0.03388227	1
0	0.0101621	1
0	0.024030868	1
0	0.007328132	0
0	0.012681597	0
0	0.021203037	0
1	0.29831034	1
0	0.07335062	0
0	0.60653096	0
1	0.9071731	1
0	0.019241065	0
0	0.00096156	1
0	0.5295199	0
0	0.001289976	0
0	0.016378747	1
0	0.8275946	0
1	0.5482501	0
0	0.004506927	1
1	0.56641114	0
0	0.5593815	0
1	0.5784656	0
0	0.000980724	1
0	0.011961408	0
1	0.20330028	0
0	0.75098747	0
0	0.050322805	0
1	0.7797531	0
1	0.6756068	1
0	0.001982006	0
1	0.9234936	0
1	0.4798281	1
0	0.03800132	1
1	0.7392327	1
0	0.010728566	1
0	0.005769203	0
1	0.8672402	1
0	0.10847103	1
0	0.014513547	1
1	0.4071244	0
1	0.98714405	1
1	0.75337183	0
1	0.99726117	1
0	0.24877685	1
0	0.058178008	0
1	0.88908625	0
0	0.030801892	1
0	0.18357708	0
0	0.09843049	0
1	0.9755079	1
0	0.012194908	0
0	0.18739499	0
1	0.4655642	0
0	0.025048893	1
1	0.80803686	0
0	0.012383803	1
1	0.77406126	1
0	0.003185247	1
0	0.6837079	1
1	0.70406264	1
1	0.7857291	1
0	0.07616478	1
1	0.99702966	1
1	0.88286275	1
1	0.8879406	1
1	0.99360955	0
1	0.99382085	1
0	0.004079899	0
0	0.004009206	1
0	0.009048182	1
1	0.91241086	0
0	0.02620912	0
1	0.8988167	0
1	0.7652391	1
1	0.5348892	1
1	0.576764	1
0	0.058948636	0
1	0.9608244	1
0	0.001946931	1
1	0.60381806	1
1	0.52349544	1
1	0.7112744	1
1	0.91960627	1
0	0.016553588	1
0	0.13441879	0
0	0.56056565	0
0	0.011991217	0
1	0.91610193	1
1	0.15318832	1
0	0.005821914	0
0	0.028003495	1
1	0.58001953	0
1	0.42384034	0
1	0.94107133	0
0	0.36532313	1
1	0.89654315	1
0	0.003847663	1
1	0.7859819	0
1	0.94207704	0
1	0.9800617	1
0	0.1452684	1
0	0.003333509	0
1	0.7825175	1
0	0.09180889	0
1	0.9978382	1
1	0.9352323	1
0	0.005620684	1
1	0.99661535	1
1	0.99685514	0
0	0.033682577	1
0	0.10622816	0
0	0.6742206	0
0	0.11395473	0
0	0.001732907	1
1	0.9411086	0
1	0.9406666	1
0	0.043338194	1
1	0.9680085	0
0	0.00187181	0
0	0.005542099	0
0	0.05601086	0
1	0.6384651	0
0	0.08044472	0
1	0.6637328	1
0	0.7959695	0
1	0.9896108	0
0	0.05012671	1
0	0.016109062	1
0	0.025816215	0
1	0.9924286	0
1	0.11585269	0
1	0.39686865	0
0	0.001093675	1
0	0.30550992	1
0	0.001044752	1
0	0.2426524	1
0	0.77160215	1
1	0.7494625	1
0	0.024231749	1
1	0.64315563	1
0	0.22211525	0
0	0.009536865	0
1	0.959235	1
0	0.016089924	0
1	0.7327207	1
0	0.28356054	0
1	0.9865254	0
0	0.11080351	1
0	0.002434618	0
0	0.007419455	0
0	0.001367464	1
1	0.6873448	1
0	0.03470565	0
0	0.015051245	1
0	0.007324491	1
0	0.04114799	0
1	0.6983561	0
0	0.003546584	1
1	0.8296851	1
0	0.00608219	0
1	0.93664277	0
1	0.89401317	1
1	0.9207777	1
0	0.58151466	0
1	0.8345686	1
0	0.42640278	0
0	0.003440341	0
1	0.9631026	0
0	0.48054087	0
0	0.006255705	0
1	0.8020366	1
0	0.39987233	0
0	0.04654167	1
0	0.001918252	0
1	0.6050693	0
0	0.003229094	1
0	0.011554129	0
0	0.006463628	1
1	0.9808945	1
0	0.004159186	1
0	0.26719135	1
1	0.01099477	0
0	0.39542383	1
0	0.27982914	0
1	0.96690995	1
0	0.000942956	0
0	0.19831434	1
0	0.00779685	1
0	0.039968867	0
1	0.89896315	1
1	0.990931	1
1	0.69981134	1
0	0.006576715	1
0	0.011360225	1
1	0.94557756	1
0	0.005685799	1
1	0.9859409	0
0	0.09561431	1
1	0.9752705	1
1	0.87044424	0
1	0.69493884	1
1	0.84274143	0
1	0.9890652	0
0	0.11185678	1
0	0.29210624	1
0	0.28904086	0
0	0.020378219	0
0	0.49516475	1
0	0.002237501	0
1	0.819382	0
0	0.16024444	0
0	0.012856284	1
1	0.43120816	0
0	0.001420838	0
1	0.3062984	1
0	0.25896528	1
1	0.9696545	1
0	0.017131928	1
1	0.93841845	1
0	0.011149254	1
0	0.005756252	1
1	0.88946474	0
1	0.18629219	0
0	0.026347242	1
0	0.20961663	0
0	0.018061507	1
0	0.001586638	1
1	0.73767626	0
0	0.040697373	0
0	0.4891616	0
1	0.6500087	1
0	0.003649833	1
1	0.947965	1
1	0.8979005	1
1	0.63447756	0
0	0.5148185	1
0	0.24809001	1
1	0.9587374	1
1	0.918802	1
0	0.17271608	1
1	0.9885471	0
1	0.7199769	0
0	0.011424493	0
0	0.30675364	0
1	0.9919337	1
0	0.06359222	0
1	0.5312444	0
0	0.010022423	1
1	0.62524235	1
0	0.2320151	0
0	0.021683192	1
0	0.25234112	1
0	0.004909208	1
0	0.0644483	1
0	0.09335093	1
1	0.80458915	1
1	0.7013174	1
1	0.99699414	0
0	0.012195622	0
0	0.008731613	0
0	0.009021809	1
1	0.9988752	1
1	0.98825467	0
1	0.5311762	1
0	0.012221474	1
1	0.5861921	1
0	0.006555518	0
0	0.22421429	1
0	0.021315167	0
0	0.05330403	1
0	0.17607228	0
1	0.8072451	0
0	0.33336523	0
0	0.00289687	0
0	0.002862088	1
0	0.008929773	0
1	0.9883802	1
1	0.82275665	0
1	0.82531077	0
1	0.98591983	0
0	0.20495896	1
1	0.64387566	0
0	0.003577293	1
0	0.001494904	1
0	0.001050496	1
1	0.9878471	1
0	0.01922086	0
0	0.302018	0
1	0.96144736	1
0	0.017445402	0
1	0.2813562	1
0	0.137645	1
0	0.002329497	0
0	0.003772142	0
1	0.89444196	0
1	0.89912754	1
1	0.8887759	1
0	0.006803854	1
1	0.5880175	0
1	0.7996404	1
1	0.9530997	1
1	0.89171225	0
1	0.073698595	0
0	0.08992349	0
1	0.9959305	0
0	0.008230476	0
0	0.003402926	0
1	0.9798493	1
1	0.5724144	0
1	0.8711391	1
0	0.000626247	1
1	0.049395617	0
0	0.14545426	0
0	0.00923931	0
0	0.03642043	1
0	0.1511713	0
0	0.006044494	0
0	0.002104958	1
1	0.98332536	1
0	0.19366837	1
0	0.005258021	0
0	0.009445467	0
0	0.104184136	1
1	0.80282974	0
0	0.012385861	0
1	0.9649052	0
1	0.97202355	1
0	0.000917549	1
1	0.9734691	1
0	0.007280701	0
0	0.27792615	0
0	0.006831948	0
0	0.003492925	0
0	0.007116754	1
1	0.9683071	0
1	0.9916824	1
1	0.61552316	0
0	0.078241825	1
0	0.013092621	1
0	0.040457364	0
1	0.99645656	1
0	0.50480205	0
0	0.021784438	1
0	0.9821822	1
1	0.99564457	0
1	0.9710107	1
0	0.010318965	1
0	0.013384623	1
1	0.98813397	1
0	0.021328371	1
1	0.9981956	1
0	0.014021236	0
0	0.11744802	0
0	0.24303779	0
0	0.003471726	1
1	0.90304667	0
0	0.003045602	0
0	0.16925095	1
1	0.5433309	0
0	0.001734923	0
0	0.11591634	0
1	0.71404797	0
1	0.56734353	1
0	0.053847652	1
0	0.061594594	1
1	0.8635583	1
0	0.13360904	0
1	0.6587478	1
0	0.06589779	1
0	0.06989327	1
0	0.022944434	0
0	0.34472468	0
0	0.715932	0
0	0.06319302	0
1	0.7545722	1
0	0.1578688	1
0	0.001416454	1
1	0.96622545	1
1	0.6725757	0
0	0.116850495	0
1	0.9959708	1
0	0.22536214	0
1	0.9002965	0
1	0.9370756	1
1	0.5003445	1
0	0.011347101	0
0	0.081560895	0
0	0.047292043	0
1	0.58940595	0
0	0.00584501	1
0	0.04703326	0
0	0.007252564	1
1	0.9590657	1
0	0.00890658	1
0	0.02201056	0
1	0.9975212	1
0	0.35282645	1
0	0.15178107	1
1	0.90437365	0
0	0.011701581	1
0	0.055472188	0
1	0.9951251	1
0	0.004175951	0
0	0.05808503	0
1	0.8720667	1
0	0.006934427	0
0	0.039058268	1
1	0.7414739	0
1	0.13607411	0
0	0.042141993	0
1	0.96899855	1
1	0.9975388	0
1	0.9982181	1
0	0.004233712	0
1	0.34906363	1
0	0.4525366	0
0	0.52801454	0
0	0.328757	1
0	0.003331206	1
1	0.99768186	0
1	0.6742117	1
1	0.97517866	0
1	0.9707519	1
0	0.010302289	0
1	0.9787015	0
0	0.57956165	0
0	0.2741321	0
1	0.63707405	1
0	0.012346964	1
1	0.9748445	0
1	0.50486505	1
0	0.28943747	1
1	0.06184036	0
0	0.003138456	0
0	0.00048843	0
0	0.006770604	0
0	0.3047102	0
0	0.08825128	1
1	0.68212175	1
0	0.45725828	0
0	0.01930308	0
1	0.9888054	0
1	0.97552335	0
1	0.78936857	0
0	0.010548841	1
0	0.83399785	1
1	0.037749384	0
0	0.002784517	0
1	0.36550125	1
0	0.086670354	0
0	0.3737726	1
1	0.9461952	1
0	0.006400564	0
1	0.84883934	1
0	0.038372826	1
0	0.014574044	0
0	0.008078539	1
0	0.000662786	0
0	0.111881174	0
1	0.97189504	0
0	0.59844685	0
0	0.44526404	1
0	0.67524076	0
1	0.52787364	1
1	0.97713363	0
1	0.9978921	1
0	0.003029282	0
0	0.9946338	0
1	0.83604074	0
0	0.09477574	1
0	0.004452007	1
0	0.006229986	0
0	0.01580525	0
0	0.35767338	0
0	0.014017433	1
0	0.3828585	0
0	0.12789318	0
0	0.10556345	1
1	0.9252517	0
0	0.007895793	0
0	0.011207817	1
0	0.001680471	0
0	0.004925352	1
1	0.8793612	0
0	0.032468732	0
0	0.016382305	1
0	0.012231143	0
1	0.7484221	1
0	0.6121922	0
0	0.012648813	1
0	0.00083495	0
0	0.015190433	0
0	0.022019647	1
0	0.004252339	0
1	0.33640936	0
0	0.035439327	1
0	0.65335166	1
1	0.555045	0
1	0.79949164	0
0	0.061409872	0
1	0.7714267	1
0	0.003070854	0
0	0.00852402	0
0	0.012111364	0
0	0.11529695	1
0	0.43571624	0
1	0.9472869	0
0	0.05042826	1
0	0.017269332	1
0	0.01917802	0
0	0.46086907	1
0	0.96576494	1
1	0.97462	1
1	0.99681973	1
1	0.95578766	1
0	0.024428407	1
1	0.71457535	1
0	0.003336737	1
1	0.84151036	1
0	0.02719764	1
0	0.039424144	0
1	0.7035185	1
0	0.002723602	0
1	0.86043084	0
1	0.9917139	1
0	0.07086604	1
0	0.23775133	0
1	0.99683714	0
1	0.86051595	1
1	0.80947393	1
0	0.20674726	0
1	0.35646027	0
0	0.010066006	1
1	0.74391955	1
1	0.99128634	0
1	0.9766846	0
1	0.77971977	1
1	0.981061	1
1	0.8898392	1
1	0.89866924	1
0	0.012906511	1
1	0.9594325	0
0	0.5599635	0
0	0.48858786	1
0	0.001193015	0
0	0.001261077	1
0	0.073607616	0
0	0.005638034	1
0	0.00592427	1
1	0.58448124	1
0	0.005638638	1
1	0.7804506	1
0	0.069468796	1
1	0.7017163	0
0	0.00429053	1
1	0.86785245	1
1	0.7234221	1
1	0.6583611	0
0	0.001290533	1
1	0.9959144	1
0	0.012013609	1
0	0.006990973	1
0	0.031747416	0
0	0.005145661	0
1	0.8502993	1
0	0.06912466	1
0	0.87682045	0
0	0.001437959	0
0	0.34875244	1
1	0.97812223	1
1	0.9468642	0
0	0.001548215	0
0	0.10970457	1
0	0.17968398	0
1	0.9852356	1
0	0.45283544	1
1	0.692692	0
1	0.80552214	0
1	0.9851929	1
1	0.96517074	1
0	0.022285754	0
1	0.7967561	1
0	0.008081241	0
1	0.6440831	0
0	0.004816664	1
0	0.6992431	0
0	0.07226835	1
0	0.67726254	0
0	0.1206312	1
0	0.14400281	1
0	0.96777356	0
1	0.9659623	1
0	0.010380091	1
0	0.028528694	1
0	0.012230038	0
0	0.1098492	1
0	0.013368268	0
1	0.08770555	0
1	0.9723789	1
0	0.42752367	0
0	0.825919	0
0	0.008994367	0
1	0.8605215	0
0	0.050110854	0
0	0.007885521	1
1	0.8185607	1
0	0.057368994	1
0	0.33380112	1
0	0.08985292	0
1	0.9810385	0
1	0.95616037	1
0	0.027885182	0
1	0.6278026	1
0	0.1364304	0
0	0.002886349	1
1	0.9969253	1
0	0.023115521	1
1	0.97483975	0
1	0.99003017	0
0	0.00128345	0
0	0.001484214	1
0	0.006672252	1
1	0.9213226	1
0	0.26960012	0
1	0.99774843	0
0	0.6190435	0
1	0.4763081	0
1	0.9937627	1
0	0.7308622	0
0	0.011299565	1
1	0.87268674	1
0	0.07497376	1
0	0.013737183	0
0	0.11378699	0
1	0.6499685	0
1	0.98233503	1
0	0.40945557	1
1	0.85852087	0
0	0.008715647	0
0	0.8014667	0
0	0.5792583	1
1	0.90998	0
0	0.057405513	1
0	0.005850732	1
1	0.8584707	0
0	0.002803459	0
1	0.87398374	1
0	0.009115885	1
0	0.022902971	0
0	0.53756607	1
1	0.99792767	0
1	0.9310297	1
0	0.018956885	1
0	0.002186904	1
0	0.2049975	0
1	0.15853602	0
0	0.0128185	0
1	0.95618594	1
0	0.07039648	0
0	0.42579263	0
0	0.45928052	1
0	0.00474779	0
0	0.003086886	1
0	0.005015757	0
1	0.6453918	1
1	0.8449848	1
0	0.55545837	0
0	0.7962022	0
1	0.7857904	1
0	0.005298544	0
0	0.006048752	1
1	0.9192865	1
0	0.31347013	0
1	0.7576316	1
0	0.007131084	1
1	0.13936952	0
0	0.014125608	1
0	0.5428954	1
0	0.023627747	1
0	0.0406647	0
1	0.9618	1
1	0.25106013	0
0	0.07058787	0
1	0.44780397	1
1	0.71892315	1
0	0.73863095	0
0	0.19526817	0
1	0.8078555	1
1	0.46117392	1
0	0.010902836	1
0	0.006287837	1
0	0.012214511	1
1	0.9975188	1
0	0.2673109	0
1	0.6065341	0
0	0.6231218	0
1	0.6835306	1
1	0.8170006	0
1	0.13061485	0
0	0.7923861	0
0	0.2989502	0
1	0.99468625	1
1	0.95309365	0
1	0.881149	0
0	0.029351227	0
0	0.004110288	0
0	0.3531371	1
1	0.6992458	1
0	0.067022644	0
0	0.346661	1
1	0.9673085	1
1	0.6053892	0
1	0.6326852	1
1	0.91370314	0
0	0.007570106	0
0	0.015715152	1
1	0.8092177	1
0	0.021114511	1
0	0.16786876	1
0	0.027551956	0
0	0.34142184	0
0	0.08377914	0
1	0.40957075	0
0	0.005128758	0
0	0.67827773	0
0	0.057584364	0
0	0.001539359	1
0	0.35311884	0
0	0.006524613	1
1	0.9567032	0
0	0.06589216	1
1	0.837647	1
0	0.02748219	1
1	0.7103736	0
1	0.9787377	1
1	0.46897814	1
1	0.99731594	0
0	0.29939073	0
0	0.0458509	1
0	0.010608963	1
0	0.011129295	0
0	0.16658396	1
1	0.84822863	1
0	0.017308552	1
0	0.12669101	1
1	0.931816	0
0	0.09580177	1
0	0.01507338	1
0	0.07653102	1
0	0.014162056	1
1	0.90373313	1
1	0.878235	1
0	0.018260373	1
1	0.9553409	1
1	0.61985195	1
0	0.05221716	1
0	0.018058931	1
1	0.88316953	1
1	0.74979484	0
0	0.002202899	0
0	0.7539624	0
0	0.34307534	0
0	0.015397152	1
0	0.017723296	0
0	0.042423755	1
0	0.004997426	0
1	0.9437939	1
0	0.003715291	0
0	0.118508525	1
1	0.9977876	1
0	0.72856325	1
0	0.009839486	1
1	0.97019404	0
1	0.89801127	1
0	0.016819559	1
0	0.027058372	0
0	0.002288209	1
1	0.94771165	1
1	0.6442691	0
0	0.041457508	1
0	0.001343054	0
0	0.006204723	0
1	0.727592	0
1	0.7221685	1
0	0.02157317	0
0	0.57424927	1
0	0.12966196	0
1	0.98965937	0
0	0.003944841	0
0	0.046501998	0
0	0.00181531	1
0	0.018675938	1
0	0.008417203	0
1	0.96340024	0
1	0.46338874	1
1	0.8167814	0
0	0.011305836	1
1	0.9936998	1
1	0.73227847	0
0	0.005647745	0
1	0.9798365	0
1	0.42443207	1
0	0.22569402	1
1	0.68222934	0
1	0.7656146	1
1	0.867631	0
1	0.28376532	0
1	0.8686012	0
0	0.8363503	0
0	0.010967995	1
1	0.9635317	1
1	0.97318655	1
1	0.9902333	1
0	0.05974461	0
0	0.6703339	1
0	0.002123927	1
0	0.062757365	1
1	0.8161045	0
0	0.00847405	0
1	0.9065092	0
0	0.017533774	1
0	0.004673799	1
1	0.9939904	0
1	0.6765246	0
0	0.007561247	1
0	0.26992142	1
1	0.7076386	1
1	0.89989907	1
0	0.10254351	1
0	0.002493718	1
1	0.8744155	0
1	0.9636325	1
0	0.008001499	1
1	0.8830889	0
0	0.004215332	1
0	0.023521803	1
1	0.2305214	1
0	0.011989822	0
1	0.52273846	0
0	0.009308122	0
0	0.10416262	1
0	0.020028654	1
1	0.99860555	0
1	0.8220283	1
0	0.007897059	1
0	0.00204796	0
0	0.008290046	0
0	0.011342261	0
0	0.037834387	1
0	0.002092592	1
1	0.8735057	0
1	0.24738397	0
0	0.21701664	1
0	0.08798447	0
0	0.004937969	1
0	0.005340281	1
1	0.78697574	1
1	0.93399	0
1	0.6167798	1
0	0.001852498	1
0	0.004357727	1
1	0.81728303	1
0	0.018688438	0
1	0.8071791	0
0	0.01665387	0
0	0.004745281	0
1	0.85177064	1
1	0.98430747	0
0	0.000829935	0
0	0.001795816	0
1	0.6063261	0
0	0.019146573	0
0	0.26318547	0
0	0.6055995	0
1	0.8368264	1
0	0.7813666	0
0	0.029442439	0
0	0.005272084	0
0	0.10241665	1
0	0.67115384	0
0	0.009042249	0
1	0.9589464	1
1	0.8031399	0
1	0.37031436	1
0	0.016955312	0
0	0.620941	0
1	0.61191505	0
0	0.018169925	0
0	0.0519023	1
1	0.9914459	0
1	0.94469285	1
0	0.002176722	1
0	0.5355998	1
1	0.9927088	0
0	0.005725929	0
0	0.030419974	0
0	0.28645846	1
0	0.13135944	0
1	0.59748846	1
0	0.07139843	1
1	0.9950465	1
0	0.003546475	1
0	0.27726084	1
0	0.015378325	0
0	0.010317027	0
0	0.38598686	1
1	0.57205737	1
0	0.026509117	0
1	0.80989605	0
1	0.91811156	1
1	0.99556196	0
0	0.011264868	0
1	0.97180665	0
0	0.016238293	0
0	0.36315736	0
0	0.011766227	1
0	0.069719285	0
0	0.38862604	0
0	0.7383211	0
0	0.009853582	1
0	0.6822075	0
1	0.8896206	1
1	0.87018764	0
1	0.8861439	1
0	0.3308297	1
0	0.47633088	0
0	0.00344243	0
1	0.9014386	1
0	0.023764929	1
1	0.9894086	0
0	0.12057548	0
0	0.003643715	1
1	0.9359194	0
1	0.23719607	0
0	0.081251584	0
1	0.78185564	0
0	0.69625425	1
1	0.9927452	1
0	0.21380687	0
0	0.036269993	1
0	0.00644127	0
0	0.015812935	1
0	0.010067902	1
0	0.019803755	1
1	0.9018659	0
1	0.9959726	1
0	0.003204888	1
1	0.7482011	0
1	0.6925578	1
0	0.005539071	0
0	0.008955895	0
0	0.80492336	0
0	0.003119601	0
1	0.7844693	1
0	0.03859018	1
1	0.7512363	1
0	0.030482987	1
0	0.14059451	0
1	0.99705386	0
0	0.006937764	1
0	0.019311346	1
1	0.22809255	1
1	0.9946261	1
0	0.22636874	0
0	0.18187648	1
0	0.86205906	0
0	0.7809314	1
1	0.86205244	1
0	0.71293855	1
0	0.007769294	0
1	0.7789364	0
1	0.96707946	0
0	0.10324678	1
0	0.010836691	1
0	0.002036104	1
0	0.016414769	1
1	0.9847425	1
0	0.06387468	1
1	0.7212681	0
1	0.8574972	0
0	0.037108727	0
1	0.9953129	1
1	0.9643351	0
0	0.01508308	0
1	0.66671497	0
0	0.011802132	0
0	0.006585796	1
0	0.015530432	1
0	0.7759017	0
1	0.89414805	1
0	0.40284342	1
1	0.99858284	0
0	0.0062813	1
0	0.051371526	1
0	0.07649217	1
1	0.9744907	0
0	0.002533831	1
1	0.9951153	1
0	0.012134652	1
1	0.85010654	1
1	0.9793767	1
1	0.7483823	1
1	0.8475671	1
0	0.09210558	1
0	0.000971692	0
0	0.036125593	1
0	0.003554214	1
1	0.9485566	1
0	0.00851828	0
0	0.017462067	1
0	0.21617535	0
1	0.2099205	0
1	0.98282385	0
0	0.17768756	0
0	0.005949662	0
0	0.67183995	1
0	0.1432208	0
0	0.016395342	1
0	0.008935079	1
0	0.008788816	1
1	0.43917593	0
1	0.23835266	1
1	0.99176675	0
0	0.004580182	0
1	0.6520865	1
0	0.002626227	1
0	0.00249832	1
1	0.7539159	1
1	0.9862163	0
1	0.8014196	0
0	0.015205713	1
0	0.006345954	1
1	0.9354592	1
0	0.007132256	0
0	0.03874551	1
0	0.02598151	1
1	0.43979317	0
1	0.9458537	0
0	0.5966255	1
1	0.92153066	0
0	0.3712428	1
0	0.018385483	0
1	0.9352159	0
1	0.8599936	0
0	0.000908444	0
0	0.000912408	1
0	0.13936897	1
1	0.9722519	1
0	0.004715352	0
0	0.01582315	1
0	0.044252675	0
1	0.4523195	0
0	0.12992164	0
1	0.57448465	0
0	0.006322942	0
0	0.05345453	1
1	0.9869572	0
0	0.013712301	0
1	0.5763576	1
1	0.5878621	1
1	0.7297327	0
1	0.31837964	0
1	0.696169	1
1	0.8862664	1
0	0.028593758	0
1	0.78771245	0
0	0.011175112	0
1	0.60628563	1
0	0.13553756	1
0	0.18516997	0
1	0.7966414	0
0	0.003767727	1
1	0.9792545	1
0	0.002731957	1
0	0.016600057	1
1	0.9833183	0
0	0.008331976	1
1	0.9829873	1
0	0.005876679	0
0	0.03265806	1
0	0.4738296	1
1	0.9596121	0
0	0.019291976	1
0	0.012948679	1
0	0.021160882	0
1	0.82453257	1
1	0.9905229	1
0	0.43163335	1
0	0.001109718	0
1	0.63437515	1
1	0.97234005	1
0	0.001591918	1
0	0.31940487	1
1	0.9161793	0
0	0.03749509	1
0	0.76276326	1
0	0.7660331	0
0	0.7422539	0
0	0.002964424	0
0	0.009786991	1
1	0.75296545	1
0	0.001859079	0
0	0.004903162	0
1	0.57101935	1
0	0.15755288	1
0	0.004971623	1
1	0.9954071	0
1	0.9088785	1
1	0.5382823	0
1	0.99343276	0
1	0.34448197	0
1	0.8790089	1
0	0.018946521	1
0	0.7446849	0
0	0.015144995	0
0	0.010377104	0
0	0.276007	1
0	0.008730883	0
0	0.001433257	0
1	0.51988786	0
0	0.49527854	0
0	0.29612115	1
1	0.9514027	1
0	0.16944455	0
0	0.01416767	1
0	0.16062854	0
0	0.005285762	0
0	0.001275399	1
0	0.005956575	1
1	0.6934546	1
1	0.8953442	0
0	0.04261997	0
0	0.015153782	1
0	0.028751845	1
1	0.9706091	1
0	0.01370515	1
1	0.4909567	1
1	0.95594865	1
0	0.13500777	1
0	0.016115926	0
0	0.014614256	1
0	0.078757755	1
0	0.014420807	1
1	0.615619	1
0	0.0259242	1
1	0.7052855	1
0	0.3803131	0
0	0.16237496	1
1	0.6353163	0
0	0.001863395	1
0	0.004281651	0
0	0.003709444	0
0	0.00069943	1
0	0.005406798	1
1	0.9502039	1
0	0.90077746	0
0	0.05426939	1
0	0.011447825	1
0	0.000727871	0
0	0.003112954	1
0	0.02563787	1
0	0.008203154	1
1	0.8587815	1
0	0.07557446	1
0	0.06628104	0
1	0.7538145	0
1	0.2543097	0
0	0.2423159	0
0	0.38429818	0
0	0.14124385	1
0	0.016108496	0
1	0.26314938	0
0	0.001408378	1
1	0.99851793	1
1	0.55725634	0
1	0.98657334	0
1	0.78300107	1
0	0.014803255	1
0	0.033840865	0
0	0.00085596	0
0	0.013121377	1
0	0.009994477	0
0	0.8545117	0
0	0.015038617	0
1	0.3713387	1
0	0.001202265	1
0	0.013669218	1
1	0.9987165	0
0	0.002605863	0
1	0.9697731	1
0	0.6376473	1
0	0.14357388	1
0	0.011286467	0
1	0.9644556	1
0	0.001885626	0
0	0.00895868	0
1	0.39807987	0
1	0.85785455	1
0	0.09746653	1
0	0.33389583	0
0	0.04824853	1
1	0.9835746	0
0	0.002102337	1
1	0.76089025	1
0	0.18311812	0
0	0.000821912	0
1	0.88288546	0
0	0.029449942	0
0	0.010830238	1
1	0.97677565	0
0	0.00273804	0
0	0.8580454	0
0	0.005634709	1
0	0.011178948	1
0	0.7939635	0
1	0.7952952	0
1	0.6412244	0
0	0.58911437	0
0	0.003158746	0
0	0.011887059	1
0	0.17611633	1
1	0.93648404	1
1	0.8108063	1
1	0.9642129	0
1	0.71474224	0
0	0.19695467	0
0	0.5066655	0
0	0.001869286	1
1	0.9685034	0
1	0.978963	0
0	0.06592088	0
0	0.006547743	1
1	0.80200154	1
0	0.21163836	1
0	0.1742189	1
1	0.95415473	0
1	0.6299584	1
1	0.99253595	0
1	0.5949781	1
1	0.9933343	1
0	0.007425149	1
0	0.3170873	0
1	0.9321443	0
1	0.9727964	1
1	0.9988048	0
1	0.8461275	1
1	0.9968166	0
0	0.008120575	1
1	0.3565628	0
1	0.24999875	1
0	0.007417629	0
1	0.82226825	0
0	0.068220854	1
0	0.58505404	1
0	0.015611939	0
1	0.9903077	0
0	0.007547877	1
1	0.8439031	0
0	0.3852201	0
1	0.37634704	0
1	0.99264103	0
0	0.00103571	1
1	0.9718679	1
0	0.002441335	0
0	0.002531302	0
1	0.5094718	0
0	0.001143219	0
1	0.89482695	0
0	0.9268668	0
0	0.06447553	1
0	0.05746435	0
0	0.003773734	1
0	0.015709754	1
0	0.005397769	0
0	0.8162541	0
1	0.78246707	1
1	0.9676549	1
0	0.001919189	0
0	0.008576152	0
0	0.0656567	0
1	0.2659108	1
1	0.98718715	1
0	0.29051635	1
0	0.016354084	1
0	0.028704872	0
0	0.26120117	1
1	0.9977227	1
0	0.015996713	0
1	0.8240381	1
0	0.000395094	1
0	0.005787422	0
1	0.82958835	1
1	0.87066	1
1	0.6769474	0
0	0.027780615	1
1	0.76504296	1
0	0.058248747	0
0	0.019824829	1
1	0.95626414	1
0	0.00737682	0
0	0.17514995	1
0	0.11588117	1
1	0.97757226	0
0	0.05638567	1
0	0.002071387	0
0	0.00291236	1
0	0.002935363	0
1	0.7874121	1
0	0.008673468	0
0	0.065031484	1
0	0.15297568	1
0	0.054212555	0
0	0.010698314	0
1	0.17455499	0
0	0.13378088	1
1	0.9167958	1
0	0.009081612	1
0	0.16193378	1
0	0.7612887	1
0	0.15831673	1
0	0.007477824	1
0	0.8335233	0
0	0.005357683	0
1	0.87089086	1
0	0.08114657	1
0	0.054000802	0
1	0.7961011	0
1	0.99426985	0
1	0.9738478	0
0	0.6462359	0
1	0.6856444	1
0	0.045877222	0
1	0.959517	0
1	0.44483718	0
1	0.7289649	1
1	0.4459211	0
1	0.72907645	1
0	0.10121378	1
0	0.004006349	0
1	0.80103827	1
1	0.17646821	1
0	0.01829294	1
0	0.001744707	0
1	0.45205635	1
0	0.001689776	1
1	0.8114592	0
0	0.32080907	1
0	0.009902658	0
1	0.6654652	0
0	0.5080584	1
0	0.010472579	1
0	0.000636502	0
0	0.18776062	1
0	0.019890416	1
1	0.74876434	0
1	0.96952796	1
1	0.9662781	1
1	0.9915383	1
1	0.99824846	1
1	0.9746976	0
1	0.9570516	1
1	0.41302013	0
0	0.03462429	1
1	0.9987437	1
0	0.52624685	0
1	0.9774071	0
0	0.00721985	0
0	0.003675744	0
1	0.94785506	1
0	0.008021344	0
0	0.00656881	1
0	0.05220177	0
1	0.4553657	0
1	0.88336664	0
0	0.18443328	0
1	0.73766106	0
0	0.018398052	1
1	0.99710625	0
0	0.09562107	1
0	0.011194112	0
0	0.058286164	1
0	0.08589476	1
1	0.9206088	0
1	0.9907783	0
0	0.23783673	0
0	0.004814642	0
1	0.76501024	1
1	0.640881	0
0	0.007738474	1
0	0.054720957	1
1	0.7934199	0
1	0.989972	0
1	0.9966433	0
0	0.059855327	1
1	0.86019653	1
0	0.37521645	0
0	0.031500276	1
0	0.022534525	1
1	0.7898771	1
0	0.01949843	0
1	0.89771855	0
0	0.23846413	1
1	0.9902299	1
0	0.039574992	1
0	0.031320874	1
0	0.019059198	0
0	0.010262973	1
1	0.37204438	0
0	0.006010016	1
1	0.94504046	0
0	0.7977335	1
1	0.406592	1
0	0.041506775	0
0	0.13965009	1
0	0.027866637	1
1	0.9913539	0
1	0.5108797	0
0	0.002832654	0
0	0.16481413	1
1	0.8380484	1
0	0.026460977	0
1	0.9717333	0
0	0.005097936	1
0	0.003395441	1
0	0.0842253	0
0	0.6779977	0
1	0.76849765	1
0	0.08066832	1
0	0.17976719	1
1	0.994773	0
1	0.7695921	1
0	0.061327413	1
0	0.012399863	1
0	0.7745627	0
0	0.14446028	1
0	0.040362686	0
0	0.004780882	1
0	0.010594224	0
1	0.752231	1
1	0.7011176	1
0	0.19189413	0
1	0.40103078	0
1	0.968398	1
0	0.005065999	1
1	0.91966075	1
1	0.95365936	1
0	0.003136109	1
1	0.9863729	1
0	0.5230101	0
0	0.0294635	0
1	0.9722617	0
0	0.51332676	0
0	0.00402489	1
0	0.013000468	0
1	0.90363604	1
1	0.7736099	0
0	0.36188763	0
0	0.34809983	0
1	0.536824	0
0	0.008371146	1
1	0.97511375	1
0	0.001404642	1
0	0.002387151	1
0	0.002780284	0
0	0.7063665	0
0	0.014182976	0
0	0.46130815	0
0	0.001215895	1
0	0.8323051	0
1	0.46311092	0
0	0.011406525	0
0	0.000927719	0
0	0.009905815	1
0	0.002306168	1
0	0.12936589	0
1	0.9966845	0
0	0.004459381	0
1	0.9593898	1
1	0.99801946	1
0	0.023685368	1
0	0.24014649	1
1	0.8581832	0
0	0.004001638	0
0	0.005887707	0
1	0.9812943	1
0	0.015978476	0
0	0.033863936	1
0	0.60972387	1
0	0.007766611	1
1	0.980573	1
0	0.5747287	1
1	0.9976599	0
1	0.989426	0
0	0.57455945	0
0	0.00509939	0
0	0.001492766	1
0	0.20894685	0
0	0.015336663	1
0	0.055433113	0
1	0.65326965	1
1	0.9641452	0
1	0.72448266	0
1	0.9035745	0
0	0.41980973	1
1	0.7638208	0
0	0.006312378	1
0	0.019375578	1
1	0.84969234	0
0	0.001518637	0
0	0.00816696	1
0	0.009510377	0
0	0.010826146	1
0	0.006107326	1
1	0.4506139	1
1	0.9984565	0
0	0.2517585	0
0	0.02530997	1
0	0.23715883	0
1	0.9972838	1
0	0.002264545	0
0	0.4842274	0
0	0.31606716	1
0	0.051996265	1
0	0.002214567	1
1	0.99276876	1
0	0.015480672	1
0	0.024827477	1
0	0.17328013	1
1	0.89187855	1
1	0.93123627	0
0	0.011556613	1
0	0.954612	0
0	0.009300926	1
1	0.7445465	1
1	0.98416996	0
0	0.07227409	1
0	0.5092015	1
1	0.048366938	1
1	0.058302995	0
0	0.038755305	1
1	0.62203014	0
0	0.005836631	1
1	0.8904573	1
1	0.9626192	0
0	0.010622641	0
1	0.98139083	0
0	0.007996717	0
0	0.010469861	0
0	0.18288465	1
0	0.003132916	1
0	0.01214197	1
1	0.99798644	0
0	0.005971996	0
1	0.9601971	0
1	0.98572284	0
0	0.008341492	0
0	0.08482318	0
1	0.91029155	1
0	0.38705352	1
0	0.03305241	1
0	0.006894223	0
0	0.005687948	1
0	0.016363528	0
0	0.6256559	1
0	0.044705503	1
1	0.96818876	1
0	0.006109474	0
1	0.6471605	1
1	0.558406	0
1	0.952899	0
0	0.025666067	0
0	0.37299177	1
0	0.006695308	0
0	0.05382685	1
0	0.04761035	0
0	0.63083434	0
1	0.3053888	0
0	0.04308156	1
0	0.001088683	0
0	0.044442557	1
0	0.16195194	1
0	0.12236291	0
0	0.08099747	1
1	0.9944654	0
1	0.93327737	0
1	0.29435703	1
1	0.07139147	0
1	0.9605849	1
0	0.018101793	0
0	0.004938731	1
0	0.02102983	1
0	0.00237351	0
1	0.86279684	1
0	0.04826333	0
0	0.24743831	0
1	0.8675987	0
1	0.8489596	0
1	0.9380882	0
1	0.98032117	0
1	0.77994436	0
0	0.019758558	0
1	0.97854644	0
0	0.001073049	0
1	0.95660096	0
1	0.9819339	0
0	0.000762658	1
0	0.00763592	1
1	0.65565586	0
1	0.72935426	0
1	0.49590126	0
0	0.10489963	1
0	0.008719331	0
1	0.8107356	1
1	0.85897833	1
1	0.44856706	0
0	0.004319796	1
1	0.44924557	1
0	0.003133817	1
1	0.41743132	0
1	0.66065764	0
0	0.013322464	1
1	0.78946507	1
0	0.001193359	1
1	0.29345587	0
1	0.9364716	1
0	0.008001526	0
1	0.9697519	0
0	0.014588	0
1	0.5320831	1
1	0.86249065	0
1	0.98653305	1
1	0.82098347	1
0	0.016399425	1
0	0.027426418	1
0	0.005927261	0
0	0.009671167	1
1	0.627547	1
1	0.69208884	1
1	0.5688921	1
0	0.017055955	1
0	0.032414664	0
0	0.003208184	1
1	0.014218595	0
0	0.5697297	1
1	0.28067943	1
0	0.008379664	0
1	0.1147106	0
1	0.2078816	0
0	0.001742459	1
0	0.002727738	1
0	0.003988888	1
0	0.043764375	1
1	0.97549736	0
0	0.01990725	0
0	0.4182183	0
0	0.015401539	1
0	0.0711858	0
1	0.9981438	1
0	0.06623666	0
0	0.011535781	0
0	0.008091242	1
0	0.000852558	1
0	0.007121132	1
1	0.5241263	1
0	0.004925884	0
1	0.7419137	1
1	0.7885039	1
0	0.003652124	1
0	0.4960651	1
0	0.002090714	1
0	0.19553322	0
0	0.09895615	0
1	0.84773624	0
0	0.15819165	0
1	0.9046713	0
0	0.06251196	1
0	0.32248104	0
1	0.5583041	0
1	0.6390547	0
1	0.97285694	1
0	0.047796372	1
1	0.7641608	1
0	0.28057137	0
0	0.005690527	1
1	0.7096723	1
0	0.000886519	1
0	0.11837395	0
0	0.003078758	0
0	0.58855754	1
0	0.21712454	0
1	0.9978466	1
0	0.78204316	0
0	0.010019438	1
1	0.80398804	1
1	0.9866716	0
0	0.003531657	0
0	0.8188223	0
1	0.38328475	1
1	0.9802337	1
1	0.86104316	1
1	0.96448874	0
0	0.022033697	0
0	0.21076354	0
0	0.5287618	0
0	0.014803764	0
1	0.98179674	0
1	0.5380605	0
1	0.8404446	1
1	0.97868013	1
1	0.9969441	0
0	0.007114267	0
0	0.000560049	1
0	0.2582247	1
0	0.021854948	0
0	0.022768373	0
0	0.010613554	1
0	0.035896063	0
1	0.9924064	0
1	0.95593417	1
1	0.16205299	1
1	0.96584666	1
0	0.7734775	1
0	0.057648115	0
0	0.04464201	0
1	0.6595904	0
0	0.004835409	1
0	0.24638462	0
0	0.36868227	1
1	0.49453342	1
1	0.7224676	1
1	0.9821873	1
1	0.97281975	1
1	0.9699905	0
1	0.94547737	0
1	0.8616024	1
1	0.38559136	0
1	0.44561717	0
0	0.02986523	1
0	0.0692858	0
0	0.032456443	0
1	0.92628765	0
0	0.95039743	0
0	0.001332376	1
1	0.7813438	1
0	0.2524164	1
0	0.20510618	1
1	0.7734206	0
0	0.000481428	1
0	0.31600904	1
0	0.21486172	1
0	0.10321715	0
1	0.9847631	0
0	0.11528162	0
0	0.23594953	0
0	0.003029191	1
0	0.006218254	1
0	0.002858276	0
1	0.9928772	0
0	0.8686822	0
0	0.14534245	1
0	0.19806144	0
0	0.21373156	0
0	0.00111522	0
0	0.022821445	0
0	0.09203382	1
0	0.0220792	0
0	0.007551714	0
0	0.070798	0
0	0.48624435	0
0	0.004007154	1
1	0.5276289	1
0	0.00274441	1
0	0.00317268	1
1	0.9838135	1
1	0.74291843	0
1	0.38485432	0
0	0.009925926	0
0	0.05996873	0
0	0.08052219	1
0	0.021470802	0
0	0.004537743	1
0	0.008489898	1
0	0.1878345	1
1	0.95162654	1
0	0.007746134	0
0	0.002481908	0
0	0.3649189	0
0	0.009108196	0
0	0.019294363	1
0	0.04967431	1
0	0.5613047	1
1	0.9234828	0
0	0.49144405	1
1	0.40260494	1
1	0.8580312	0
1	0.3793789	0
0	0.012435697	0
1	0.5385015	1
0	0.010622887	0
0	0.015088677	1
0	0.054087974	1
1	0.55521154	1
1	0.9823627	0
1	0.9731203	0
0	0.001294972	0
1	0.050368696	0
1	0.85291165	1
0	0.027669623	1
0	0.002107928	0
0	0.00139675	1
0	0.22695	1
1	0.99603087	1
1	0.33869794	1
0	0.54253376	1
1	0.9760355	1
0	0.08590064	0
1	0.69414896	1
1	0.9588875	0
1	0.6470149	1
0	0.10483457	1
1	0.8021682	0
1	0.3149322	1
1	0.94654125	0
0	0.004397008	1
1	0.8873752	1
0	0.45685008	0
0	0.024855524	1
0	0.001502942	0
0	0.022191774	1
1	0.7484303	1
1	0.874691	1
0	0.044243682	0
1	0.99060166	1
1	0.9986259	0
1	0.98117334	0
0	0.020206748	1
0	0.024735201	0
0	0.014921025	0
0	0.7724961	1
1	0.99682534	0
0	0.22496012	0
1	0.9555531	0
1	0.5785853	1
0	0.08118967	1
0	0.007994516	0
1	0.23800507	1
1	0.90278715	0
0	0.004436288	1
1	0.8012163	0
1	0.38964567	1
0	0.001018786	1
0	0.83761436	0
1	0.8092963	0
1	0.9475179	1
1	0.971539	0
0	0.006235353	0
0	0.005456306	0
1	0.97322714	1
1	0.8614682	0
0	0.32477868	1
1	0.9193273	0
0	0.43008542	1
0	0.027920406	1
1	0.99792707	1
0	0.035019167	0
1	0.9480558	0
1	0.62420285	0
0	0.006421382	0
1	0.68739784	0
0	0.010850629	1
0	0.020718293	1
0	0.041912243	0
1	0.9902812	1
0	0.008078592	1
1	0.7353864	0
0	0.7028321	0
0	0.47365382	0
1	0.98669726	0
0	0.022573384	1
1	0.9795725	0
1	0.6673799	0
1	0.9488594	0
0	0.6560005	1
0	0.03927509	0
0	0.023615688	0
1	0.83467406	0
0	0.32299936	1
1	0.40319502	0
1	0.9840396	1
1	0.8502761	1
1	0.8439439	1
0	0.40729624	1
1	0.94247097	0
0	0.36311698	1
0	0.0247911	0
1	0.794485	1
1	0.9810161	0
0	0.012148481	1
1	0.8979662	0
1	0.9957885	1
0	0.012005445	0
0	0.007167415	0
0	0.002788906	1
0	0.00568388	0
0	0.013503821	0
1	0.92026395	1
0	0.70175713	0
1	0.8755417	1
0	0.1740447	1
1	0.97840995	1
1	0.9736177	0
0	0.011643448	0
1	0.9974239	1
0	0.026797377	1
0	0.020488072	0
0	0.18299922	1
1	0.99895525	0
0	0.24695085	1
1	0.68906915	1
1	0.6352591	0
